leads_id,phone,gender,datetime
1,01001481472,Female,2/18/2021
2,01225940110,Female,2/21/2021
3,01245935462,Male,2/25/2021
4,01244758384,Male,2/28/2021
5,01109575097,Male,3/3/2021
6,01007112368,Female,3/7/2021
7,01119243061,Male,3/10/2021
8,01170622529,Female,3/13/2021
9,01201313932,Male,3/17/2021
10,01143443877,Female,3/20/2021
11,01243285556,Male,3/23/2021
12,01039453065,Female,3/27/2021
13,01156731781,Female,3/30/2021
14,01203170333,Male,4/2/2021
15,01126819619,Female,4/6/2021
16,01119365396,Female,4/9/2021
17,01179450636,Female,4/12/2021
18,01000186681,Female,4/16/2021
19,01217846545,Female,4/19/2021
20,01066719350,Female,4/22/2021
21,01045946595,Male,4/26/2021
22,01048943037,Male,4/29/2021
23,01226473405,Male,5/2/2021
24,01210838134,Female,5/6/2021
25,01010526726,Male,5/9/2021
26,01132893563,Male,5/12/2021
27,01144952061,Male,5/16/2021
28,01088848957,Female,5/19/2021
29,01204715812,Female,5/22/2021
30,01044906907,Male,5/26/2021
31,01060147193,Female,5/29/2021
32,01268809854,Male,6/1/2021
33,01171383778,Female,6/5/2021
34,01105695153,Male,6/8/2021
35,01212968408,Female,6/11/2021
36,01056631306,Male,6/15/2021
37,01134742660,Female,6/18/2021
38,01297427496,Female,6/21/2021
39,01143031873,Female,6/25/2021
40,01284631429,Male,6/28/2021
41,01114613855,Female,7/1/2021
42,01187011516,Female,7/5/2021
43,01219028060,Male,7/8/2021
44,01038956679,Male,7/11/2021
45,01184489643,Male,7/15/2021
46,01132228531,Female,7/18/2021
47,01295655230,Female,7/21/2021
48,01228708025,Female,7/25/2021
49,01072608197,Male,7/28/2021
50,01032231199,Male,7/31/2021
51,01004943193,Female,8/4/2021
52,01152717674,Female,8/7/2021
53,01042510047,Male,8/10/2021
54,01122274071,Female,8/14/2021
55,01038316640,Male,8/17/2021
56,01078085186,Male,8/20/2021
57,01055746290,Female,8/24/2021
58,01151997424,Female,8/27/2021
59,01041082259,Male,8/30/2021
60,01145855751,Female,9/3/2021
61,01184525716,Female,9/6/2021
62,01288660051,Male,9/9/2021
63,01270835526,Male,9/13/2021
64,01094288905,Female,9/16/2021
65,01254651616,Female,9/19/2021
66,01123809747,Male,9/23/2021
67,01075670826,Female,9/26/2021
68,01282886736,Male,9/29/2021
69,01055336201,Female,10/3/2021
70,01050063474,Female,10/6/2021
71,01020674368,Female,10/9/2021
72,01161322986,Female,10/13/2021
73,01139063249,Female,10/16/2021
74,01034339157,Female,10/19/2021
75,01189930902,Male,10/23/2021
76,01115426266,Female,10/26/2021
77,01065539028,Female,10/29/2021
78,01156206166,Female,11/2/2021
79,01054877793,Male,11/5/2021
80,01278183621,Female,11/8/2021
81,01195890304,Female,11/12/2021
82,01294966447,Male,11/15/2021
83,01297059229,Male,11/18/2021
84,01224796581,Female,11/22/2021
85,01296087511,Female,11/25/2021
86,01048053841,Female,11/28/2021
87,01024270361,Female,12/2/2021
88,01019050033,Female,12/5/2021
89,01231586846,Female,12/8/2021
90,01207425937,Male,12/12/2021
91,01094173379,Male,12/15/2021
92,01121677239,Female,12/18/2021
93,01140832106,Male,12/22/2021
94,01082271504,Male,12/25/2021
95,01102610480,Male,12/28/2021
96,01282803009,Female,1/1/2022
97,01069072156,Female,1/4/2022
98,01232619023,Female,1/7/2022
99,01133222437,Male,1/11/2022
100,01296757545,Male,1/14/2022
101,01000380485,Female,1/17/2022
102,01161638499,Female,1/21/2022
103,01068105979,Female,1/24/2022
104,01016429973,Female,1/27/2022
105,01156865475,Female,1/31/2022
106,01170131546,Male,2/3/2022
107,01007594419,Female,2/6/2022
108,01294914380,Female,2/10/2022
109,01244785281,Female,2/13/2022
110,01291401656,Female,2/16/2022
111,01022461239,Female,2/20/2022
112,01006414421,Female,2/23/2022
113,01144453810,Female,2/26/2022
114,01190559627,Female,3/2/2022
115,01252294461,Female,3/5/2022
116,01236395330,Female,3/8/2022
117,01217243309,Female,3/12/2022
118,01205009427,Female,3/15/2022
119,01286328206,Male,3/18/2022
120,01129858276,Male,3/22/2022
121,01190764474,Female,3/25/2022
122,01265877736,Female,3/28/2022
123,01178076355,Male,4/1/2022
124,01115913547,Male,4/4/2022
125,01078152871,Female,4/7/2022
126,01144836118,Male,4/11/2022
127,01233163959,Male,4/14/2022
128,01142029498,Female,4/17/2022
129,01289175441,Female,4/21/2022
130,01276484691,Male,4/24/2022
131,01081616247,Male,4/27/2022
132,01284910516,Male,5/1/2022
133,01234626347,Female,5/4/2022
134,01131789327,Female,5/7/2022
135,01285436078,Female,5/11/2022
136,01006163189,Female,5/14/2022
137,01116517387,Female,5/17/2022
138,01076381373,Female,5/21/2022
139,01288432417,Female,5/24/2022
140,01051341696,Female,5/27/2022
141,01147699613,Female,5/31/2022
142,01199769212,Female,6/3/2022
143,01288542488,Female,6/6/2022
144,01280729434,Male,6/10/2022
145,01226209104,Male,6/13/2022
146,01069789295,Male,6/16/2022
147,01173571223,Female,6/20/2022
148,01268683019,Female,6/23/2022
149,01148508030,Male,6/26/2022
150,01027743920,Female,6/29/2022
151,01164003309,Male,7/1/2022
152,01230443584,Male,7/4/2022
153,01290319193,Male,7/7/2022
154,01194949832,Male,7/10/2022
155,01294521384,Female,7/13/2022
156,01209007981,Female,7/16/2022
157,01085566866,Female,7/19/2022
158,01224730445,Female,7/21/2022
159,01126101103,Male,7/24/2022
160,01021912386,Male,7/27/2022
161,01203996136,Female,7/30/2022
162,01143675201,Male,8/2/2022
163,01192507953,Male,8/5/2022
164,01235979352,Female,8/8/2022
165,01186475289,Female,8/10/2022
166,01212125150,Female,8/13/2022
167,01144054946,Male,8/16/2022
168,01050283020,Female,8/19/2022
169,01254947353,Female,8/22/2022
170,01228400560,Female,8/25/2022
171,01252827805,Male,8/28/2022
172,01157122098,Female,8/30/2022
173,01293971366,Female,9/2/2022
174,01231847140,Male,9/5/2022
175,01018492412,Male,9/8/2022
176,01198692636,Female,9/11/2022
177,01273355868,Female,9/14/2022
178,01021978364,Female,9/17/2022
179,01168381372,Female,9/19/2022
180,01209036701,Female,9/22/2022
181,01106187579,Male,9/25/2022
182,01092890372,Male,9/28/2022
183,01217836371,Male,10/1/2022
184,01244131780,Female,10/4/2022
185,01147717982,Male,10/7/2022
186,01201438232,Female,10/9/2022
187,01162396281,Female,10/12/2022
188,01117729991,Male,10/15/2022
189,01008148809,Female,10/18/2022
190,01199660154,Male,10/21/2022
191,01106069155,Male,10/24/2022
192,01286260296,Male,10/27/2022
193,01053612561,Male,10/29/2022
194,01032042784,Female,11/1/2022
195,01002629640,Male,11/4/2022
196,01142038229,Female,11/7/2022
197,01171968420,Male,11/10/2022
198,01030186280,Female,11/13/2022
199,01032214159,Female,11/16/2022
200,01266763522,Male,11/18/2022
201,01259441360,Female,11/21/2022
202,01264294990,Male,11/24/2022
203,01118748808,Female,11/27/2022
204,01226616767,Male,11/30/2022
205,01068689207,Female,12/3/2022
206,01012879283,Male,12/6/2022
207,01271700555,Female,12/8/2022
208,01009213375,Female,12/11/2022
209,01238831786,Female,12/14/2022
210,01298999187,Male,12/17/2022
211,01280424921,Male,12/20/2022
212,01009019118,Male,12/23/2022
213,01288073718,Male,12/26/2022
214,01227921913,Female,12/28/2022
215,01086086328,Male,12/31/2022
216,01282841053,Female,1/3/2023
217,01169412163,Female,1/6/2023
218,01020125562,Male,1/9/2023
219,01263431724,Male,1/12/2023
220,01118856855,Female,1/15/2023
221,01124306703,Male,1/17/2023
222,01116384635,Female,1/20/2023
223,01147085694,Female,1/23/2023
224,01161032704,Male,1/26/2023
225,01088927129,Male,1/29/2023
226,01243338728,Male,2/1/2023
227,01099585583,Male,2/4/2023
228,01054746451,Female,2/6/2023
229,01233597724,Female,2/9/2023
230,01080302665,Female,2/12/2023
231,01024292743,Female,2/15/2023
232,01154405622,Female,2/18/2023
233,01109253930,Female,2/21/2023
234,01150990763,Female,2/24/2023
235,01235809829,Male,2/26/2023
236,01181351384,Male,3/1/2023
237,01071994597,Female,3/4/2023
238,01063261000,Male,3/7/2023
239,01119462782,Female,3/10/2023
240,01285835067,Female,3/13/2023
241,01180837327,Female,3/16/2023
242,01195809677,Female,3/18/2023
243,01186359666,Female,3/21/2023
244,01207064945,Female,3/24/2023
245,01267701925,Male,3/27/2023
246,01228726037,Female,3/30/2023
247,01035139237,Female,4/2/2023
248,01130966757,Male,4/5/2023
249,01157186707,Female,4/7/2023
250,01180247060,Male,4/10/2023
251,01226616588,Male,4/13/2023
252,01030579278,Female,4/16/2023
253,01024687284,Female,4/19/2023
254,01166963586,Male,4/22/2023
255,01295013774,Female,4/25/2023
256,01019521775,Male,4/27/2023
257,01035244501,Female,4/30/2023
258,01189632520,Female,5/3/2023
259,01227341463,Male,5/6/2023
260,01114500220,Male,5/9/2023
261,01069652858,Female,5/12/2023
262,01297959844,Female,5/15/2023
263,01128280413,Male,5/17/2023
264,01125398922,Female,5/20/2023
265,01011379183,Female,5/23/2023
266,01197281179,Male,5/26/2023
267,01184314690,Female,5/29/2023
268,01041350715,Female,6/1/2023
269,01090535492,Female,6/4/2023
270,01155877986,Male,6/6/2023
271,01027569260,Female,6/9/2023
272,01003527507,Female,6/12/2023
273,01245421060,Female,6/15/2023
274,01267306720,Female,6/18/2023
275,01203665639,Male,6/21/2023
276,01088263697,Female,6/24/2023
277,01197913806,Male,6/26/2023
278,01067632399,Male,6/29/2023
279,01121239412,Female,7/2/2023
280,01162442962,Female,7/5/2023
281,01045010205,Female,7/8/2023
282,01015129668,Female,7/11/2023
283,01032960552,Male,7/14/2023
284,01005176779,Male,7/16/2023
285,01167603863,Female,7/19/2023
286,01206823864,Male,7/22/2023
287,01299649851,Female,7/25/2023
288,01136434298,Male,7/28/2023
289,01208902917,Male,7/31/2023
290,01112373488,Female,8/3/2023
291,01004285813,Female,8/5/2023
292,01249599629,Female,8/8/2023
293,01066822893,Female,8/11/2023
294,01292282446,Female,8/14/2023
295,01128825849,Female,8/17/2023
296,01086824655,Female,8/20/2023
297,01282594727,Female,8/23/2023
298,01267861469,Female,8/25/2023
299,01209504456,Male,8/28/2023
300,01215987288,Male,8/31/2023
301,01273837129,Female,9/3/2023
302,01021106707,Female,9/5/2023
303,01150739195,Female,9/8/2023
304,01145062268,Female,9/10/2023
305,01083882486,Male,9/13/2023
306,01292802413,Male,9/15/2023
307,01126185316,Male,9/18/2023
308,01018185974,Male,9/20/2023
309,01110620575,Female,9/23/2023
310,01004673969,Female,9/25/2023
311,01197462697,Male,9/28/2023
312,01177445292,Female,9/30/2023
313,01132335196,Male,10/3/2023
314,01256811941,Female,10/5/2023
315,01202670078,Male,10/8/2023
316,01087400969,Female,10/10/2023
317,01006862933,Male,10/13/2023
318,01228356120,Female,10/15/2023
319,01072095494,Female,10/18/2023
320,01185516157,Female,10/20/2023
321,01101219701,Female,10/23/2023
322,01128202829,Female,10/25/2023
323,01080715488,Female,10/28/2023
324,01222771775,Female,10/30/2023
325,01076854975,Female,11/2/2023
326,01282372824,Male,11/4/2023
327,01104915129,Male,11/7/2023
328,01255886143,Female,11/9/2023
329,01106540929,Female,11/12/2023
330,01129691128,Male,11/14/2023
331,01178500280,Male,11/17/2023
332,01155267508,Female,11/19/2023
333,01144035002,Female,11/22/2023
334,01032132977,Female,11/24/2023
335,01153510065,Male,11/27/2023
336,01076670159,Male,11/29/2023
337,01224072208,Female,12/2/2023
338,01273605828,Female,12/4/2023
339,01277843382,Female,12/7/2023
340,01085879907,Female,12/9/2023
341,01151732775,Male,12/12/2023
342,01214460964,Female,12/14/2023
343,01148004408,Female,12/17/2023
344,01184717949,Female,12/19/2023
345,01220761798,Female,12/22/2023
346,01093736473,Female,12/24/2023
347,01209790849,Male,12/27/2023
348,01107287372,Female,12/29/2023
349,01189334978,Male,1/1/2024
350,01049559664,Female,1/2/2024
351,01236034224,Male,1/3/2024
352,01223639644,Female,1/4/2024
353,01293662717,Female,1/5/2024
354,01034100936,Male,1/6/2024
355,01235154622,Female,1/7/2024
356,01052894085,Male,1/8/2024
357,01277127367,Male,1/10/2024
358,01201584318,Female,1/11/2024
359,01200201062,Female,1/12/2024
360,01039658052,Female,1/13/2024
361,01146836494,Female,1/14/2024
362,01126356740,Male,1/15/2024
363,01108689270,Male,1/16/2024
364,01065272390,Female,1/17/2024
365,01232477483,Male,1/18/2024
366,01235407999,Female,1/20/2024
367,01069891962,Female,1/21/2024
368,01078276951,Female,1/22/2024
369,01000359633,Male,1/23/2024
370,01243132575,Female,1/24/2024
371,01190732952,Female,1/25/2024
372,01206370694,Female,1/26/2024
373,01170049753,Male,1/27/2024
374,01243569030,Female,1/28/2024
375,01237329485,Female,1/30/2024
376,01234046520,Female,1/31/2024
377,01106762169,Male,2/1/2024
378,01272673841,Female,2/2/2024
379,01243484258,Female,2/3/2024
380,01220931824,Female,2/4/2024
381,01138420061,Female,2/5/2024
382,01263037510,Male,2/6/2024
383,01251546384,Male,2/7/2024
384,01032784619,Female,2/9/2024
385,01286524228,Female,2/10/2024
386,01235131714,Female,2/11/2024
387,01029161130,Male,2/12/2024
388,01040469478,Male,2/13/2024
389,01115322811,Female,2/14/2024
390,01152621858,Male,2/15/2024
391,01274545962,Female,2/16/2024
392,01283702192,Female,2/17/2024
393,01058262289,Female,2/19/2024
394,01149811884,Female,2/20/2024
395,01098384078,Female,2/21/2024
396,01088376809,Female,2/22/2024
397,01182112402,Female,2/23/2024
398,01294045671,Female,2/24/2024
399,01179216800,Male,2/25/2024
400,01028783835,Female,2/26/2024
401,01289113527,Female,2/27/2024
402,01073935559,Female,2/29/2024
403,01125235758,Female,3/1/2024
404,01083613689,Female,3/2/2024
405,01188239155,Female,3/3/2024
406,01220969135,Female,3/4/2024
407,01296255557,Female,3/5/2024
408,01205322417,Female,3/6/2024
409,01098412250,Female,3/7/2024
410,01101975095,Female,3/8/2024
411,01181022829,Female,3/10/2024
412,01124116583,Male,3/11/2024
413,01037409841,Female,3/12/2024
414,01222121707,Female,3/13/2024
415,01056799339,Female,3/14/2024
416,01226866979,Female,3/15/2024
417,01086055698,Male,3/16/2024
418,01003990458,Male,3/17/2024
419,01225594615,Female,3/18/2024
420,01170419004,Male,3/20/2024
421,01176575812,Male,3/21/2024
422,01067771022,Female,3/22/2024
423,01173566732,Female,3/23/2024
424,01241300198,Female,3/24/2024
425,01299521613,Female,3/25/2024
426,01237895317,Male,3/26/2024
427,01068665381,Male,3/27/2024
428,01103512136,Male,3/28/2024
429,01102478619,Male,3/30/2024
430,01175646833,Male,3/31/2024
431,01029885664,Male,4/1/2024
432,01247749227,Male,4/2/2024
433,01289630616,Female,4/4/2024
434,01162218769,Female,4/6/2024
435,01131068754,Female,4/9/2024
436,01078756870,Female,4/10/2024
437,01211939231,Female,4/11/2024
438,01283130309,Female,4/12/2024
439,01085441512,Male,4/13/2024
440,01271370079,Female,4/14/2024
441,01124756049,Female,4/15/2024
442,01280389934,Female,4/16/2024
443,01187564165,Male,4/17/2024
444,01159721594,Female,4/18/2024
445,01097131986,Female,4/19/2024
446,01120052389,Female,4/20/2024
447,01028065214,Female,4/21/2024
448,01285233159,Male,4/22/2024
449,01081803984,Female,4/23/2024
450,01010589714,Female,4/24/2024
451,01035218672,Male,4/25/2024
452,01216065280,Male,4/26/2024
453,01231296628,Male,4/28/2024
454,01151922047,Female,4/29/2024
455,01103715909,Female,4/30/2024
456,01247909920,Female,5/1/2024
457,01002610930,Male,5/2/2024
458,01288866772,Male,5/3/2024
459,01146312126,Female,5/4/2024
460,01234532082,Male,5/5/2024
461,01036383074,Female,5/6/2024
462,01075684504,Male,5/7/2024
463,01112693456,Female,5/8/2024
464,01231003918,Female,5/9/2024
465,01268611132,Female,5/10/2024
466,01184753482,Female,5/11/2024
467,01111767048,Male,5/12/2024
468,01112020984,Male,5/13/2024
469,01007813090,Female,5/14/2024
470,01106872978,Female,5/15/2024
471,01124310776,Female,5/16/2024
472,01194903929,Female,5/17/2024
473,01026874610,Female,5/18/2024
474,01185940125,Female,5/19/2024
475,01077407810,Female,5/20/2024
476,01200408547,Female,5/21/2024
477,01274612138,Female,5/22/2024
478,01062536670,Female,5/23/2024
479,01227181423,Female,5/24/2024
480,01145771573,Female,5/25/2024
481,01081440723,Female,5/26/2024
482,01266396677,Female,5/27/2024
483,01162460470,Male,5/28/2024
484,01151024280,Male,5/29/2024
485,01265382958,Female,5/30/2024
486,01120653702,Male,5/31/2024
487,01055202768,Male,6/1/2024
488,01239573779,Female,6/2/2024
489,01037363967,Female,6/3/2024
490,01111098623,Female,6/4/2024
491,01117345476,Male,6/5/2024
492,01050078853,Female,6/7/2024
493,01267951418,Male,6/8/2024
494,01140518951,Female,6/9/2024
495,01276972967,Female,6/10/2024
496,01160011365,Female,6/11/2024
497,01285395964,Female,6/12/2024
498,01162329608,Male,6/13/2024
499,01059558711,Female,6/14/2024
500,01070253462,Male,6/15/2024
501,01191023791,Male,6/16/2024
502,01192656058,Male,6/17/2024
503,01287595070,Female,6/18/2024
504,01178888884,Male,6/19/2024
505,01112160107,Male,6/20/2024
506,01198626854,Male,6/21/2024
507,01231966360,Female,6/22/2024
508,01217389433,Male,6/23/2024
509,01125637001,Female,6/24/2024
510,01239466424,Female,6/25/2024
511,01111393089,Female,6/26/2024
512,01113386845,Female,6/27/2024
513,01098595311,Female,6/28/2024
514,01059012532,Male,6/29/2024
515,01137574690,Male,6/30/2024
516,01291197701,Female,7/1/2024
517,01002578272,Female,7/2/2024
518,01119250486,Female,7/3/2024
519,01274878673,Female,7/4/2024
520,01223346899,Female,7/5/2024
521,01284680415,Female,7/6/2024
522,01251567756,Female,7/7/2024
523,01155576885,Female,7/8/2024
524,01040312599,Female,7/9/2024
525,01000984815,Male,7/10/2024
526,01225521544,Female,7/12/2024
527,01081440091,Male,7/14/2024
528,01067774355,Female,7/16/2024
529,01110030130,Female,7/18/2024
530,01194578536,Female,7/19/2024
531,01118350173,Female,7/20/2024
532,01145492058,Female,7/21/2024
533,01198209406,Male,7/22/2024
534,01028142835,Female,7/23/2024
535,01264940155,Female,7/24/2024
536,01082850697,Female,7/25/2024
537,01081035767,Female,7/26/2024
538,01284689912,Male,7/27/2024
539,01073684096,Male,7/28/2024
540,01024881813,Female,7/29/2024
541,01220319194,Female,7/30/2024
542,01118290848,Female,7/31/2024
543,01056800082,Female,8/1/2024
544,01174224784,Female,8/2/2024
545,01256546639,Female,8/3/2024
546,01017279397,Male,8/4/2024
547,01186304248,Male,8/5/2024
548,01059924672,Male,8/6/2024
549,01100853027,Female,8/7/2024
550,01298284013,Female,8/7/2024
551,01194186716,Female,8/8/2024
552,01261711778,Female,8/9/2024
553,01101112452,Male,8/10/2024
554,01219285837,Female,8/11/2024
555,01203263564,Female,8/12/2024
556,01235133927,Female,8/13/2024
557,01026651467,Female,8/14/2024
558,01255151164,Male,8/15/2024
559,01073147543,Female,8/16/2024
560,01206185701,Female,8/17/2024
561,01028792583,Female,8/18/2024
562,01235635167,Female,8/19/2024
563,01030920223,Male,8/20/2024
564,01072909214,Female,8/21/2024
565,01109323925,Male,8/22/2024
566,01220391125,Female,8/23/2024
567,01150068374,Male,8/24/2024
568,01128608867,Male,8/25/2024
569,01047589724,Female,8/26/2024
570,01149585292,Female,8/27/2024
571,01164983275,Female,8/27/2024
572,01181957366,Female,8/28/2024
573,01050610507,Male,8/29/2024
574,01191746357,Female,8/30/2024
575,01257386282,Female,8/31/2024
576,01094222271,Male,9/1/2024
577,01077572909,Male,9/2/2024
578,01200447717,Male,9/3/2024
579,01175834863,Female,9/4/2024
580,01209999375,Male,9/5/2024
581,01164707945,Female,9/6/2024
582,01001435990,Male,9/7/2024
583,01120042803,Male,9/8/2024
584,01204242661,Female,9/9/2024
585,01189035985,Female,9/10/2024
586,01131041576,Male,9/11/2024
587,01118851746,Male,9/12/2024
588,01055468929,Female,9/13/2024
589,01101376254,Female,9/14/2024
590,01041466460,Male,9/15/2024
591,01284153183,Female,9/16/2024
592,01192056491,Female,9/16/2024
593,01143843827,Male,9/17/2024
594,01267153232,Female,9/18/2024
595,01233301284,Female,9/19/2024
596,01084944816,Female,9/20/2024
597,01163067860,Female,9/21/2024
598,01113375023,Male,9/22/2024
599,01030220035,Male,9/23/2024
600,01130682385,Female,9/24/2024
601,01199787306,Female,9/25/2024
602,01196433736,Female,9/26/2024
603,01016167166,Male,9/27/2024
604,01173359471,Male,9/28/2024
605,01021994405,Female,9/29/2024
606,01132793395,Female,9/30/2024
607,01188140542,Female,10/1/2024
608,01241812841,Male,10/1/2024
609,01070038295,Male,10/2/2024
610,01292801634,Female,10/3/2024
611,01190777990,Male,10/3/2024
612,01063380252,Female,10/4/2024
613,01152307104,Male,10/5/2024
614,01020034693,Female,10/5/2024
615,01085205557,Female,10/6/2024
616,01296285281,Female,10/6/2024
617,01063471262,Female,10/7/2024
618,01235818898,Female,10/8/2024
619,01187726593,Male,10/8/2024
620,01130777737,Female,10/9/2024
621,01155222122,Male,10/10/2024
622,01077139139,Female,10/10/2024
623,01065736792,Male,10/11/2024
624,01196039996,Male,10/12/2024
625,01156064896,Male,10/12/2024
626,01118936213,Male,10/13/2024
627,01109913084,Female,10/14/2024
628,01251973754,Male,10/14/2024
629,01129298575,Female,10/15/2024
630,01074720596,Female,10/16/2024
631,01274525648,Male,10/16/2024
632,01157247579,Male,10/17/2024
633,01128835917,Female,10/17/2024
634,01188656921,Male,10/18/2024
635,01260401635,Female,10/19/2024
636,01095159424,Female,10/19/2024
637,01254732254,Female,10/20/2024
638,01210897284,Male,10/21/2024
639,01096626525,Female,10/22/2024
640,01297107595,Female,10/23/2024
641,01254384514,Female,10/23/2024
642,01218275686,Female,10/24/2024
643,01275231702,Female,10/25/2024
644,01231982666,Male,10/26/2024
645,01172022932,Female,10/27/2024
646,01034422614,Female,10/28/2024
647,01149181556,Female,10/29/2024
648,01104870806,Female,10/30/2024
649,01024698539,Female,10/31/2024
650,01200348587,Female,10/31/2024
651,01000557745,Female,11/1/2024
652,01211623919,Female,11/2/2024
653,01052150755,Female,11/3/2024
654,01079673664,Female,11/4/2024
655,01216544385,Female,11/5/2024
656,01208531507,Female,11/6/2024
657,01281472653,Female,11/7/2024
658,01193208332,Male,11/8/2024
659,01296985556,Female,11/8/2024
660,01190229430,Male,11/9/2024
661,01052169199,Female,11/10/2024
662,01025283678,Female,11/11/2024
663,01254784149,Female,11/12/2024
664,01246606388,Female,11/13/2024
665,01283259466,Male,11/14/2024
666,01244734784,Male,11/15/2024
667,01265173799,Female,11/16/2024
668,01044926301,Female,11/16/2024
669,01136493651,Female,11/17/2024
670,01118805184,Female,11/18/2024
671,01023076297,Male,11/19/2024
672,01015047442,Female,11/20/2024
673,01160015353,Female,11/21/2024
674,01175482160,Male,11/22/2024
675,01250810324,Female,11/23/2024
676,01097284096,Male,11/24/2024
677,01135629220,Male,11/24/2024
678,01138348283,Female,11/25/2024
679,01004931758,Male,11/26/2024
680,01268441029,Female,11/27/2024
681,01082922104,Female,11/28/2024
682,01168272690,Female,11/29/2024
683,01060050043,Female,11/30/2024
684,01096633835,Male,12/1/2024
685,01128973031,Female,12/2/2024
686,01145368397,Female,12/2/2024
687,01297130319,Female,12/3/2024
688,01064917280,Female,12/4/2024
689,01083367507,Female,12/5/2024
690,01283481076,Female,12/6/2024
691,01244323576,Male,12/7/2024
692,01255315123,Male,12/8/2024
693,01269262761,Female,12/9/2024
694,01185825241,Female,12/10/2024
695,01247995746,Female,12/10/2024
696,01110253484,Male,12/11/2024
697,01099487458,Female,12/12/2024
698,01237699798,Male,12/13/2024
699,01190957372,Female,12/14/2024
700,01036545982,Female,12/15/2024
701,01104329720,Male,12/16/2024
702,01164559575,Female,12/17/2024
703,01189051003,Female,12/18/2024
704,01039329902,Male,12/18/2024
705,01289736207,Male,12/19/2024
706,01258148133,Female,12/20/2024
707,01160446916,Female,12/21/2024
708,01281814345,Male,12/22/2024
709,01287125346,Female,12/23/2024
710,01045639223,Female,12/24/2024
711,01213839270,Female,12/25/2024
712,01163737615,Male,12/26/2024
713,01118517293,Female,12/26/2024
714,01148206944,Male,12/27/2024
715,01213670971,Female,12/28/2024
716,01096446256,Female,12/29/2024
717,01243019918,Female,12/30/2024
718,01093053791,Female,12/31/2024
719,01290828505,Female,1/1/2025
720,01150666916,Female,1/2/2025
721,01030028540,Male,1/3/2025
722,01129150560,Female,1/5/2025
723,01073689565,Male,1/6/2025
724,01219976025,Female,1/7/2025
725,01074677859,Female,1/9/2025
726,01041224484,Female,1/10/2025
727,01135772843,Female,1/12/2025
728,01193912146,Male,1/13/2025
729,01197966189,Female,1/15/2025
730,01291388278,Male,1/15/2025
731,01271832731,Female,1/16/2025
732,01100410664,Female,1/17/2025
733,01274912637,Male,1/18/2025
734,01299410409,Female,1/19/2025
735,01276948282,Female,1/20/2025
736,01158726599,Female,1/20/2025
737,01032176687,Female,1/21/2025
738,01041810928,Male,1/22/2025
739,01186204012,Female,1/23/2025
740,01266610034,Female,1/24/2025
741,01256272934,Female,1/25/2025
742,01256182017,Female,1/25/2025
743,01039892409,Female,1/26/2025
744,01193845203,Male,1/27/2025
745,01232429012,Female,1/28/2025
746,01297430881,Female,1/29/2025
747,01133298339,Male,1/30/2025
748,01272795452,Male,1/30/2025
749,01092999492,Female,1/31/2025
750,01129279772,Male,2/1/2025
751,01260445222,Male,2/2/2025
752,01284243053,Female,2/3/2025
753,01076940953,Male,2/4/2025
754,01256495958,Male,2/4/2025
755,01084763550,Female,2/5/2025
756,01094890457,Male,2/6/2025
757,01251896037,Female,2/7/2025
758,01019470508,Male,2/8/2025
759,01279272773,Female,2/9/2025
760,01112311939,Male,2/9/2025
761,01044110802,Female,2/10/2025
762,01162948527,Male,2/11/2025
763,01267810019,Male,2/12/2025
764,01020205683,Male,2/13/2025
765,01094202600,Male,2/14/2025
766,01254217959,Female,2/14/2025
767,01296024335,Female,2/15/2025
768,01249044536,Female,2/16/2025
769,01071920353,Female,2/17/2025
770,01014999531,Female,2/18/2025
771,01249261287,Male,2/19/2025
772,01012397227,Female,2/19/2025
773,01068377175,Female,2/20/2025
774,01152336439,Male,2/21/2025
775,01072063731,Male,2/22/2025
776,01025884126,Female,2/23/2025
777,01283719191,Female,2/24/2025
778,01238446473,Female,2/24/2025
779,01274143591,Female,2/25/2025
780,01094371474,Female,2/26/2025
781,01087466657,Female,2/27/2025
782,01164854223,Female,2/28/2025
783,01293854627,Female,3/1/2025
784,01103112298,Female,3/1/2025
785,01050780264,Female,3/2/2025
786,01061650966,Female,3/3/2025
787,01090614035,Male,3/4/2025
788,01228394697,Male,3/5/2025
789,01079760618,Male,3/6/2025
790,01256807837,Female,3/6/2025
791,01028688891,Female,3/7/2025
792,01071164073,Male,3/8/2025
793,01230832640,Female,3/9/2025
794,01100894731,Male,3/10/2025
795,01199309289,Male,3/11/2025
796,01168216606,Female,3/11/2025
797,01237309231,Female,3/12/2025
798,01135807219,Female,3/13/2025
799,01015119732,Female,3/14/2025
800,01172167028,Female,3/15/2025
801,01191011758,Female,3/16/2025
802,01061666874,Female,3/16/2025
803,01146244300,Female,3/17/2025
804,01270171246,Male,3/18/2025
805,01272325448,Female,3/19/2025
806,01094857260,Male,3/20/2025
807,01100494373,Male,3/21/2025
808,01105132937,Female,3/21/2025
809,01084458781,Female,3/22/2025
810,01264519322,Male,3/23/2025
811,01069884829,Female,3/24/2025
812,01270153394,Male,3/25/2025
813,01052733164,Female,3/26/2025
814,01008282338,Female,3/26/2025
815,01006798816,Female,3/27/2025
816,01135312623,Female,3/28/2025
817,01043254053,Female,3/29/2025
818,01180484464,Male,3/30/2025
819,01221495791,Female,3/31/2025
820,01029819652,Male,3/31/2025
821,01218487470,Female,4/1/2025
822,01140969094,Female,4/2/2025
823,01244200434,Female,4/3/2025
824,01154823618,Male,4/4/2025
825,01209865472,Female,4/5/2025
826,01162999019,Male,4/5/2025
827,01100554807,Male,4/6/2025
828,01000231483,Female,4/7/2025
829,01106058696,Female,4/8/2025
830,01009711765,Male,4/9/2025
831,01145636443,Female,4/10/2025
832,01279122871,Male,4/10/2025
833,01094179663,Female,4/11/2025
834,01195052728,Female,4/12/2025
835,01159644777,Female,4/13/2025
836,01017533356,Female,4/14/2025
837,01281038510,Female,4/15/2025
838,01046465142,Female,4/15/2025
839,01177308533,Female,4/17/2025
840,01232112699,Female,4/18/2025
841,01294139477,Male,4/19/2025
842,01040528016,Male,4/20/2025
843,01076125167,Female,4/22/2025
844,01141382954,Male,4/23/2025
845,01288918744,Male,4/24/2025
846,01071273187,Female,4/25/2025
847,01278342969,Male,4/26/2025
848,01115927564,Female,4/27/2025
849,01171759781,Male,4/28/2025
850,01287206793,Female,4/28/2025
851,01050617445,Female,4/29/2025
852,01285773230,Female,4/30/2025
853,01085475815,Female,5/1/2025
854,01162836675,Female,5/1/2025
855,01271778440,Female,5/2/2025
856,01033494218,Male,5/3/2025
857,01232721955,Male,5/4/2025
858,01120417134,Male,5/5/2025
859,01079804549,Female,5/5/2025
860,01026856151,Male,5/6/2025
861,01020031231,Male,5/7/2025
862,01061406834,Male,5/8/2025
863,01289042105,Female,5/8/2025
864,01180815993,Male,5/9/2025
865,01245493373,Male,5/10/2025
866,01151097383,Female,5/11/2025
867,01105912425,Female,5/12/2025
868,01231649059,Female,5/12/2025
869,01149762973,Female,5/13/2025
870,01254175883,Female,5/14/2025
871,01077702602,Female,5/15/2025
872,01285626953,Female,5/16/2025
873,01206749654,Female,5/16/2025
874,01036039066,Female,5/17/2025
875,01196348428,Female,5/18/2025
876,01261468948,Female,5/19/2025
877,01171372856,Male,5/19/2025
878,01223958368,Male,5/20/2025
879,01029751327,Male,5/21/2025
880,01144162620,Male,5/22/2025
881,01088706872,Male,5/23/2025
882,01287702797,Male,5/23/2025
883,01101143511,Male,5/24/2025
884,01062317955,Female,5/25/2025
885,01142847896,Female,5/26/2025
886,01180786708,Female,5/27/2025
887,01232280962,Male,5/27/2025
888,01180912962,Female,5/28/2025
889,01037403164,Female,5/29/2025
890,01265646231,Female,5/30/2025
891,01020162325,Female,5/30/2025
892,01240879084,Male,5/31/2025
893,01178605466,Male,5/31/2025
894,01212751743,Male,6/1/2025
895,01174996071,Female,6/1/2025
896,01179403774,Female,6/2/2025
897,01187993272,Male,6/3/2025
898,01103936818,Female,6/3/2025
899,01237556283,Female,6/4/2025
900,01290378836,Male,6/4/2025
901,01018656288,Female,6/5/2025
902,01122703541,Female,6/5/2025
903,01141878176,Male,6/6/2025
904,01048950874,Female,6/7/2025
905,01042252327,Male,6/7/2025
906,01150014494,Male,6/8/2025
907,01181893093,Female,6/8/2025
908,01222886256,Female,6/9/2025
909,01077419341,Female,6/9/2025
910,01113555502,Male,6/10/2025
911,01143950129,Female,6/10/2025
912,01056684446,Female,6/11/2025
913,01135258694,Female,6/12/2025
914,01234654164,Female,6/12/2025
915,01163815122,Female,6/13/2025
916,01095483176,Male,6/13/2025
917,01043681560,Female,6/14/2025
918,01227122719,Female,6/14/2025
919,01225952792,Male,6/15/2025
920,01118264810,Female,6/16/2025
921,01015863860,Female,6/16/2025
922,01280013945,Male,6/17/2025
923,01089822271,Female,6/17/2025
924,01152903121,Female,6/18/2025
925,01092501232,Male,6/18/2025
926,01281142599,Male,6/19/2025
927,01027548662,Male,6/19/2025
928,01121814377,Male,6/20/2025
929,01003976078,Female,6/21/2025
930,01049828419,Female,6/21/2025
931,01238784761,Female,6/22/2025
932,01293097485,Female,6/22/2025
933,01068238543,Female,6/23/2025
934,01051330891,Male,6/23/2025
935,01150741883,Male,6/24/2025
936,01137955114,Male,6/25/2025
937,01073431284,Female,6/25/2025
938,01218090460,Female,6/26/2025
939,01018925902,Male,6/26/2025
940,01143046146,Female,6/27/2025
941,01097174645,Female,6/27/2025
942,01030858491,Female,6/28/2025
943,01089254889,Male,6/28/2025
944,01245121072,Female,6/29/2025
945,01297595100,Female,6/30/2025
946,01161120551,Male,6/30/2025
947,01279690797,Male,7/1/2025
948,01091452881,Female,7/1/2025
949,01055675642,Male,7/2/2025
950,01147165051,Female,7/2/2025
951,01106051819,Male,7/3/2025
952,01281359119,Male,7/4/2025
953,01207349507,Female,7/4/2025
954,01234400452,Female,7/5/2025
955,01287684538,Male,7/5/2025
956,01167908007,Male,7/6/2025
957,01162519384,Male,7/6/2025
958,01156436303,Female,7/7/2025
959,01196762798,Female,7/7/2025
960,01182608541,Male,7/8/2025
961,01256034102,Female,7/9/2025
962,01138208704,Female,7/9/2025
963,01088298541,Female,7/10/2025
964,01281699900,Female,7/10/2025
965,01266967390,Female,7/11/2025
966,01032367874,Female,7/11/2025
967,01082977501,Female,7/12/2025
968,01162922712,Female,7/13/2025
969,01048592506,Female,7/13/2025
970,01293330734,Female,7/14/2025
971,01042322058,Male,7/14/2025
972,01126775248,Male,7/15/2025
973,01278533772,Female,7/15/2025
974,01049926280,Female,7/16/2025
975,01145812487,Male,7/17/2025
976,01076137401,Female,7/17/2025
977,01068676132,Female,7/18/2025
978,01065960496,Female,7/18/2025
979,01047082171,Female,7/19/2025
980,01106268946,Male,7/19/2025
981,01082579575,Male,7/20/2025
982,01090140509,Female,7/20/2025
983,01036362297,Female,7/21/2025
984,01125209982,Female,7/22/2025
985,01281590640,Male,7/22/2025
986,01081581365,Male,7/23/2025
987,01192320100,Female,7/23/2025
988,01204795791,Female,7/24/2025
989,01204080643,Female,7/24/2025
990,01263972618,Female,7/25/2025
991,01076138438,Female,7/26/2025
992,01208486610,Female,7/26/2025
993,01020822514,Female,7/27/2025
994,01286248614,Female,7/28/2025
995,01228145418,Male,7/29/2025
996,01278692915,Female,7/29/2025
997,01113731183,Female,7/30/2025
998,01055510852,Female,7/31/2025
999,01215349008,Female,7/31/2025
1000,01109760810,Male,8/1/2025
