review_id,Order_line_id,delevery_rating,branch_rating,product_rating,customer_service_rating,review_date
1,19,3,5,5,3,3/8/2021
2,34,1,3,3,5,3/9/2021
3,64,4,4,3,5,3/10/2021
4,68,1,3,4,2,3/10/2021
5,77,3,5,3,3,3/10/2021
6,81,4,1,3,5,3/11/2021
7,96,2,4,1,2,3/11/2021
8,103,1,1,3,4,3/11/2021
9,118,2,1,3,1,3/11/2021
10,125,5,1,5,1,3/11/2021
11,131,2,2,2,3,3/11/2021
12,132,2,2,4,3,3/12/2021
13,138,4,1,2,2,3/12/2021
14,169,1,3,1,4,3/12/2021
15,170,3,2,4,1,3/12/2021
16,180,4,5,1,4,3/13/2021
17,185,4,2,3,4,3/13/2021
18,202,5,3,3,2,3/13/2021
19,204,4,2,2,1,3/13/2021
20,221,3,4,2,3,3/13/2021
21,229,3,1,2,5,3/14/2021
22,234,3,4,4,1,3/14/2021
23,236,1,2,3,1,3/14/2021
24,238,2,3,4,4,3/14/2021
25,244,5,1,5,3,3/15/2021
26,245,5,4,5,3,3/15/2021
27,247,2,1,2,5,3/15/2021
28,269,4,3,4,4,3/15/2021
29,282,3,4,5,1,3/15/2021
30,289,2,3,1,3,3/15/2021
31,305,1,1,5,5,3/15/2021
32,313,3,2,2,3,3/15/2021
33,351,1,3,3,1,3/15/2021
34,365,1,4,4,1,3/16/2021
35,388,1,4,1,4,3/16/2021
36,389,4,1,1,2,3/16/2021
37,392,5,1,2,3,3/16/2021
38,397,5,4,3,5,3/16/2021
39,412,4,4,4,1,3/16/2021
40,415,1,5,2,1,3/16/2021
41,429,2,2,5,3,3/16/2021
42,441,5,1,4,2,3/16/2021
43,454,4,2,1,4,3/16/2021
44,463,2,3,3,2,3/16/2021
45,489,4,2,3,2,3/17/2021
46,503,3,2,1,3,3/17/2021
47,506,1,5,4,2,3/17/2021
48,507,1,2,2,5,3/17/2021
49,520,1,1,2,5,3/17/2021
50,548,4,3,1,4,3/17/2021
51,550,5,4,4,3,3/17/2021
52,553,3,1,3,3,3/17/2021
53,566,5,3,4,2,3/17/2021
54,569,2,5,5,5,3/17/2021
55,570,5,1,3,1,3/17/2021
56,579,4,1,3,4,3/17/2021
57,582,2,3,1,2,3/17/2021
58,589,4,3,4,4,3/17/2021
59,595,2,1,5,3,3/18/2021
60,619,2,4,4,2,3/18/2021
61,624,1,1,3,1,3/18/2021
62,625,5,4,1,3,3/18/2021
63,629,4,5,2,3,3/18/2021
64,634,2,1,5,2,3/18/2021
65,638,3,3,4,2,3/18/2021
66,661,2,5,2,1,3/18/2021
67,666,2,3,1,5,3/18/2021
68,669,1,1,4,2,3/18/2021
69,670,4,5,2,4,3/18/2021
70,679,3,3,1,4,3/18/2021
71,707,5,1,5,1,3/18/2021
72,745,5,4,2,1,3/18/2021
73,753,4,2,4,3,3/18/2021
74,758,5,2,4,5,3/18/2021
75,762,3,3,4,2,3/18/2021
76,781,3,4,5,3,3/19/2021
77,786,5,2,1,3,3/19/2021
78,796,3,4,2,2,3/19/2021
79,808,5,3,1,2,3/19/2021
80,811,2,5,1,5,3/19/2021
81,813,4,1,4,5,3/19/2021
82,824,1,4,3,1,3/19/2021
83,829,5,2,2,5,3/19/2021
84,840,5,2,5,3,3/19/2021
85,841,2,4,3,2,3/19/2021
86,848,1,5,4,2,3/19/2021
87,856,2,4,5,5,3/19/2021
88,865,5,2,3,5,3/19/2021
89,888,1,1,3,2,3/19/2021
90,903,4,3,2,2,3/19/2021
91,920,5,3,5,2,3/19/2021
92,926,1,3,5,3,3/19/2021
93,945,3,1,5,5,3/19/2021
94,950,5,1,5,4,3/19/2021
95,951,4,5,4,2,3/19/2021
96,965,2,4,1,1,3/19/2021
97,972,1,1,1,1,3/19/2021
98,973,2,1,4,4,3/20/2021
99,986,2,4,1,4,3/20/2021
100,987,3,2,5,3,3/20/2021
101,993,3,1,3,1,3/20/2021
102,1017,4,3,5,4,3/20/2021
103,1018,2,2,2,2,3/20/2021
104,1019,5,3,4,1,3/20/2021
105,1028,1,5,2,2,3/20/2021
106,1030,2,5,1,4,3/20/2021
107,1033,4,2,1,4,3/20/2021
108,1043,5,2,1,5,3/20/2021
109,1044,1,4,5,1,3/20/2021
110,1052,1,3,4,4,3/20/2021
111,1058,1,4,4,3,3/20/2021
112,1064,2,4,1,1,3/20/2021
113,1089,3,1,3,3,3/20/2021
114,1095,5,5,2,4,3/21/2021
115,1104,4,1,1,3,3/21/2021
116,1105,2,1,5,2,3/21/2021
117,1130,5,3,4,2,3/21/2021
118,1132,2,5,4,2,3/21/2021
119,1143,3,4,4,4,3/21/2021
120,1155,4,1,1,1,3/21/2021
121,1163,2,1,4,2,3/21/2021
122,1164,1,3,5,2,3/21/2021
123,1171,4,2,1,3,3/21/2021
124,1178,2,5,4,5,3/21/2021
125,1185,1,2,2,5,3/21/2021
126,1186,3,3,1,4,3/21/2021
127,1190,5,1,5,1,3/21/2021
128,1193,3,4,3,4,3/21/2021
129,1200,1,4,1,3,3/21/2021
130,1213,4,2,4,3,3/22/2021
131,1219,2,2,1,3,3/22/2021
132,1222,1,5,2,3,3/22/2021
133,1223,4,3,1,5,3/22/2021
134,1241,5,1,2,5,3/22/2021
135,1245,3,1,2,5,3/22/2021
136,1250,3,2,3,1,3/22/2021
137,1252,5,1,3,5,3/22/2021
138,1263,4,2,4,4,3/22/2021
139,1266,5,3,4,2,3/22/2021
140,1270,4,4,4,4,3/22/2021
141,1276,2,5,2,5,3/22/2021
142,1282,5,2,3,4,3/22/2021
143,1283,2,1,5,2,3/22/2021
144,1284,1,1,1,2,3/22/2021
145,1287,5,2,3,1,3/22/2021
146,1288,5,5,3,2,3/23/2021
147,1289,2,4,5,3,3/23/2021
148,1291,2,2,2,5,3/23/2021
149,1305,4,2,3,4,3/23/2021
150,1309,4,3,2,5,3/23/2021
151,1310,5,2,5,4,3/23/2021
152,1321,2,4,4,3,3/23/2021
153,1328,5,2,1,3,3/23/2021
154,1336,2,3,4,1,3/23/2021
155,1347,2,3,1,2,3/23/2021
156,1355,5,5,4,2,3/23/2021
157,1358,1,3,1,3,3/23/2021
158,1362,1,2,3,4,3/23/2021
159,1367,4,1,3,3,3/23/2021
160,1370,3,3,1,3,3/23/2021
161,1371,4,5,2,5,3/23/2021
162,1375,5,3,4,5,3/23/2021
163,1385,4,4,5,5,3/23/2021
164,1388,2,3,2,2,3/23/2021
165,1391,4,5,4,2,3/24/2021
166,1402,3,2,1,3,3/24/2021
167,1405,1,5,5,5,3/24/2021
168,1410,2,4,2,5,3/24/2021
169,1413,4,3,4,1,3/24/2021
170,1426,2,3,2,4,3/24/2021
171,1427,4,5,5,4,3/24/2021
172,1431,5,1,3,2,3/24/2021
173,1434,5,2,4,4,3/24/2021
174,1438,3,2,2,2,3/24/2021
175,1443,5,1,2,5,3/24/2021
176,1444,3,5,4,4,3/24/2021
177,1446,1,3,4,4,3/24/2021
178,1468,5,2,4,4,3/24/2021
179,1479,1,1,5,1,3/24/2021
180,1485,4,3,3,2,3/24/2021
181,1488,2,5,4,5,3/24/2021
182,1489,2,5,4,2,3/24/2021
183,1493,5,3,2,1,3/24/2021
184,1509,2,5,1,3,3/24/2021
185,1514,3,3,5,5,3/24/2021
186,1519,1,3,2,3,3/24/2021
187,1523,1,3,4,3,3/24/2021
188,1534,5,3,3,5,3/24/2021
189,1543,5,1,2,4,3/25/2021
190,1552,4,1,2,1,3/25/2021
191,1559,5,5,3,2,3/25/2021
192,1565,5,2,4,4,3/25/2021
193,1568,4,5,4,1,3/25/2021
194,1577,2,2,1,5,3/25/2021
195,1578,3,1,4,2,3/25/2021
196,1583,1,5,4,4,3/25/2021
197,1590,1,4,4,4,3/25/2021
198,1601,4,3,1,1,3/25/2021
199,1607,1,4,2,2,3/25/2021
200,1614,1,5,2,4,3/25/2021
201,1620,2,1,4,2,3/25/2021
202,1626,5,4,4,1,3/25/2021
203,1633,2,4,3,2,3/25/2021
204,1637,4,5,5,4,3/25/2021
205,1639,2,3,3,4,3/25/2021
206,1647,5,4,3,1,3/25/2021
207,1649,2,2,1,2,3/25/2021
208,1656,4,3,1,2,3/25/2021
209,1677,4,5,5,1,3/25/2021
210,1690,1,2,1,2,3/25/2021
211,1698,2,4,4,4,3/25/2021
212,1712,1,1,5,4,3/25/2021
213,1770,1,5,2,1,3/25/2021
214,1786,5,3,2,5,3/26/2021
215,1790,1,3,2,1,3/26/2021
216,1803,3,2,4,2,3/26/2021
217,1814,4,2,1,2,3/26/2021
218,1821,5,3,3,4,3/26/2021
219,1826,5,3,5,3,3/26/2021
220,1836,3,3,4,1,3/26/2021
221,1854,1,3,2,3,3/26/2021
222,1856,1,2,5,2,3/26/2021
223,1860,4,1,2,5,3/26/2021
224,1871,2,4,4,3,3/26/2021
225,1872,5,5,5,5,3/26/2021
226,1873,2,5,4,4,3/26/2021
227,1883,3,2,2,4,3/26/2021
228,1909,5,5,3,1,3/26/2021
229,1914,1,2,5,5,3/26/2021
230,1917,5,5,3,3,3/26/2021
231,1923,3,3,2,2,3/26/2021
232,1937,2,2,3,3,3/26/2021
233,1938,5,5,1,3,3/26/2021
234,1940,1,5,2,2,3/26/2021
235,1942,5,3,4,4,3/26/2021
236,1943,1,4,1,3,3/26/2021
237,1951,5,5,3,3,3/26/2021
238,2005,3,5,4,3,3/26/2021
239,2009,2,5,5,3,3/26/2021
240,2012,4,2,5,5,3/26/2021
241,2013,1,1,3,4,3/27/2021
242,2019,3,2,1,3,3/27/2021
243,2023,2,2,1,2,3/27/2021
244,2026,2,2,3,2,3/27/2021
245,2033,3,3,2,4,3/27/2021
246,2039,4,5,5,3,3/27/2021
247,2041,5,5,2,2,3/27/2021
248,2057,2,3,1,5,3/27/2021
249,2059,5,5,1,2,3/27/2021
250,2076,3,1,5,5,3/27/2021
251,2079,3,1,4,4,3/27/2021
252,2085,4,3,2,4,3/27/2021
253,2088,5,1,5,4,3/27/2021
254,2118,3,4,3,4,3/27/2021
255,2122,5,2,3,1,3/27/2021
256,2124,5,5,2,1,3/27/2021
257,2129,1,3,1,3,3/27/2021
258,2131,4,2,1,4,3/27/2021
259,2136,3,3,4,2,3/27/2021
260,2137,1,5,5,2,3/27/2021
261,2140,3,1,2,3,3/27/2021
262,2146,1,5,1,1,3/28/2021
263,2147,1,3,5,1,3/28/2021
264,2151,1,2,3,2,3/28/2021
265,2153,1,3,5,5,3/28/2021
266,2154,5,4,2,4,3/28/2021
267,2163,4,3,4,4,3/28/2021
268,2171,5,1,3,1,3/28/2021
269,2172,2,4,3,5,3/28/2021
270,2174,5,5,4,2,3/28/2021
271,2175,1,2,4,3,3/28/2021
272,2194,4,5,5,2,3/28/2021
273,2195,1,2,5,3,3/28/2021
274,2208,4,3,2,1,3/28/2021
275,2214,2,5,5,4,3/28/2021
276,2218,3,5,1,1,3/28/2021
277,2220,2,5,1,1,3/28/2021
278,2222,1,5,2,3,3/28/2021
279,2239,4,5,1,3,3/28/2021
280,2243,1,3,2,4,3/28/2021
281,2254,4,4,1,3,3/28/2021
282,2256,4,3,3,4,3/28/2021
283,2276,3,4,3,4,3/29/2021
284,2288,5,3,2,4,3/29/2021
285,2296,5,3,3,4,3/29/2021
286,2301,1,1,2,4,3/29/2021
287,2306,1,2,5,2,3/29/2021
288,2308,3,1,5,4,3/29/2021
289,2318,2,1,4,3,3/29/2021
290,2325,2,2,5,3,3/29/2021
291,2331,1,4,4,4,3/29/2021
292,2334,4,3,1,4,3/29/2021
293,2337,3,1,1,3,3/29/2021
294,2340,2,2,5,5,3/29/2021
295,2342,5,3,5,5,3/29/2021
296,2348,2,5,3,4,3/29/2021
297,2354,3,2,2,2,3/29/2021
298,2378,1,3,1,1,3/29/2021
299,2382,1,3,1,3,3/29/2021
300,2383,5,5,3,1,3/29/2021
301,2387,4,4,1,1,3/29/2021
302,2393,4,4,3,5,3/29/2021
303,2397,2,1,5,3,3/29/2021
304,2406,5,4,3,1,3/29/2021
305,2415,1,3,5,1,3/29/2021
306,2426,1,3,2,5,3/29/2021
307,2436,4,4,5,4,3/29/2021
308,2440,5,5,1,4,3/29/2021
309,2442,3,4,5,5,3/29/2021
310,2450,2,1,5,3,3/29/2021
311,2459,4,2,2,2,3/29/2021
312,2461,1,4,3,5,3/29/2021
313,2467,4,4,3,3,3/29/2021
314,2470,2,4,1,1,3/29/2021
315,2472,2,4,3,2,3/29/2021
316,2474,3,2,4,4,3/29/2021
317,2490,3,2,1,1,3/29/2021
318,2502,1,3,5,1,3/30/2021
319,2508,4,1,4,2,3/30/2021
320,2529,4,2,2,3,3/30/2021
321,2541,2,2,5,1,3/30/2021
322,2543,1,2,3,5,3/30/2021
323,2556,2,3,3,4,3/30/2021
324,2559,1,4,4,2,3/30/2021
325,2566,4,3,3,5,3/30/2021
326,2579,4,3,5,4,3/30/2021
327,2596,5,5,4,1,3/30/2021
328,2597,3,5,5,1,3/30/2021
329,2612,4,2,2,1,3/30/2021
330,2619,3,4,3,2,3/30/2021
331,2620,3,4,5,1,3/30/2021
332,2622,5,1,4,2,3/30/2021
333,2624,3,5,5,1,3/30/2021
334,2638,3,5,3,2,3/30/2021
335,2642,4,4,2,5,3/30/2021
336,2653,4,3,1,2,3/30/2021
337,2656,5,5,2,3,3/30/2021
338,2675,3,3,3,1,3/30/2021
339,2683,2,4,5,5,3/30/2021
340,2689,5,1,1,3,3/30/2021
341,2694,2,1,4,1,3/30/2021
342,2696,2,3,3,2,3/30/2021
343,2711,2,5,4,4,3/30/2021
344,2725,3,1,3,1,3/30/2021
345,2726,4,3,1,2,3/31/2021
346,2741,1,3,4,2,3/31/2021
347,2754,1,1,2,4,3/31/2021
348,2759,2,1,1,4,3/31/2021
349,2776,5,4,3,4,3/31/2021
350,2781,2,3,4,4,3/31/2021
351,2782,5,1,2,4,3/31/2021
352,2791,4,4,1,2,3/31/2021
353,2792,4,3,4,1,3/31/2021
354,2804,3,4,2,4,3/31/2021
355,2808,1,5,3,4,3/31/2021
356,2831,5,4,3,4,3/31/2021
357,2837,2,1,3,1,3/31/2021
358,2840,2,2,1,2,3/31/2021
359,2842,4,2,3,3,3/31/2021
360,2844,4,5,4,3,3/31/2021
361,2852,5,1,2,1,3/31/2021
362,2859,1,2,3,3,3/31/2021
363,2872,4,4,4,5,3/31/2021
364,2885,5,1,1,3,3/31/2021
365,2886,4,1,4,1,3/31/2021
366,2891,1,2,3,3,3/31/2021
367,2893,1,4,2,5,3/31/2021
368,2899,5,5,4,4,3/31/2021
369,2900,3,3,1,2,3/31/2021
370,2913,3,5,2,2,3/31/2021
371,2914,1,4,3,2,3/31/2021
372,2922,5,1,3,1,3/31/2021
373,2942,4,5,4,2,3/31/2021
374,2950,3,5,2,1,3/31/2021
375,2954,4,2,5,4,3/31/2021
376,2967,3,4,5,5,3/31/2021
377,2972,4,1,4,3,3/31/2021
378,2974,3,1,4,5,3/31/2021
379,2979,4,4,1,5,3/31/2021
380,2987,2,4,4,2,3/31/2021
381,2995,1,5,1,2,3/31/2021
382,3000,2,5,3,4,3/31/2021
383,3007,2,2,1,5,3/31/2021
384,3013,5,5,1,2,3/31/2021
385,3014,1,5,2,1,3/31/2021
386,3033,5,4,2,1,3/31/2021
387,3041,3,4,2,2,4/1/2021
388,3043,5,3,4,3,4/1/2021
389,3048,5,3,4,5,4/1/2021
390,3060,4,1,5,1,4/1/2021
391,3081,2,5,2,3,4/1/2021
392,3086,1,1,4,2,4/1/2021
393,3112,3,3,1,2,4/1/2021
394,3119,2,3,4,5,4/1/2021
395,3125,4,4,4,4,4/1/2021
396,3135,1,4,3,2,4/1/2021
397,3141,4,5,4,3,4/1/2021
398,3142,4,1,1,2,4/1/2021
399,3145,3,5,2,4,4/1/2021
400,3147,3,4,1,5,4/1/2021
401,3164,4,1,4,5,4/1/2021
402,3165,4,5,2,3,4/1/2021
403,3169,5,2,4,2,4/1/2021
404,3174,1,5,4,4,4/1/2021
405,3178,5,4,1,5,4/1/2021
406,3185,2,2,5,2,4/1/2021
407,3189,5,5,4,3,4/1/2021
408,3192,5,2,3,5,4/1/2021
409,3193,5,4,3,3,4/1/2021
410,3218,2,4,5,1,4/1/2021
411,3221,4,3,5,5,4/1/2021
412,3226,1,1,4,3,4/1/2021
413,3233,2,1,4,1,4/1/2021
414,3242,5,2,5,2,4/1/2021
415,3248,3,1,1,4,4/1/2021
416,3268,5,2,1,2,4/1/2021
417,3281,4,3,3,1,4/1/2021
418,3282,4,2,3,5,4/1/2021
419,3289,1,5,3,1,4/1/2021
420,3317,2,3,1,2,4/1/2021
421,3322,4,3,5,1,4/1/2021
422,3324,2,2,5,2,4/1/2021
423,3328,5,1,2,1,4/1/2021
424,3344,4,4,1,4,4/1/2021
425,3361,3,4,3,3,4/1/2021
426,3370,3,3,3,1,4/1/2021
427,3373,4,1,5,5,4/1/2021
428,3382,4,2,3,2,4/1/2021
429,3392,5,1,5,5,4/1/2021
430,3414,1,1,2,4,4/2/2021
431,3419,5,3,1,5,4/2/2021
432,3424,2,4,2,5,4/2/2021
433,3427,5,2,4,2,4/2/2021
434,3443,1,1,5,1,4/2/2021
435,3448,3,2,3,4,4/2/2021
436,3458,3,4,3,5,4/2/2021
437,3466,3,1,2,5,4/2/2021
438,3511,4,3,2,4,4/2/2021
439,3514,5,5,2,1,4/2/2021
440,3516,4,5,1,3,4/2/2021
441,3526,1,2,2,3,4/2/2021
442,3530,5,3,2,2,4/2/2021
443,3532,4,4,1,1,4/2/2021
444,3533,2,4,5,2,4/2/2021
445,3539,4,4,2,3,4/2/2021
446,3542,2,3,3,1,4/2/2021
447,3547,4,3,4,2,4/2/2021
448,3551,3,1,3,3,4/2/2021
449,3559,5,2,4,3,4/2/2021
450,3560,5,2,4,4,4/2/2021
451,3561,4,1,3,1,4/2/2021
452,3562,5,3,1,3,4/2/2021
453,3568,5,3,5,4,4/2/2021
454,3573,1,4,4,3,4/2/2021
455,3577,2,4,4,5,4/2/2021
456,3595,2,2,1,5,4/2/2021
457,3596,4,4,3,3,4/2/2021
458,3601,1,3,1,2,4/2/2021
459,3606,4,3,5,1,4/2/2021
460,3613,5,2,3,1,4/2/2021
461,3618,5,2,4,2,4/2/2021
462,3630,5,2,1,1,4/2/2021
463,3651,5,5,2,5,4/2/2021
464,3652,1,1,2,5,4/2/2021
465,3659,2,3,1,5,4/2/2021
466,3660,5,4,2,2,4/2/2021
467,3661,3,3,4,3,4/2/2021
468,3675,4,4,3,1,4/2/2021
469,3679,1,2,5,2,4/2/2021
470,3687,2,2,4,2,4/2/2021
471,3690,3,1,3,2,4/3/2021
472,3695,3,5,4,3,4/3/2021
473,3709,1,1,1,5,4/3/2021
474,3711,2,4,2,4,4/3/2021
475,3714,1,4,3,1,4/3/2021
476,3726,1,5,4,1,4/3/2021
477,3733,5,5,5,2,4/3/2021
478,3743,5,5,3,2,4/3/2021
479,3750,1,1,2,1,4/3/2021
480,3759,4,1,3,1,4/3/2021
481,3761,1,4,3,2,4/3/2021
482,3763,4,3,4,2,4/3/2021
483,3767,3,1,5,4,4/3/2021
484,3769,2,4,3,3,4/3/2021
485,3781,3,5,3,2,4/3/2021
486,3784,4,3,2,4,4/3/2021
487,3798,1,2,5,3,4/3/2021
488,3799,4,2,4,5,4/3/2021
489,3805,3,2,5,3,4/3/2021
490,3807,3,1,3,3,4/3/2021
491,3821,5,3,5,5,4/3/2021
492,3823,2,4,4,1,4/3/2021
493,3837,3,2,1,3,4/3/2021
494,3847,4,5,2,4,4/3/2021
495,3860,3,4,1,3,4/3/2021
496,3862,4,4,4,5,4/3/2021
497,3874,5,4,3,3,4/3/2021
498,3876,1,1,3,1,4/3/2021
499,3898,2,2,4,5,4/3/2021
500,3902,1,3,5,1,4/3/2021
501,3905,4,4,2,2,4/3/2021
502,3908,2,4,1,3,4/3/2021
503,3915,5,5,5,4,4/3/2021
504,3916,1,5,1,4,4/3/2021
505,3924,2,2,2,4,4/3/2021
506,3928,4,2,3,1,4/3/2021
507,3938,4,4,5,1,4/3/2021
508,3946,3,3,3,2,4/3/2021
509,3952,4,5,1,3,4/3/2021
510,3953,5,4,2,5,4/3/2021
511,3955,2,4,2,3,4/3/2021
512,3959,5,1,3,4,4/3/2021
513,3971,1,3,1,3,4/3/2021
514,3974,2,1,3,5,4/3/2021
515,3976,3,3,4,5,4/3/2021
516,3987,3,5,3,1,4/3/2021
517,3994,1,1,2,3,4/3/2021
518,3996,5,3,5,2,4/3/2021
519,4001,5,4,2,4,4/3/2021
520,4007,3,4,1,2,4/3/2021
521,4016,3,5,1,3,4/3/2021
522,4031,3,1,2,3,4/3/2021
523,4034,4,3,4,4,4/3/2021
524,4043,5,4,2,2,4/3/2021
525,4051,1,2,2,1,4/3/2021
526,4059,2,2,1,4,4/4/2021
527,4061,3,1,3,5,4/4/2021
528,4081,1,4,2,1,4/4/2021
529,4086,3,1,5,1,4/4/2021
530,4088,2,2,3,4,4/4/2021
531,4100,3,5,1,2,4/4/2021
532,4118,5,3,2,5,4/4/2021
533,4133,4,5,4,1,4/4/2021
534,4135,1,3,5,5,4/4/2021
535,4137,4,2,1,5,4/4/2021
536,4148,2,5,1,5,4/4/2021
537,4151,3,3,5,3,4/4/2021
538,4158,3,2,3,2,4/4/2021
539,4169,5,5,2,5,4/4/2021
540,4176,3,3,5,2,4/4/2021
541,4178,1,5,5,4,4/4/2021
542,4205,1,3,4,1,4/4/2021
543,4209,4,1,3,3,4/4/2021
544,4221,5,5,5,1,4/4/2021
545,4227,3,3,4,1,4/4/2021
546,4230,2,5,3,3,4/4/2021
547,4233,2,4,2,2,4/4/2021
548,4238,5,5,4,5,4/4/2021
549,4281,3,4,5,4,4/4/2021
550,4284,3,1,4,1,4/4/2021
551,4287,4,1,5,2,4/4/2021
552,4288,2,5,3,5,4/4/2021
553,4289,1,5,4,2,4/4/2021
554,4294,4,5,4,1,4/4/2021
555,4297,3,2,1,3,4/4/2021
556,4313,4,3,3,2,4/4/2021
557,4322,4,4,5,5,4/4/2021
558,4327,2,5,3,2,4/4/2021
559,4330,1,2,4,1,4/4/2021
560,4332,5,3,2,4,4/4/2021
561,4348,1,2,5,3,4/4/2021
562,4353,3,2,4,2,4/4/2021
563,4358,1,5,3,3,4/4/2021
564,4375,3,4,1,2,4/4/2021
565,4395,5,5,3,1,4/4/2021
566,4413,2,3,3,5,4/4/2021
567,4435,2,2,2,4,4/4/2021
568,4462,5,4,5,3,4/4/2021
569,4487,5,5,4,3,4/4/2021
570,4491,1,1,4,5,4/4/2021
571,4492,4,5,5,2,4/4/2021
572,4495,2,3,2,3,4/4/2021
573,4496,1,5,4,5,4/4/2021
574,4536,5,5,3,3,4/4/2021
575,4539,4,4,5,3,4/4/2021
576,4542,1,3,4,1,4/5/2021
577,4549,4,4,4,4,4/5/2021
578,4560,2,3,1,5,4/5/2021
579,4571,4,2,1,1,4/5/2021
580,4573,4,4,3,2,4/5/2021
581,4574,3,1,1,3,4/5/2021
582,4592,4,1,5,1,4/5/2021
583,4596,2,1,5,1,4/5/2021
584,4609,1,1,3,2,4/5/2021
585,4639,1,3,3,5,4/5/2021
586,4661,2,3,2,1,4/5/2021
587,4667,1,4,3,4,4/5/2021
588,4668,1,1,1,1,4/5/2021
589,4673,1,1,2,1,4/5/2021
590,4683,3,2,3,3,4/5/2021
591,4685,3,3,5,2,4/5/2021
592,4695,5,4,5,4,4/5/2021
593,4699,5,5,2,1,4/5/2021
594,4706,2,4,5,4,4/5/2021
595,4717,4,2,4,5,4/5/2021
596,4721,1,5,1,1,4/5/2021
597,4740,5,2,1,5,4/5/2021
598,4744,4,2,5,1,4/5/2021
599,4746,4,5,1,4,4/5/2021
600,4750,1,4,1,1,4/5/2021
601,4753,5,2,4,4,4/5/2021
602,4754,1,4,2,1,4/5/2021
603,4778,3,1,2,3,4/5/2021
604,4780,3,5,1,2,4/5/2021
605,4783,4,2,5,3,4/5/2021
606,4785,5,3,1,1,4/5/2021
607,4790,3,1,3,1,4/5/2021
608,4792,3,5,2,1,4/5/2021
609,4806,2,2,4,2,4/5/2021
610,4820,5,2,3,5,4/5/2021
611,4822,3,3,1,1,4/5/2021
612,4827,4,1,4,3,4/5/2021
613,4828,1,5,3,1,4/5/2021
614,4829,1,1,5,2,4/5/2021
615,4838,2,5,5,2,4/6/2021
616,4845,5,3,3,5,4/6/2021
617,4854,5,5,5,2,4/6/2021
618,4855,5,1,5,5,4/6/2021
619,4862,2,5,5,5,4/6/2021
620,4870,3,2,5,2,4/6/2021
621,4895,3,2,1,1,4/6/2021
622,4899,3,2,1,3,4/6/2021
623,4905,5,2,3,1,4/6/2021
624,4908,3,2,4,1,4/6/2021
625,4918,5,4,3,1,4/6/2021
626,4928,3,3,1,2,4/6/2021
627,4929,5,2,4,1,4/6/2021
628,4930,1,2,2,1,4/6/2021
629,4931,5,5,5,5,4/6/2021
630,4932,4,2,3,1,4/6/2021
631,4940,5,4,2,2,4/6/2021
632,4944,3,1,5,4,4/6/2021
633,4946,4,2,3,1,4/6/2021
634,4962,3,1,3,3,4/6/2021
635,4966,5,1,5,5,4/6/2021
636,4967,5,2,5,5,4/6/2021
637,4969,2,3,5,1,4/6/2021
638,4975,5,5,5,1,4/6/2021
639,4979,1,3,5,4,4/6/2021
640,5007,3,2,4,2,4/6/2021
641,5010,4,1,2,5,4/6/2021
642,5012,3,5,5,5,4/6/2021
643,5018,1,1,2,2,4/6/2021
644,5027,4,5,3,1,4/6/2021
645,5030,4,4,2,1,4/6/2021
646,5034,4,5,5,2,4/6/2021
647,5049,2,1,5,3,4/6/2021
648,5057,1,5,4,1,4/6/2021
649,5072,4,1,4,5,4/6/2021
650,5074,5,1,1,2,4/6/2021
651,5080,5,5,1,2,4/6/2021
652,5086,2,1,5,2,4/6/2021
653,5090,5,2,2,4,4/6/2021
654,5097,2,4,1,4,4/6/2021
655,5101,4,3,5,1,4/6/2021
656,5102,3,4,4,4,4/6/2021
657,5125,2,5,1,1,4/6/2021
658,5146,4,2,3,3,4/6/2021
659,5148,2,3,3,2,4/6/2021
660,5152,5,5,1,3,4/6/2021
661,5167,1,2,4,4,4/6/2021
662,5179,3,2,4,1,4/6/2021
663,5181,1,5,2,4,4/6/2021
664,5200,2,5,1,5,4/6/2021
665,5238,4,4,3,5,4/6/2021
666,5255,1,2,4,3,4/6/2021
667,5257,2,1,2,4,4/6/2021
668,5266,5,4,2,2,4/6/2021
669,5267,2,3,4,2,4/6/2021
670,5272,5,5,2,4,4/7/2021
671,5285,4,1,4,1,4/7/2021
672,5295,1,5,2,1,4/7/2021
673,5300,5,4,3,5,4/7/2021
674,5313,1,2,4,4,4/7/2021
675,5324,3,5,5,5,4/7/2021
676,5351,5,4,2,3,4/7/2021
677,5357,5,3,1,4,4/7/2021
678,5367,1,5,2,1,4/7/2021
679,5383,1,4,4,5,4/7/2021
680,5384,3,2,2,5,4/7/2021
681,5388,1,1,2,2,4/7/2021
682,5400,1,1,1,3,4/7/2021
683,5411,1,5,3,1,4/7/2021
684,5421,3,3,1,3,4/7/2021
685,5430,2,3,2,2,4/7/2021
686,5436,4,4,5,5,4/7/2021
687,5444,3,1,3,1,4/7/2021
688,5449,1,2,1,4,4/7/2021
689,5458,3,2,4,1,4/7/2021
690,5464,3,3,4,4,4/7/2021
691,5466,2,3,5,2,4/7/2021
692,5473,3,2,4,3,4/7/2021
693,5496,1,4,4,2,4/7/2021
694,5497,1,1,5,5,4/7/2021
695,5502,5,2,4,2,4/7/2021
696,5505,5,4,1,2,4/7/2021
697,5508,5,1,1,1,4/7/2021
698,5509,1,1,2,5,4/7/2021
699,5512,5,5,5,2,4/7/2021
700,5516,1,3,4,4,4/7/2021
701,5545,5,3,5,1,4/7/2021
702,5550,1,5,4,3,4/7/2021
703,5578,4,4,1,2,4/7/2021
704,5582,4,3,3,2,4/7/2021
705,5585,2,3,2,4,4/7/2021
706,5588,4,4,3,4,4/7/2021
707,5606,1,3,3,2,4/7/2021
708,5612,3,1,4,2,4/7/2021
709,5613,4,2,2,1,4/7/2021
710,5624,2,3,3,4,4/8/2021
711,5625,2,3,4,3,4/8/2021
712,5632,1,1,3,4,4/8/2021
713,5636,2,4,5,3,4/8/2021
714,5645,5,2,1,4,4/8/2021
715,5646,1,2,1,3,4/8/2021
716,5654,1,2,5,1,4/8/2021
717,5658,1,4,1,3,4/8/2021
718,5659,4,2,5,1,4/8/2021
719,5663,3,4,4,2,4/8/2021
720,5665,3,3,1,4,4/8/2021
721,5666,4,2,2,4,4/8/2021
722,5682,1,3,2,5,4/8/2021
723,5690,3,3,5,1,4/8/2021
724,5691,4,2,1,3,4/8/2021
725,5697,3,2,2,4,4/8/2021
726,5700,5,2,5,2,4/8/2021
727,5705,4,5,4,4,4/8/2021
728,5720,3,5,5,3,4/8/2021
729,5730,3,4,4,4,4/8/2021
730,5739,3,4,3,3,4/8/2021
731,5753,5,1,5,4,4/8/2021
732,5769,4,4,3,1,4/8/2021
733,5776,3,5,2,4,4/8/2021
734,5787,5,5,5,2,4/8/2021
735,5788,1,5,4,3,4/8/2021
736,5801,1,5,1,4,4/8/2021
737,5821,1,1,4,5,4/8/2021
738,5822,5,4,1,1,4/8/2021
739,5827,3,3,5,5,4/8/2021
740,5828,2,4,1,5,4/8/2021
741,5830,3,1,2,1,4/8/2021
742,5834,2,5,3,1,4/8/2021
743,5845,3,2,3,4,4/8/2021
744,5851,5,3,2,2,4/8/2021
745,5871,1,1,2,3,4/8/2021
746,5875,2,1,2,5,4/8/2021
747,5878,5,2,2,3,4/8/2021
748,5887,1,3,3,4,4/9/2021
749,5896,5,2,3,4,4/9/2021
750,5900,1,3,5,2,4/9/2021
751,5907,3,3,3,4,4/9/2021
752,5911,2,2,5,4,4/9/2021
753,5917,2,2,2,3,4/9/2021
754,5922,1,2,2,2,4/9/2021
755,5926,3,2,2,1,4/9/2021
756,5932,3,5,1,1,4/9/2021
757,5937,3,5,4,1,4/9/2021
758,5947,2,1,5,1,4/9/2021
759,5954,4,5,4,1,4/9/2021
760,5960,2,4,1,2,4/9/2021
761,5969,5,1,4,2,4/9/2021
762,5992,3,4,3,2,4/9/2021
763,5998,2,5,4,5,4/9/2021
764,5999,4,1,4,4,4/9/2021
765,6001,3,4,2,2,4/9/2021
766,6054,4,4,1,2,4/9/2021
767,6066,5,3,3,3,4/9/2021
768,6078,2,1,4,2,4/9/2021
769,6086,2,4,1,5,4/9/2021
770,6089,5,5,3,5,4/9/2021
771,6122,1,4,4,4,4/9/2021
772,6126,3,1,3,5,4/9/2021
773,6152,3,1,4,5,4/9/2021
774,6158,4,2,1,1,4/9/2021
775,6190,2,5,3,1,4/9/2021
776,6191,3,1,2,1,4/9/2021
777,6201,1,1,4,3,4/9/2021
778,6234,2,2,5,1,4/9/2021
779,6237,4,5,5,2,4/9/2021
780,6240,4,2,3,2,4/9/2021
781,6251,1,2,1,1,4/9/2021
782,6252,4,4,4,2,4/9/2021
783,6253,3,5,2,3,4/9/2021
784,6270,3,3,4,2,4/9/2021
785,6296,5,1,1,1,4/9/2021
786,6300,3,4,2,2,4/9/2021
787,6303,4,3,5,5,4/10/2021
788,6307,2,2,4,4,4/10/2021
789,6311,2,4,1,4,4/10/2021
790,6322,4,1,4,1,4/10/2021
791,6328,4,5,5,5,4/10/2021
792,6329,3,3,5,2,4/10/2021
793,6342,3,5,3,1,4/10/2021
794,6344,5,1,2,2,4/10/2021
795,6348,2,4,4,1,4/10/2021
796,6354,3,2,2,5,4/10/2021
797,6357,5,4,2,5,4/10/2021
798,6364,4,5,3,2,4/10/2021
799,6367,2,5,2,4,4/10/2021
800,6371,3,2,3,3,4/10/2021
801,6376,5,4,5,3,4/10/2021
802,6393,3,1,4,2,4/10/2021
803,6413,2,2,1,5,4/10/2021
804,6415,2,5,4,5,4/10/2021
805,6422,1,4,5,4,4/10/2021
806,6424,3,2,1,3,4/10/2021
807,6431,1,5,3,5,4/10/2021
808,6438,1,3,3,2,4/10/2021
809,6439,4,5,2,4,4/10/2021
810,6447,2,5,5,3,4/10/2021
811,6451,3,5,4,3,4/10/2021
812,6461,1,5,3,2,4/10/2021
813,6467,4,4,4,4,4/10/2021
814,6469,3,2,1,1,4/10/2021
815,6473,4,4,5,5,4/10/2021
816,6476,4,3,2,1,4/10/2021
817,6481,4,1,3,4,4/10/2021
818,6489,4,3,5,4,4/10/2021
819,6496,2,5,3,5,4/10/2021
820,6499,5,4,4,4,4/10/2021
821,6511,5,3,2,4,4/10/2021
822,6518,3,1,2,2,4/10/2021
823,6520,2,3,2,4,4/10/2021
824,6545,5,3,1,2,4/10/2021
825,6547,1,4,5,2,4/10/2021
826,6550,2,3,3,5,4/10/2021
827,6553,1,3,1,5,4/10/2021
828,6565,3,1,4,4,4/10/2021
829,6594,5,1,1,4,4/10/2021
830,6596,4,5,2,3,4/10/2021
831,6599,2,3,3,5,4/10/2021
832,6601,2,4,4,3,4/10/2021
833,6611,1,2,2,2,4/11/2021
834,6616,4,5,5,3,4/11/2021
835,6619,3,2,5,3,4/11/2021
836,6624,5,1,5,5,4/11/2021
837,6625,1,5,3,5,4/11/2021
838,6630,3,4,5,4,4/11/2021
839,6634,2,2,4,1,4/11/2021
840,6636,2,5,3,2,4/11/2021
841,6638,5,3,4,2,4/11/2021
842,6643,2,1,2,4,4/11/2021
843,6654,2,5,3,2,4/11/2021
844,6674,3,2,5,1,4/11/2021
845,6682,4,4,5,4,4/11/2021
846,6685,4,5,4,3,4/11/2021
847,6688,1,5,5,1,4/11/2021
848,6698,1,4,3,4,4/11/2021
849,6704,2,5,3,5,4/11/2021
850,6708,4,2,5,3,4/11/2021
851,6715,1,3,4,5,4/11/2021
852,6716,2,1,5,5,4/11/2021
853,6724,2,3,4,4,4/11/2021
854,6729,2,4,4,5,4/11/2021
855,6770,5,1,4,4,4/11/2021
856,6774,2,5,5,1,4/11/2021
857,6789,4,1,4,5,4/11/2021
858,6792,2,1,3,4,4/11/2021
859,6800,4,5,1,2,4/11/2021
860,6814,2,4,4,2,4/11/2021
861,6824,5,2,3,4,4/11/2021
862,6830,3,1,5,5,4/11/2021
863,6841,5,2,5,4,4/11/2021
864,6856,5,1,3,1,4/11/2021
865,6869,2,1,4,3,4/11/2021
866,6883,1,2,5,2,4/11/2021
867,6893,5,4,4,5,4/11/2021
868,6905,3,5,5,3,4/11/2021
869,6926,2,3,1,2,4/11/2021
870,6928,5,4,4,2,4/11/2021
871,6952,1,5,5,4,4/11/2021
872,6968,2,2,5,3,4/11/2021
873,6985,3,5,5,2,4/11/2021
874,6989,1,2,4,3,4/11/2021
875,6995,3,2,4,1,4/11/2021
876,7003,3,3,4,3,4/11/2021
877,7006,1,2,2,3,4/11/2021
878,7025,2,5,5,3,4/11/2021
879,7045,4,4,4,3,4/11/2021
880,7054,3,2,5,4,4/11/2021
881,7058,4,2,1,5,4/11/2021
882,7061,1,5,1,3,4/11/2021
883,7073,3,5,4,3,4/11/2021
884,7080,3,1,3,3,4/11/2021
885,7089,2,2,1,5,4/11/2021
886,7094,1,2,1,1,4/11/2021
887,7096,1,3,1,4,4/12/2021
888,7104,3,4,1,3,4/12/2021
889,7107,3,2,1,3,4/12/2021
890,7117,4,1,2,1,4/12/2021
891,7125,2,1,5,5,4/12/2021
892,7128,2,1,5,5,4/12/2021
893,7135,4,3,2,3,4/12/2021
894,7150,4,5,3,3,4/12/2021
895,7153,3,5,2,3,4/12/2021
896,7160,2,1,5,2,4/12/2021
897,7189,3,3,5,2,4/12/2021
898,7198,2,4,5,4,4/12/2021
899,7203,1,4,5,1,4/12/2021
900,7207,3,2,4,3,4/12/2021
901,7209,2,1,3,5,4/12/2021
902,7225,1,5,3,5,4/12/2021
903,7262,5,3,4,5,4/12/2021
904,7265,4,2,3,3,4/12/2021
905,7274,4,3,1,3,4/12/2021
906,7282,1,4,2,2,4/12/2021
907,7300,4,3,2,4,4/12/2021
908,7305,5,2,2,3,4/12/2021
909,7317,1,1,3,2,4/12/2021
910,7330,5,4,1,5,4/12/2021
911,7336,2,2,2,1,4/12/2021
912,7356,1,2,3,2,4/12/2021
913,7359,4,5,4,4,4/12/2021
914,7376,1,1,3,1,4/12/2021
915,7392,2,2,4,1,4/12/2021
916,7409,4,1,5,3,4/12/2021
917,7438,3,1,3,1,4/12/2021
918,7446,2,5,3,3,4/12/2021
919,7458,1,4,1,2,4/12/2021
920,7464,1,1,1,4,4/12/2021
921,7467,4,3,2,2,4/12/2021
922,7476,3,1,5,1,4/12/2021
923,7486,3,1,2,3,4/12/2021
924,7490,3,4,1,5,4/12/2021
925,7497,3,2,3,2,4/12/2021
926,7499,2,4,5,4,4/12/2021
927,7506,3,4,4,1,4/13/2021
928,7522,2,4,2,3,4/13/2021
929,7533,4,1,5,2,4/13/2021
930,7534,5,1,5,3,4/13/2021
931,7537,5,5,3,4,4/13/2021
932,7541,3,1,4,1,4/13/2021
933,7546,1,2,4,1,4/13/2021
934,7559,4,5,4,4,4/13/2021
935,7561,2,1,2,4,4/13/2021
936,7566,3,5,5,5,4/13/2021
937,7569,1,1,4,4,4/13/2021
938,7573,5,4,2,1,4/13/2021
939,7599,2,3,5,1,4/13/2021
940,7604,2,3,5,3,4/13/2021
941,7610,3,4,5,4,4/13/2021
942,7615,1,2,5,1,4/13/2021
943,7623,5,1,3,1,4/13/2021
944,7625,4,3,2,4,4/13/2021
945,7627,1,5,2,5,4/13/2021
946,7634,2,1,4,1,4/13/2021
947,7635,5,4,2,4,4/13/2021
948,7660,3,5,3,4,4/13/2021
949,7664,2,4,4,3,4/13/2021
950,7676,4,2,1,3,4/13/2021
951,7688,1,2,1,2,4/13/2021
952,7698,2,5,1,4,4/13/2021
953,7704,4,4,2,5,4/13/2021
954,7722,2,5,5,2,4/13/2021
955,7727,5,1,2,2,4/13/2021
956,7734,4,1,1,1,4/13/2021
957,7737,5,5,4,5,4/13/2021
958,7745,4,5,1,2,4/13/2021
959,7748,4,2,3,4,4/13/2021
960,7751,3,3,5,3,4/13/2021
961,7761,1,1,5,1,4/13/2021
962,7770,5,1,3,2,4/13/2021
963,7774,3,3,5,1,4/13/2021
964,7777,4,1,1,5,4/14/2021
965,7779,1,5,3,2,4/14/2021
966,7829,2,4,2,5,4/14/2021
967,7844,2,1,2,1,4/14/2021
968,7849,3,4,2,3,4/14/2021
969,7856,3,5,1,4,4/14/2021
970,7859,1,2,4,4,4/14/2021
971,7867,3,1,1,4,4/14/2021
972,7871,5,3,2,4,4/14/2021
973,7874,2,2,4,5,4/14/2021
974,7875,4,1,1,2,4/14/2021
975,7887,4,1,5,2,4/14/2021
976,7890,1,1,2,3,4/14/2021
977,7899,3,1,2,3,4/14/2021
978,7900,5,4,1,4,4/14/2021
979,7906,5,3,4,4,4/14/2021
980,7911,4,5,5,3,4/14/2021
981,7918,4,2,2,5,4/14/2021
982,7922,1,5,4,5,4/14/2021
983,7942,3,2,3,4,4/14/2021
984,7946,1,2,2,5,4/14/2021
985,7962,2,5,3,4,4/14/2021
986,7964,3,5,3,2,4/14/2021
987,7966,1,1,1,5,4/14/2021
988,7985,5,5,3,3,4/14/2021
989,7991,3,3,2,1,4/14/2021
990,7997,5,1,4,1,4/14/2021
991,8001,1,5,1,3,4/14/2021
992,8014,5,2,2,2,4/14/2021
993,8016,5,3,4,5,4/14/2021
994,8018,3,5,4,3,4/14/2021
995,8030,5,3,3,5,4/14/2021
996,8033,5,3,5,2,4/14/2021
997,8039,4,2,5,2,4/14/2021
998,8040,2,2,3,3,4/14/2021
999,8048,2,3,3,3,4/14/2021
1000,8053,4,5,2,2,4/14/2021
1001,8060,1,4,1,2,4/14/2021
1002,8061,3,3,2,4,4/14/2021
1003,8074,3,2,4,2,4/14/2021
1004,8084,4,2,4,2,4/14/2021
1005,8111,1,3,3,4,4/14/2021
1006,8116,1,3,2,1,4/14/2021
1007,8121,5,3,2,1,4/14/2021
1008,8123,1,3,5,5,4/15/2021
1009,8125,3,5,4,2,4/15/2021
1010,8133,5,3,5,5,4/15/2021
1011,8153,2,5,5,5,4/15/2021
1012,8178,1,4,1,4,4/15/2021
1013,8187,3,2,2,2,4/15/2021
1014,8212,4,4,2,5,4/15/2021
1015,8220,2,1,4,2,4/15/2021
1016,8230,3,3,2,3,4/15/2021
1017,8254,1,3,4,2,4/15/2021
1018,8263,4,4,5,2,4/15/2021
1019,8271,5,4,1,2,4/15/2021
1020,8280,3,3,4,1,4/15/2021
1021,8282,4,3,4,1,4/15/2021
1022,8295,4,3,4,4,4/15/2021
1023,8302,4,1,5,5,4/15/2021
1024,8303,5,4,3,2,4/15/2021
1025,8315,2,5,3,1,4/15/2021
1026,8319,2,5,1,1,4/15/2021
1027,8320,2,5,1,3,4/15/2021
1028,8325,3,3,4,1,4/15/2021
1029,8327,3,3,4,5,4/15/2021
1030,8340,2,3,3,4,4/15/2021
1031,8344,5,4,1,3,4/15/2021
1032,8372,2,5,2,5,4/15/2021
1033,8409,1,1,4,1,4/15/2021
1034,8427,4,3,2,3,4/15/2021
1035,8429,1,5,4,5,4/15/2021
1036,8430,2,2,3,5,4/15/2021
1037,8447,1,5,2,4,4/15/2021
1038,8448,5,4,2,5,4/15/2021
1039,8472,1,1,4,1,4/15/2021
1040,8473,5,1,2,2,4/16/2021
1041,8474,1,3,2,2,4/16/2021
1042,8479,4,1,3,1,4/16/2021
1043,8484,2,5,2,2,4/16/2021
1044,8496,2,2,4,4,4/16/2021
1045,8512,5,3,5,3,4/16/2021
1046,8519,2,1,2,5,4/16/2021
1047,8530,3,3,2,1,4/16/2021
1048,8531,1,2,5,4,4/16/2021
1049,8563,1,5,1,3,4/16/2021
1050,8573,3,1,4,3,4/16/2021
1051,8576,4,5,1,1,4/16/2021
1052,8581,4,2,4,3,4/16/2021
1053,8591,4,2,1,1,4/16/2021
1054,8601,3,3,3,4,4/16/2021
1055,8606,3,4,3,3,4/16/2021
1056,8607,5,5,3,4,4/16/2021
1057,8613,4,3,4,3,4/16/2021
1058,8614,5,1,5,2,4/16/2021
1059,8618,1,2,4,1,4/16/2021
1060,8619,4,2,1,1,4/16/2021
1061,8628,3,3,3,3,4/16/2021
1062,8634,2,5,1,2,4/16/2021
1063,8644,3,4,1,3,4/16/2021
1064,8674,1,3,3,2,4/16/2021
1065,8676,1,3,3,5,4/16/2021
1066,8677,2,5,1,4,4/16/2021
1067,8684,1,3,4,1,4/16/2021
1068,8708,3,3,5,5,4/16/2021
1069,8710,1,5,5,2,4/16/2021
1070,8719,2,2,5,3,4/16/2021
1071,8728,4,2,1,5,4/16/2021
1072,8740,4,1,5,1,4/16/2021
1073,8752,5,5,3,2,4/16/2021
1074,8787,1,3,2,2,4/16/2021
1075,8806,4,2,3,4,4/16/2021
1076,8814,5,2,1,4,4/16/2021
1077,8842,2,2,3,1,4/16/2021
1078,8852,3,2,5,5,4/16/2021
1079,8885,5,4,4,5,4/16/2021
1080,8892,1,5,4,3,4/16/2021
1081,8898,4,4,4,4,4/16/2021
1082,8900,2,5,5,3,4/17/2021
1083,8902,4,4,2,1,4/17/2021
1084,8915,1,2,1,3,4/17/2021
1085,8928,3,3,5,3,4/17/2021
1086,8930,1,4,5,5,4/17/2021
1087,8936,3,3,5,5,4/17/2021
1088,8941,2,1,1,5,4/17/2021
1089,8946,2,3,4,1,4/17/2021
1090,8949,3,3,5,4,4/17/2021
1091,8952,4,4,3,3,4/17/2021
1092,8960,4,1,2,4,4/17/2021
1093,8966,5,5,2,3,4/17/2021
1094,8995,3,2,4,5,4/17/2021
1095,9003,1,4,4,2,4/17/2021
1096,9030,1,2,2,5,4/17/2021
1097,9036,4,1,4,3,4/17/2021
1098,9041,5,3,2,4,4/17/2021
1099,9047,5,4,3,5,4/17/2021
1100,9049,4,5,5,4,4/17/2021
1101,9052,4,3,2,1,4/17/2021
1102,9055,3,5,3,1,4/17/2021
1103,9056,1,5,4,2,4/17/2021
1104,9063,2,5,4,5,4/17/2021
1105,9104,2,1,1,5,4/17/2021
1106,9126,2,4,5,3,4/17/2021
1107,9133,3,1,4,5,4/17/2021
1108,9145,3,2,4,3,4/17/2021
1109,9158,2,4,5,1,4/17/2021
1110,9163,5,1,3,5,4/17/2021
1111,9167,5,4,2,2,4/17/2021
1112,9171,4,4,5,5,4/17/2021
1113,9216,4,2,1,4,4/18/2021
1114,9217,4,4,4,3,4/18/2021
1115,9221,4,4,1,4,4/18/2021
1116,9222,4,3,3,1,4/18/2021
1117,9239,2,1,3,3,4/18/2021
1118,9253,5,4,4,3,4/18/2021
1119,9256,1,1,5,4,4/18/2021
1120,9257,4,3,3,5,4/18/2021
1121,9267,2,3,3,4,4/18/2021
1122,9278,1,1,5,4,4/18/2021
1123,9317,5,2,5,1,4/18/2021
1124,9326,1,5,4,1,4/18/2021
1125,9337,4,1,3,5,4/18/2021
1126,9338,4,3,2,3,4/18/2021
1127,9341,3,5,1,2,4/18/2021
1128,9345,4,2,3,3,4/18/2021
1129,9351,3,5,2,5,4/18/2021
1130,9353,4,3,1,3,4/18/2021
1131,9356,3,5,3,2,4/18/2021
1132,9358,3,3,4,1,4/18/2021
1133,9365,3,2,5,3,4/18/2021
1134,9371,4,3,4,3,4/18/2021
1135,9378,4,4,5,5,4/18/2021
1136,9391,4,1,2,2,4/18/2021
1137,9392,2,4,1,4,4/18/2021
1138,9394,1,3,4,2,4/18/2021
1139,9412,3,1,5,5,4/18/2021
1140,9417,1,2,5,2,4/18/2021
1141,9432,4,3,1,5,4/18/2021
1142,9433,4,5,3,2,4/18/2021
1143,9436,3,1,2,4,4/18/2021
1144,9445,1,4,3,1,4/18/2021
1145,9490,2,5,5,1,4/18/2021
1146,9491,4,2,5,4,4/18/2021
1147,9521,2,1,3,5,4/18/2021
1148,9526,1,2,2,3,4/18/2021
1149,9553,3,4,5,1,4/18/2021
1150,9554,2,3,2,2,4/18/2021
1151,9602,1,3,5,5,4/18/2021
1152,9652,2,5,5,1,4/18/2021
1153,9683,3,3,4,1,4/18/2021
1154,9694,4,3,2,5,4/18/2021
1155,9707,4,3,4,5,4/18/2021
1156,9735,3,3,2,5,4/18/2021
1157,9737,1,3,1,1,4/18/2021
1158,9739,5,3,4,3,4/18/2021
1159,9741,1,3,3,2,4/19/2021
1160,9742,1,5,3,2,4/19/2021
1161,9746,3,5,1,2,4/19/2021
1162,9756,3,4,2,1,4/19/2021
1163,9767,4,2,5,3,4/19/2021
1164,9773,4,4,2,3,4/19/2021
1165,9777,2,4,1,4,4/19/2021
1166,9778,3,1,2,2,4/19/2021
1167,9784,4,4,4,5,4/19/2021
1168,9818,1,4,5,4,4/19/2021
1169,9822,2,1,4,1,4/19/2021
1170,9839,4,1,2,5,4/19/2021
1171,9847,4,4,1,3,4/19/2021
1172,9851,5,5,1,5,4/19/2021
1173,9870,2,1,2,2,4/19/2021
1174,9874,1,3,1,2,4/19/2021
1175,9876,1,1,4,1,4/19/2021
1176,9883,4,4,4,4,4/19/2021
1177,9884,4,2,1,1,4/19/2021
1178,9889,2,2,3,5,4/19/2021
1179,9910,1,1,4,1,4/19/2021
1180,9916,4,5,5,5,4/19/2021
1181,9928,4,4,4,3,4/19/2021
1182,9929,2,5,5,2,4/19/2021
1183,9943,1,4,5,1,4/19/2021
1184,9944,1,5,4,1,4/19/2021
1185,9945,2,5,4,4,4/19/2021
1186,9959,4,4,3,4,4/19/2021
1187,9962,2,5,3,1,4/19/2021
1188,9964,1,2,1,1,4/19/2021
1189,9966,3,5,2,5,4/19/2021
1190,9978,3,2,5,2,4/19/2021
1191,9983,3,5,4,3,4/19/2021
1192,9987,5,2,3,4,4/19/2021
1193,9993,2,2,3,1,4/19/2021
1194,10006,4,3,2,4,4/19/2021
1195,10029,1,1,2,1,4/19/2021
1196,10039,2,5,2,2,4/19/2021
1197,10045,2,3,3,5,4/19/2021
1198,10049,5,3,3,5,4/19/2021
1199,10060,2,4,3,4,4/19/2021
1200,10065,5,1,2,1,4/19/2021
1201,10071,5,3,3,5,4/19/2021
1202,10073,1,3,1,1,4/19/2021
1203,10075,2,3,2,1,4/19/2021
1204,10086,1,4,5,3,4/19/2021
1205,10100,1,1,3,1,4/19/2021
1206,10106,5,4,3,2,4/19/2021
1207,10112,5,2,5,3,4/20/2021
1208,10118,5,3,3,5,4/20/2021
1209,10129,2,2,2,3,4/20/2021
1210,10136,1,4,5,1,4/20/2021
1211,10146,1,3,1,4,4/20/2021
1212,10147,3,3,2,4,4/20/2021
1213,10158,4,5,3,5,4/20/2021
1214,10159,3,4,1,4,4/20/2021
1215,10180,1,3,1,2,4/20/2021
1216,10192,4,4,3,2,4/20/2021
1217,10203,3,2,2,1,4/20/2021
1218,10212,2,2,3,5,4/20/2021
1219,10216,1,3,1,5,4/20/2021
1220,10229,3,5,4,4,4/20/2021
1221,10237,4,1,5,1,4/20/2021
1222,10239,3,3,2,2,4/20/2021
1223,10263,3,4,3,3,4/20/2021
1224,10266,3,5,5,4,4/20/2021
1225,10277,4,2,5,5,4/20/2021
1226,10278,3,2,4,1,4/20/2021
1227,10279,1,2,1,2,4/20/2021
1228,10302,3,5,2,3,4/20/2021
1229,10306,1,5,1,2,4/20/2021
1230,10315,5,4,3,4,4/20/2021
1231,10316,2,5,5,5,4/20/2021
1232,10335,2,3,3,3,4/20/2021
1233,10341,2,2,1,1,4/20/2021
1234,10355,5,1,3,1,4/20/2021
1235,10392,2,3,2,3,4/20/2021
1236,10398,3,2,2,2,4/20/2021
1237,10420,5,4,4,1,4/20/2021
1238,10423,3,3,4,5,4/20/2021
1239,10426,5,1,3,3,4/20/2021
1240,10430,4,4,4,3,4/20/2021
1241,10440,2,2,1,1,4/20/2021
1242,10447,3,3,2,2,4/20/2021
1243,10452,1,3,3,5,4/20/2021
1244,10454,4,4,5,4,4/20/2021
1245,10470,4,5,5,1,4/20/2021
1246,10472,1,4,2,1,4/20/2021
1247,10473,2,3,4,3,4/20/2021
1248,10491,2,4,5,1,4/20/2021
1249,10494,1,3,4,2,4/20/2021
1250,10496,4,4,5,3,4/20/2021
1251,10500,2,3,1,5,4/20/2021
1252,10506,1,5,2,5,4/20/2021
1253,10522,3,3,5,2,4/20/2021
1254,10525,4,5,1,2,4/20/2021
1255,10528,3,4,4,4,4/20/2021
1256,10534,4,4,2,5,4/21/2021
1257,10535,2,2,5,4,4/21/2021
1258,10551,5,3,5,4,4/21/2021
1259,10558,2,3,2,3,4/21/2021
1260,10567,3,1,1,1,4/21/2021
1261,10592,1,3,4,4,4/21/2021
1262,10594,1,5,2,4,4/21/2021
1263,10597,2,5,3,2,4/21/2021
1264,10608,4,5,4,5,4/21/2021
1265,10609,5,5,1,5,4/21/2021
1266,10614,3,5,3,3,4/21/2021
1267,10618,4,1,5,1,4/21/2021
1268,10625,5,5,4,4,4/21/2021
1269,10628,4,4,5,1,4/21/2021
1270,10633,4,4,5,5,4/21/2021
1271,10639,2,3,3,1,4/21/2021
1272,10643,2,2,4,3,4/21/2021
1273,10653,2,3,4,4,4/21/2021
1274,10671,2,5,3,1,4/21/2021
1275,10679,1,4,2,3,4/21/2021
1276,10687,2,4,1,3,4/21/2021
1277,10691,5,1,5,2,4/21/2021
1278,10694,5,4,2,5,4/21/2021
1279,10697,4,4,2,2,4/21/2021
1280,10706,3,2,1,3,4/21/2021
1281,10713,1,5,3,4,4/21/2021
1282,10714,2,1,5,5,4/21/2021
1283,10721,2,4,1,4,4/21/2021
1284,10723,1,5,1,4,4/21/2021
1285,10727,3,4,2,2,4/21/2021
1286,10739,2,1,3,5,4/21/2021
1287,10747,3,4,1,3,4/21/2021
1288,10759,3,2,3,3,4/21/2021
1289,10787,5,3,4,1,4/21/2021
1290,10794,2,3,2,3,4/21/2021
1291,10802,3,2,2,3,4/21/2021
1292,10806,3,1,1,2,4/21/2021
1293,10807,5,1,2,2,4/21/2021
1294,10809,2,3,5,4,4/21/2021
1295,10828,1,1,1,3,4/21/2021
1296,10845,1,5,2,1,4/21/2021
1297,10857,1,3,2,4,4/21/2021
1298,10875,3,2,2,5,4/21/2021
1299,10882,3,2,2,2,4/21/2021
1300,10893,5,1,3,5,4/22/2021
1301,10906,5,1,1,4,4/22/2021
1302,10913,1,1,3,1,4/22/2021
1303,10915,5,3,4,3,4/22/2021
1304,10922,4,2,3,4,4/22/2021
1305,10944,1,3,1,4,4/22/2021
1306,10949,3,4,1,4,4/22/2021
1307,10955,2,4,4,3,4/22/2021
1308,10959,2,3,1,2,4/22/2021
1309,10960,4,3,1,2,4/22/2021
1310,10965,3,4,4,4,4/22/2021
1311,10976,5,1,3,4,4/22/2021
1312,10980,1,2,4,1,4/22/2021
1313,10982,5,3,3,1,4/22/2021
1314,10992,1,3,5,1,4/22/2021
1315,10993,1,1,1,4,4/22/2021
1316,11024,2,3,4,3,4/22/2021
1317,11035,2,5,5,4,4/22/2021
1318,11038,3,4,3,2,4/22/2021
1319,11044,1,5,1,4,4/22/2021
1320,11054,1,3,1,5,4/22/2021
1321,11061,3,5,2,1,4/22/2021
1322,11068,3,1,4,2,4/22/2021
1323,11074,3,5,4,1,4/22/2021
1324,11091,1,5,3,2,4/22/2021
1325,11110,2,5,4,3,4/22/2021
1326,11118,4,1,3,5,4/22/2021
1327,11120,1,5,1,4,4/22/2021
1328,11122,2,1,2,3,4/22/2021
1329,11138,3,3,1,5,4/22/2021
1330,11140,4,5,1,1,4/22/2021
1331,11146,4,4,3,3,4/22/2021
1332,11150,5,4,3,4,4/22/2021
1333,11163,2,5,4,3,4/22/2021
1334,11168,5,4,4,2,4/22/2021
1335,11179,3,3,3,3,4/22/2021
1336,11187,5,5,3,3,4/22/2021
1337,11191,4,1,5,3,4/22/2021
1338,11198,5,2,3,1,4/22/2021
1339,11199,2,4,2,4,4/22/2021
1340,11201,3,4,1,5,4/22/2021
1341,11221,4,5,3,3,4/22/2021
1342,11228,3,4,5,3,4/22/2021
1343,11230,5,5,5,4,4/22/2021
1344,11235,4,4,5,5,4/22/2021
1345,11241,3,4,5,3,4/22/2021
1346,11247,4,2,4,1,4/22/2021
1347,11253,3,5,1,1,4/22/2021
1348,11262,2,1,3,4,4/22/2021
1349,11277,3,3,5,5,4/22/2021
1350,11284,2,1,2,4,4/23/2021
1351,11286,3,2,4,3,4/23/2021
1352,11287,1,3,4,3,4/23/2021
1353,11295,1,4,1,2,4/23/2021
1354,11299,4,3,5,3,4/23/2021
1355,11311,3,4,2,5,4/23/2021
1356,11319,5,4,3,5,4/23/2021
1357,11358,5,4,1,5,4/23/2021
1358,11360,1,2,1,5,4/23/2021
1359,11373,4,5,1,4,4/23/2021
1360,11374,5,2,1,4,4/23/2021
1361,11380,3,2,3,4,4/23/2021
1362,11396,5,4,2,1,4/23/2021
1363,11402,5,1,4,3,4/23/2021
1364,11424,4,2,3,4,4/23/2021
1365,11451,5,4,2,5,4/23/2021
1366,11453,5,2,4,2,4/23/2021
1367,11459,5,4,1,3,4/23/2021
1368,11470,2,2,4,3,4/23/2021
1369,11471,4,1,4,3,4/23/2021
1370,11476,5,3,3,2,4/23/2021
1371,11477,4,4,4,2,4/23/2021
1372,11478,3,2,2,4,4/23/2021
1373,11484,2,4,5,3,4/23/2021
1374,11489,1,1,5,2,4/23/2021
1375,11494,2,5,2,4,4/23/2021
1376,11500,1,1,4,2,4/23/2021
1377,11502,5,1,3,5,4/23/2021
1378,11508,3,2,1,5,4/23/2021
1379,11509,3,3,1,2,4/23/2021
1380,11521,4,2,4,3,4/23/2021
1381,11522,3,2,5,1,4/23/2021
1382,11523,4,4,2,3,4/23/2021
1383,11533,5,4,5,4,4/23/2021
1384,11543,2,2,4,1,4/23/2021
1385,11554,4,2,5,1,4/23/2021
1386,11559,2,4,4,4,4/23/2021
1387,11584,5,4,3,2,4/23/2021
1388,11600,1,3,3,2,4/24/2021
1389,11602,5,5,1,4,4/24/2021
1390,11617,5,3,4,5,4/24/2021
1391,11618,3,3,5,3,4/24/2021
1392,11630,1,5,1,1,4/24/2021
1393,11638,5,4,4,2,4/24/2021
1394,11641,1,1,5,3,4/24/2021
1395,11645,1,4,1,3,4/24/2021
1396,11662,1,1,1,5,4/24/2021
1397,11668,3,3,4,5,4/24/2021
1398,11672,3,3,1,3,4/24/2021
1399,11685,2,5,3,5,4/24/2021
1400,11688,4,3,2,2,4/24/2021
1401,11691,1,3,2,4,4/24/2021
1402,11694,5,3,3,2,4/24/2021
1403,11697,2,1,1,2,4/24/2021
1404,11708,4,4,1,2,4/24/2021
1405,11717,5,4,3,3,4/24/2021
1406,11722,5,3,1,5,4/24/2021
1407,11751,2,1,1,1,4/24/2021
1408,11758,1,5,1,4,4/24/2021
1409,11760,4,2,4,2,4/24/2021
1410,11761,4,4,1,1,4/24/2021
1411,11766,3,1,1,5,4/24/2021
1412,11781,5,4,3,1,4/24/2021
1413,11789,1,5,5,5,4/24/2021
1414,11791,4,1,4,1,4/24/2021
1415,11795,1,5,1,4,4/24/2021
1416,11804,4,5,1,4,4/25/2021
1417,11809,3,3,1,3,4/25/2021
1418,11822,3,2,1,5,4/25/2021
1419,11825,1,4,1,5,4/25/2021
1420,11845,1,3,1,2,4/25/2021
1421,11864,1,3,2,4,4/25/2021
1422,11866,5,1,2,4,4/25/2021
1423,11881,1,4,1,2,4/25/2021
1424,11884,3,4,2,2,4/25/2021
1425,11887,1,2,4,3,4/25/2021
1426,11906,2,1,4,4,4/25/2021
1427,11907,2,2,2,3,4/25/2021
1428,11919,4,1,3,4,4/25/2021
1429,11924,2,2,1,3,4/25/2021
1430,11948,3,5,3,5,4/25/2021
1431,11954,1,3,4,3,4/25/2021
1432,11959,1,3,2,4,4/25/2021
1433,11967,2,5,5,2,4/25/2021
1434,11982,2,2,2,4,4/25/2021
1435,11998,3,1,4,1,4/25/2021
1436,12014,2,3,1,1,4/25/2021
1437,12026,4,1,5,5,4/25/2021
1438,12029,2,5,2,5,4/25/2021
1439,12048,3,3,3,4,4/25/2021
1440,12052,5,5,1,4,4/25/2021
1441,12061,1,2,3,3,4/25/2021
1442,12062,4,4,5,5,4/25/2021
1443,12069,3,5,1,1,4/25/2021
1444,12070,2,1,3,2,4/25/2021
1445,12071,1,4,1,5,4/25/2021
1446,12104,2,2,2,5,4/25/2021
1447,12108,3,4,3,4,4/25/2021
1448,12111,4,3,4,2,4/25/2021
1449,12112,1,5,3,5,4/25/2021
1450,12114,5,2,2,2,4/25/2021
1451,12115,1,5,3,1,4/25/2021
1452,12116,3,1,5,4,4/25/2021
1453,12139,4,2,4,4,4/26/2021
1454,12152,5,2,5,3,4/26/2021
1455,12154,3,5,3,4,4/26/2021
1456,12168,5,3,1,4,4/26/2021
1457,12180,1,4,1,5,4/26/2021
1458,12184,3,4,5,1,4/26/2021
1459,12188,2,5,1,4,4/26/2021
1460,12190,4,4,4,4,4/26/2021
1461,12194,4,2,1,2,4/26/2021
1462,12207,3,4,5,1,4/26/2021
1463,12220,5,4,4,4,4/26/2021
1464,12224,5,5,5,2,4/26/2021
1465,12230,2,5,2,4,4/26/2021
1466,12235,1,3,5,4,4/26/2021
1467,12251,2,2,5,1,4/26/2021
1468,12254,1,1,5,2,4/26/2021
1469,12255,3,3,4,5,4/26/2021
1470,12266,3,1,2,2,4/26/2021
1471,12270,5,5,1,5,4/26/2021
1472,12281,1,1,4,5,4/26/2021
1473,12285,4,2,5,2,4/26/2021
1474,12288,1,2,5,2,4/26/2021
1475,12301,4,5,5,3,4/26/2021
1476,12311,5,1,5,2,4/26/2021
1477,12313,1,1,3,3,4/26/2021
1478,12317,3,2,3,5,4/26/2021
1479,12320,4,4,2,3,4/26/2021
1480,12321,4,2,1,1,4/26/2021
1481,12324,1,1,3,5,4/26/2021
1482,12325,4,1,3,4,4/26/2021
1483,12330,4,5,2,1,4/26/2021
1484,12339,3,5,5,2,4/26/2021
1485,12372,5,1,2,1,4/26/2021
1486,12376,1,3,3,1,4/26/2021
1487,12390,3,5,5,1,4/26/2021
1488,12401,1,1,4,2,4/27/2021
1489,12402,2,2,5,3,4/27/2021
1490,12408,2,5,5,3,4/27/2021
1491,12431,1,3,2,1,4/27/2021
1492,12450,4,5,2,4,4/27/2021
1493,12456,2,4,4,4,4/27/2021
1494,12463,5,4,5,5,4/27/2021
1495,12469,2,2,2,3,4/27/2021
1496,12476,1,5,1,2,4/27/2021
1497,12478,2,1,2,5,4/27/2021
1498,12507,5,5,2,3,4/27/2021
1499,12510,3,1,2,3,4/27/2021
1500,12519,5,4,3,1,4/27/2021
1501,12532,3,1,2,5,4/27/2021
1502,12544,2,2,2,4,4/27/2021
1503,12553,1,2,2,4,4/27/2021
1504,12554,1,1,1,1,4/27/2021
1505,12568,3,2,4,2,4/27/2021
1506,12574,4,1,1,3,4/27/2021
1507,12575,1,5,3,3,4/27/2021
1508,12627,1,1,1,1,4/27/2021
1509,12639,3,2,2,3,4/27/2021
1510,12644,3,2,4,3,4/27/2021
1511,12652,3,2,2,5,4/27/2021
1512,12663,3,1,3,2,4/27/2021
1513,12674,5,4,5,1,4/27/2021
1514,12676,2,4,2,2,4/27/2021
1515,12678,5,1,1,2,4/27/2021
1516,12687,4,3,1,5,4/27/2021
1517,12697,3,5,1,4,4/27/2021
1518,12698,1,5,4,3,4/27/2021
1519,12699,2,4,3,4,4/27/2021
1520,12730,4,1,2,1,4/27/2021
1521,12754,4,5,2,3,4/28/2021
1522,12755,3,3,1,3,4/28/2021
1523,12767,3,5,4,4,4/28/2021
1524,12774,5,4,1,2,4/28/2021
1525,12785,2,5,5,1,4/28/2021
1526,12788,5,3,4,5,4/28/2021
1527,12792,4,5,2,5,4/28/2021
1528,12794,1,3,2,5,4/28/2021
1529,12797,4,3,2,4,4/28/2021
1530,12798,3,5,2,4,4/28/2021
1531,12800,3,2,3,4,4/28/2021
1532,12804,5,2,4,4,4/28/2021
1533,12828,5,5,4,5,4/28/2021
1534,12831,1,4,1,1,4/28/2021
1535,12835,4,5,4,1,4/28/2021
1536,12839,1,4,5,4,4/28/2021
1537,12841,2,1,2,1,4/28/2021
1538,12882,1,3,3,1,4/28/2021
1539,12908,1,4,3,5,4/28/2021
1540,12919,5,5,3,2,4/28/2021
1541,12927,1,2,4,4,4/28/2021
1542,12941,5,2,4,4,4/28/2021
1543,12952,5,2,4,2,4/28/2021
1544,12958,1,1,2,4,4/28/2021
1545,12971,3,3,3,1,4/28/2021
1546,12975,2,4,2,1,4/28/2021
1547,12979,4,4,3,4,4/28/2021
1548,12980,5,4,4,5,4/28/2021
1549,12986,3,2,1,3,4/28/2021
1550,12998,1,5,4,3,4/28/2021
1551,13017,2,2,2,4,4/28/2021
1552,13046,1,5,3,1,4/28/2021
1553,13052,1,4,4,3,4/28/2021
1554,13058,2,2,1,3,4/28/2021
1555,13067,3,5,2,2,4/28/2021
1556,13080,5,4,2,5,4/28/2021
1557,13086,3,3,2,3,4/28/2021
1558,13107,3,1,5,1,4/28/2021
1559,13115,3,1,5,2,4/28/2021
1560,13123,4,3,1,2,4/28/2021
1561,13137,1,4,3,3,4/28/2021
1562,13145,5,2,2,1,4/28/2021
1563,13152,4,4,3,2,4/28/2021
1564,13164,3,3,4,2,4/29/2021
1565,13175,5,1,2,4,4/29/2021
1566,13185,3,3,4,4,4/29/2021
1567,13189,1,4,2,3,4/29/2021
1568,13192,3,5,4,2,4/29/2021
1569,13198,5,5,3,2,4/29/2021
1570,13215,5,2,3,3,4/29/2021
1571,13220,1,2,2,2,4/29/2021
1572,13233,4,2,4,1,4/29/2021
1573,13238,3,3,3,5,4/29/2021
1574,13242,4,1,2,4,4/29/2021
1575,13244,1,3,2,5,4/29/2021
1576,13248,5,1,4,5,4/29/2021
1577,13251,2,4,3,1,4/29/2021
1578,13253,2,1,5,3,4/29/2021
1579,13259,4,5,1,5,4/29/2021
1580,13266,5,5,4,2,4/29/2021
1581,13274,3,3,3,3,4/29/2021
1582,13277,1,3,3,2,4/29/2021
1583,13292,3,3,4,2,4/29/2021
1584,13296,5,3,1,4,4/29/2021
1585,13298,4,1,5,2,4/29/2021
1586,13305,2,1,5,3,4/29/2021
1587,13308,1,2,1,5,4/29/2021
1588,13318,4,1,4,2,4/29/2021
1589,13323,4,4,2,2,4/29/2021
1590,13336,4,2,2,4,4/29/2021
1591,13340,5,1,4,5,4/30/2021
1592,13352,4,3,5,5,4/30/2021
1593,13354,5,5,4,5,4/30/2021
1594,13363,4,2,4,4,4/30/2021
1595,13376,4,5,4,3,4/30/2021
1596,13379,1,1,5,2,4/30/2021
1597,13398,5,2,4,1,4/30/2021
1598,13413,5,3,5,2,4/30/2021
1599,13425,5,3,1,3,4/30/2021
1600,13432,2,2,2,3,4/30/2021
1601,13458,1,3,2,3,4/30/2021
1602,13463,1,1,3,2,4/30/2021
1603,13466,3,5,2,1,4/30/2021
1604,13476,1,5,2,2,4/30/2021
1605,13492,2,5,5,2,4/30/2021
1606,13499,3,1,4,4,4/30/2021
1607,13502,4,4,1,3,4/30/2021
1608,13507,1,3,1,2,4/30/2021
1609,13510,3,2,2,1,4/30/2021
1610,13517,3,2,3,2,4/30/2021
1611,13518,2,4,2,2,4/30/2021
1612,13522,5,4,3,2,4/30/2021
1613,13524,4,5,4,3,4/30/2021
1614,13532,3,4,3,4,4/30/2021
1615,13534,5,1,5,1,4/30/2021
1616,13551,5,5,4,3,4/30/2021
1617,13558,1,5,3,1,4/30/2021
1618,13564,4,3,4,1,4/30/2021
1619,13569,2,5,1,2,4/30/2021
1620,13572,1,2,1,1,4/30/2021
1621,13592,4,4,3,1,4/30/2021
1622,13600,2,5,4,5,4/30/2021
1623,13606,3,5,1,5,4/30/2021
1624,13609,3,5,5,4,4/30/2021
1625,13615,1,4,3,3,5/1/2021
1626,13634,2,5,5,1,5/1/2021
1627,13637,5,4,2,4,5/1/2021
1628,13641,5,2,2,4,5/1/2021
1629,13646,3,5,5,3,5/1/2021
1630,13647,2,3,1,2,5/1/2021
1631,13655,2,1,3,4,5/1/2021
1632,13659,4,4,5,3,5/1/2021
1633,13680,3,5,5,1,5/1/2021
1634,13690,2,2,1,5,5/1/2021
1635,13697,3,4,3,5,5/1/2021
1636,13701,4,2,5,4,5/1/2021
1637,13704,3,2,3,1,5/1/2021
1638,13710,4,3,4,3,5/1/2021
1639,13716,5,4,5,2,5/1/2021
1640,13729,2,3,5,5,5/1/2021
1641,13777,4,5,3,4,5/1/2021
1642,13782,1,3,1,3,5/1/2021
1643,13787,5,4,5,1,5/1/2021
1644,13800,4,5,4,2,5/1/2021
1645,13811,2,4,3,2,5/1/2021
1646,13827,4,4,4,2,5/1/2021
1647,13829,4,5,3,4,5/1/2021
1648,13838,3,4,2,3,5/1/2021
1649,13842,5,1,2,5,5/2/2021
1650,13844,5,2,5,4,5/2/2021
1651,13845,5,5,5,5,5/2/2021
1652,13855,3,5,2,1,5/2/2021
1653,13858,3,3,5,3,5/2/2021
1654,13862,2,2,5,3,5/2/2021
1655,13864,5,4,3,4,5/2/2021
1656,13870,5,4,2,4,5/2/2021
1657,13871,1,1,4,5,5/2/2021
1658,13879,5,1,5,5,5/2/2021
1659,13883,4,3,2,2,5/2/2021
1660,13892,4,5,3,2,5/2/2021
1661,13909,4,2,3,5,5/2/2021
1662,13912,4,4,4,2,5/2/2021
1663,13915,2,4,1,5,5/2/2021
1664,13920,2,5,5,1,5/2/2021
1665,13921,5,3,2,1,5/2/2021
1666,13926,1,1,1,3,5/2/2021
1667,13928,5,1,5,4,5/2/2021
1668,13936,2,5,2,5,5/2/2021
1669,13975,2,3,1,1,5/2/2021
1670,13985,5,1,2,5,5/2/2021
1671,13994,1,4,4,3,5/2/2021
1672,13995,4,5,1,1,5/2/2021
1673,13996,3,2,3,3,5/2/2021
1674,14001,2,1,3,1,5/2/2021
1675,14014,1,2,3,5,5/2/2021
1676,14019,1,5,4,1,5/2/2021
1677,14020,4,4,1,4,5/2/2021
1678,14040,3,3,5,3,5/2/2021
1679,14043,1,3,2,4,5/2/2021
1680,14044,5,4,1,4,5/3/2021
1681,14046,3,2,5,1,5/3/2021
1682,14052,3,5,4,1,5/3/2021
1683,14065,2,2,2,3,5/3/2021
1684,14070,2,2,3,4,5/3/2021
1685,14076,4,2,4,2,5/3/2021
1686,14078,1,1,4,5,5/3/2021
1687,14084,2,5,4,1,5/3/2021
1688,14090,1,4,2,3,5/3/2021
1689,14093,1,5,1,2,5/3/2021
1690,14104,5,5,5,4,5/3/2021
1691,14110,4,1,3,5,5/3/2021
1692,14120,1,4,2,4,5/3/2021
1693,14123,1,2,4,3,5/3/2021
1694,14129,4,2,2,2,5/3/2021
1695,14130,1,4,4,1,5/3/2021
1696,14134,2,4,2,5,5/3/2021
1697,14139,4,2,4,2,5/3/2021
1698,14151,3,5,4,5,5/3/2021
1699,14157,1,1,1,2,5/3/2021
1700,14159,3,2,5,3,5/4/2021
1701,14167,3,3,2,2,5/4/2021
1702,14172,4,2,1,5,5/4/2021
1703,14176,2,2,3,1,5/4/2021
1704,14183,2,1,1,2,5/4/2021
1705,14202,3,5,3,4,5/4/2021
1706,14217,5,5,4,3,5/4/2021
1707,14226,1,2,2,4,5/4/2021
1708,14235,3,1,2,4,5/4/2021
1709,14245,2,5,1,4,5/4/2021
1710,14248,5,5,5,5,5/4/2021
1711,14253,4,3,3,5,5/4/2021
1712,14264,1,3,1,5,5/4/2021
1713,14268,4,5,3,1,5/4/2021
1714,14282,2,4,4,4,5/4/2021
1715,14307,2,1,5,4,5/4/2021
1716,14330,5,4,3,3,5/4/2021
1717,14336,5,1,2,4,5/4/2021
1718,14343,5,3,3,1,5/4/2021
1719,14344,2,1,1,5,5/4/2021
1720,14345,4,2,4,3,5/4/2021
1721,14350,4,4,3,4,5/4/2021
1722,14352,5,2,1,5,5/4/2021
1723,14373,4,5,2,3,5/4/2021
1724,14375,5,5,3,5,5/4/2021
1725,14376,2,4,5,2,5/4/2021
1726,14386,3,1,5,5,5/5/2021
1727,14395,4,2,5,5,5/5/2021
1728,14407,3,4,3,3,5/5/2021
1729,14409,5,3,1,4,5/5/2021
1730,14414,3,5,1,4,5/5/2021
1731,14419,4,4,4,2,5/5/2021
1732,14422,4,3,5,4,5/5/2021
1733,14428,2,5,5,3,5/5/2021
1734,14432,1,3,1,3,5/5/2021
1735,14441,5,2,3,5,5/5/2021
1736,14442,3,3,3,3,5/5/2021
1737,14443,1,1,1,5,5/5/2021
1738,14451,3,3,2,2,5/5/2021
1739,14456,4,5,5,4,5/5/2021
1740,14469,5,1,5,4,5/5/2021
1741,14476,1,5,3,4,5/5/2021
1742,14493,4,3,5,1,5/6/2021
1743,14503,1,5,3,5,5/6/2021
1744,14505,3,5,2,5,5/6/2021
1745,14512,2,1,2,1,5/6/2021
1746,14518,5,5,4,2,5/6/2021
1747,14522,3,4,3,1,5/6/2021
1748,14538,2,5,3,3,5/6/2021
1749,14551,1,5,4,3,5/6/2021
1750,14552,5,2,3,2,5/6/2021
1751,14559,4,1,2,3,5/6/2021
1752,14592,5,2,2,4,5/6/2021
1753,14597,3,1,2,4,5/6/2021
1754,14611,5,3,2,1,5/6/2021
1755,14615,2,5,2,3,5/6/2021
1756,14630,1,5,4,4,5/6/2021
1757,14633,4,1,5,3,5/6/2021
1758,14641,2,3,5,4,5/6/2021
1759,14642,2,3,4,5,5/6/2021
1760,14661,1,5,4,2,5/6/2021
1761,14670,1,4,2,1,5/6/2021
1762,14674,5,1,1,3,5/6/2021
1763,14677,1,4,1,2,5/6/2021
1764,14680,1,3,4,4,5/7/2021
1765,14688,2,2,2,5,5/7/2021
1766,14690,1,3,5,2,5/7/2021
1767,14696,4,5,3,1,5/7/2021
1768,14702,2,3,4,5,5/7/2021
1769,14708,1,4,3,1,5/7/2021
1770,14726,1,1,4,4,5/7/2021
1771,14737,5,5,5,2,5/7/2021
1772,14750,1,5,2,2,5/7/2021
1773,14758,1,4,1,3,5/7/2021
1774,14770,3,1,3,3,5/7/2021
1775,14799,3,2,3,4,5/7/2021
1776,14813,5,1,3,5,5/7/2021
1777,14815,4,1,1,5,5/7/2021
1778,14847,1,1,2,4,5/7/2021
1779,14848,5,3,1,1,5/7/2021
1780,14853,4,1,3,1,5/7/2021
1781,14862,2,1,5,3,5/7/2021
1782,14865,3,2,3,5,5/7/2021
1783,14869,5,2,3,5,5/7/2021
1784,14875,2,4,3,3,5/7/2021
1785,14877,5,1,4,4,5/7/2021
1786,14883,4,5,3,3,5/7/2021
1787,14895,2,4,4,1,5/8/2021
1788,14909,5,3,1,4,5/8/2021
1789,14919,2,3,5,4,5/8/2021
1790,14921,3,1,1,1,5/8/2021
1791,14934,2,5,1,5,5/8/2021
1792,14939,5,3,3,4,5/8/2021
1793,14945,3,1,2,1,5/8/2021
1794,14949,2,3,3,3,5/8/2021
1795,14951,1,3,4,4,5/8/2021
1796,14956,2,2,4,2,5/8/2021
1797,14957,3,5,3,5,5/8/2021
1798,14983,2,4,1,1,5/8/2021
1799,14989,3,2,3,2,5/8/2021
1800,14993,4,3,4,3,5/8/2021
1801,14996,3,5,3,3,5/8/2021
1802,15001,4,2,5,2,5/8/2021
1803,15006,3,1,4,2,5/8/2021
1804,15023,4,3,1,3,5/8/2021
1805,15025,5,5,1,4,5/8/2021
1806,15030,2,5,1,4,5/8/2021
1807,15047,3,1,5,4,5/8/2021
1808,15055,4,5,1,2,5/8/2021
1809,15077,2,3,1,1,5/9/2021
1810,15096,5,1,2,3,5/9/2021
1811,15100,5,4,5,2,5/9/2021
1812,15111,3,3,4,2,5/9/2021
1813,15119,2,5,2,3,5/9/2021
1814,15154,2,4,3,2,5/9/2021
1815,15166,4,3,2,3,5/9/2021
1816,15167,3,4,4,4,5/9/2021
1817,15174,1,1,1,1,5/9/2021
1818,15177,4,5,1,5,5/9/2021
1819,15180,4,4,4,5,5/9/2021
1820,15188,5,3,3,1,5/9/2021
1821,15197,5,2,2,5,5/9/2021
1822,15204,3,2,4,1,5/9/2021
1823,15219,2,5,3,4,5/9/2021
1824,15221,5,2,2,3,5/9/2021
1825,15228,2,4,3,4,5/9/2021
1826,15229,2,4,3,5,5/9/2021
1827,15230,4,2,1,2,5/9/2021
1828,15232,3,4,1,5,5/9/2021
1829,15234,4,1,2,5,5/9/2021
1830,15235,5,4,2,1,5/10/2021
1831,15240,5,3,2,3,5/10/2021
1832,15254,3,3,5,3,5/10/2021
1833,15262,2,5,3,5,5/10/2021
1834,15276,2,1,5,1,5/10/2021
1835,15278,3,5,3,3,5/10/2021
1836,15291,4,4,5,1,5/10/2021
1837,15292,3,2,2,4,5/10/2021
1838,15310,4,4,3,2,5/10/2021
1839,15320,4,3,4,4,5/10/2021
1840,15321,2,3,3,5,5/10/2021
1841,15332,5,1,2,5,5/10/2021
1842,15345,5,5,5,1,5/10/2021
1843,15352,3,2,3,1,5/10/2021
1844,15364,5,4,3,3,5/10/2021
1845,15378,5,4,5,5,5/10/2021
1846,15379,5,5,3,5,5/10/2021
1847,15383,3,2,3,1,5/10/2021
1848,15394,5,3,2,2,5/10/2021
1849,15396,5,1,1,4,5/10/2021
1850,15402,3,4,5,5,5/10/2021
1851,15412,4,5,2,1,5/10/2021
1852,15423,2,5,4,4,5/10/2021
1853,15432,3,2,2,4,5/10/2021
1854,15433,2,2,3,4,5/10/2021
1855,15435,1,1,2,4,5/10/2021
1856,15440,4,4,5,1,5/10/2021
1857,15449,1,2,4,1,5/10/2021
1858,15452,3,4,4,4,5/10/2021
1859,15460,1,4,3,5,5/11/2021
1860,15472,1,2,1,3,5/11/2021
1861,15476,5,2,2,3,5/11/2021
1862,15477,2,4,5,5,5/11/2021
1863,15505,2,5,3,5,5/11/2021
1864,15514,1,3,3,1,5/11/2021
1865,15524,4,2,5,1,5/11/2021
1866,15547,2,4,2,2,5/11/2021
1867,15553,3,5,3,1,5/11/2021
1868,15554,1,1,1,4,5/11/2021
1869,15556,4,2,5,4,5/11/2021
1870,15566,3,2,2,5,5/11/2021
1871,15573,3,3,3,3,5/11/2021
1872,15577,2,3,3,3,5/11/2021
1873,15598,4,1,1,1,5/11/2021
1874,15599,3,2,4,4,5/11/2021
1875,15623,3,4,4,5,5/11/2021
1876,15639,3,1,3,2,5/11/2021
1877,15647,3,5,3,5,5/11/2021
1878,15649,1,5,1,3,5/11/2021
1879,15662,1,4,1,2,5/11/2021
1880,15668,1,2,5,5,5/11/2021
1881,15671,2,1,1,1,5/11/2021
1882,15686,3,3,2,4,5/11/2021
1883,15715,2,3,2,3,5/12/2021
1884,15716,5,3,4,5,5/12/2021
1885,15725,3,1,5,5,5/12/2021
1886,15726,4,1,5,4,5/12/2021
1887,15730,5,1,1,3,5/12/2021
1888,15742,4,1,2,1,5/12/2021
1889,15748,5,2,1,5,5/12/2021
1890,15753,1,3,1,3,5/12/2021
1891,15763,5,3,3,5,5/12/2021
1892,15768,1,1,5,1,5/12/2021
1893,15783,2,5,3,1,5/12/2021
1894,15786,5,1,4,3,5/12/2021
1895,15796,1,1,3,4,5/12/2021
1896,15797,1,3,4,4,5/12/2021
1897,15810,3,5,4,2,5/12/2021
1898,15812,3,5,1,2,5/12/2021
1899,15814,3,4,3,5,5/12/2021
1900,15815,1,1,5,2,5/12/2021
1901,15840,5,4,2,5,5/12/2021
1902,15845,5,1,5,4,5/12/2021
1903,15854,5,4,3,3,5/12/2021
1904,15861,4,3,5,5,5/12/2021
1905,15886,1,3,1,3,5/13/2021
1906,15908,4,2,3,2,5/13/2021
1907,15913,5,3,3,4,5/13/2021
1908,15917,5,1,1,1,5/13/2021
1909,15929,5,1,4,2,5/13/2021
1910,15935,1,1,5,3,5/13/2021
1911,15936,2,4,2,2,5/13/2021
1912,15939,4,2,4,3,5/13/2021
1913,15945,2,1,2,5,5/13/2021
1914,15946,3,2,3,4,5/13/2021
1915,15947,3,1,1,4,5/13/2021
1916,15956,4,2,1,5,5/13/2021
1917,15962,2,1,3,4,5/13/2021
1918,15965,1,1,3,2,5/13/2021
1919,15998,1,1,4,2,5/13/2021
1920,16013,1,3,5,1,5/13/2021
1921,16036,4,2,1,4,5/13/2021
1922,16042,1,5,2,3,5/13/2021
1923,16063,5,1,5,1,5/13/2021
1924,16067,2,1,3,4,5/13/2021
1925,16085,3,2,1,4,5/13/2021
1926,16100,3,3,3,2,5/13/2021
1927,16101,5,5,5,3,5/13/2021
1928,16119,3,3,4,2,5/13/2021
1929,16131,4,3,4,4,5/13/2021
1930,16135,5,2,5,1,5/14/2021
1931,16136,5,4,2,5,5/14/2021
1932,16140,2,4,1,4,5/14/2021
1933,16155,5,3,5,1,5/14/2021
1934,16159,4,3,5,4,5/14/2021
1935,16164,5,1,5,5,5/14/2021
1936,16165,3,3,3,4,5/14/2021
1937,16174,5,2,1,3,5/14/2021
1938,16180,3,2,5,5,5/14/2021
1939,16183,3,4,2,2,5/14/2021
1940,16190,5,3,4,5,5/14/2021
1941,16195,3,5,4,1,5/14/2021
1942,16200,4,4,4,1,5/14/2021
1943,16203,2,3,1,4,5/14/2021
1944,16227,1,5,2,3,5/14/2021
1945,16230,2,4,1,2,5/14/2021
1946,16245,5,2,4,5,5/14/2021
1947,16250,4,3,2,2,5/14/2021
1948,16251,4,5,1,3,5/14/2021
1949,16263,4,3,5,5,5/14/2021
1950,16269,3,5,4,2,5/14/2021
1951,16270,4,3,1,5,5/14/2021
1952,16280,1,1,5,2,5/14/2021
1953,16284,5,5,3,2,5/14/2021
1954,16286,4,1,1,5,5/14/2021
1955,16291,5,1,1,2,5/15/2021
1956,16312,2,3,3,5,5/15/2021
1957,16323,4,3,4,5,5/15/2021
1958,16335,2,3,5,3,5/15/2021
1959,16342,3,3,1,1,5/15/2021
1960,16347,5,5,3,5,5/15/2021
1961,16357,5,1,5,5,5/16/2021
1962,16362,5,2,4,5,5/16/2021
1963,16370,3,4,5,3,5/16/2021
1964,16396,3,1,1,4,5/16/2021
1965,16400,3,3,2,4,5/16/2021
1966,16408,3,4,2,2,5/16/2021
1967,16410,1,4,1,1,5/16/2021
1968,16411,1,4,5,3,5/16/2021
1969,16416,2,3,2,4,5/16/2021
1970,16418,2,2,2,1,5/16/2021
1971,16422,5,2,4,3,5/16/2021
1972,16433,4,2,1,2,5/16/2021
1973,16434,5,2,2,2,5/16/2021
1974,16447,5,4,3,4,5/16/2021
1975,16464,3,1,2,4,5/16/2021
1976,16473,5,5,4,5,5/16/2021
1977,16475,3,3,5,1,5/16/2021
1978,16481,1,4,4,3,5/17/2021
1979,16492,5,2,3,4,5/17/2021
1980,16495,2,5,5,4,5/17/2021
1981,16504,4,3,1,4,5/17/2021
1982,16520,5,1,3,3,5/17/2021
1983,16522,3,3,3,2,5/17/2021
1984,16528,4,4,4,5,5/17/2021
1985,16539,5,1,2,5,5/17/2021
1986,16542,4,4,5,2,5/17/2021
1987,16547,3,1,1,1,5/17/2021
1988,16548,1,2,3,3,5/17/2021
1989,16557,5,4,2,3,5/17/2021
1990,16575,1,5,2,1,5/17/2021
1991,16589,3,3,1,1,5/17/2021
1992,16591,3,4,5,2,5/17/2021
1993,16629,4,2,1,3,5/17/2021
1994,16638,1,1,5,2,5/17/2021
1995,16656,1,3,2,2,5/17/2021
1996,16677,5,1,4,5,5/17/2021
1997,16685,5,5,1,4,5/17/2021
1998,16692,4,1,5,4,5/17/2021
1999,16704,1,5,1,5,5/17/2021
2000,16705,3,4,3,3,5/18/2021
2001,16708,4,3,1,4,5/18/2021
2002,16713,5,4,3,2,5/18/2021
2003,16714,1,4,1,3,5/18/2021
2004,16724,1,2,4,4,5/18/2021
2005,16725,4,2,2,1,5/18/2021
2006,16727,3,2,3,2,5/18/2021
2007,16736,3,5,2,3,5/18/2021
2008,16739,5,5,3,5,5/18/2021
2009,16743,2,1,3,2,5/18/2021
2010,16744,4,4,4,2,5/18/2021
2011,16753,2,1,4,1,5/18/2021
2012,16769,1,5,4,5,5/18/2021
2013,16787,3,2,4,1,5/18/2021
2014,16810,1,4,3,3,5/18/2021
2015,16812,5,1,5,4,5/18/2021
2016,16841,2,2,3,1,5/18/2021
2017,16862,1,1,3,4,5/18/2021
2018,16884,3,2,5,4,5/18/2021
2019,16892,2,5,5,5,5/18/2021
2020,16901,3,1,4,3,5/19/2021
2021,16915,3,5,2,5,5/19/2021
2022,16920,5,1,3,4,5/19/2021
2023,16922,2,5,2,3,5/19/2021
2024,16923,1,4,4,4,5/19/2021
2025,16929,1,5,3,5,5/19/2021
2026,16932,5,1,5,3,5/19/2021
2027,16934,3,3,3,1,5/19/2021
2028,16935,3,4,4,3,5/19/2021
2029,16936,1,1,4,4,5/19/2021
2030,16939,5,5,5,2,5/19/2021
2031,16946,4,2,1,2,5/19/2021
2032,16950,1,5,1,1,5/19/2021
2033,16959,2,2,4,1,5/19/2021
2034,16960,1,1,3,4,5/19/2021
2035,16968,3,5,4,2,5/19/2021
2036,16974,4,4,5,2,5/19/2021
2037,17006,2,3,4,4,5/19/2021
2038,17010,4,2,4,5,5/19/2021
2039,17016,2,2,4,1,5/19/2021
2040,17025,4,2,4,1,5/20/2021
2041,17045,3,3,3,1,5/20/2021
2042,17055,1,1,1,1,5/20/2021
2043,17061,2,2,3,5,5/20/2021
2044,17069,2,4,2,1,5/20/2021
2045,17074,4,4,1,2,5/20/2021
2046,17079,3,5,4,2,5/20/2021
2047,17082,2,1,2,4,5/20/2021
2048,17089,5,5,5,3,5/20/2021
2049,17090,2,4,5,5,5/20/2021
2050,17098,5,2,5,4,5/20/2021
2051,17101,5,4,5,4,5/20/2021
2052,17103,4,1,5,5,5/20/2021
2053,17112,1,2,4,3,5/20/2021
2054,17123,5,2,4,2,5/20/2021
2055,17132,3,5,3,1,5/20/2021
2056,17139,3,5,3,1,5/20/2021
2057,17151,4,4,3,5,5/20/2021
2058,17155,1,1,1,2,5/21/2021
2059,17159,1,4,3,2,5/21/2021
2060,17162,4,4,4,2,5/21/2021
2061,17169,2,4,3,2,5/21/2021
2062,17174,1,1,1,3,5/21/2021
2063,17175,3,5,5,5,5/21/2021
2064,17178,5,3,4,1,5/21/2021
2065,17179,4,1,1,4,5/21/2021
2066,17189,4,3,2,2,5/21/2021
2067,17207,1,1,3,5,5/21/2021
2068,17211,5,1,5,5,5/21/2021
2069,17217,1,1,3,3,5/21/2021
2070,17234,3,2,2,4,5/21/2021
2071,17247,1,3,2,3,5/21/2021
2072,17257,5,4,1,4,5/21/2021
2073,17259,3,5,2,5,5/21/2021
2074,17268,1,1,3,2,5/21/2021
2075,17273,2,2,4,5,5/21/2021
2076,17276,1,4,1,1,5/21/2021
2077,17284,5,2,5,3,5/21/2021
2078,17286,5,1,3,1,5/21/2021
2079,17313,3,3,2,5,5/21/2021
2080,17323,4,5,1,4,5/21/2021
2081,17327,1,2,5,4,5/21/2021
2082,17348,4,4,4,5,5/21/2021
2083,17379,5,2,2,1,5/21/2021
2084,17383,3,3,4,4,5/21/2021
2085,17385,5,4,4,2,5/21/2021
2086,17390,1,3,5,2,5/22/2021
2087,17398,4,1,1,2,5/22/2021
2088,17401,4,5,2,4,5/22/2021
2089,17407,1,5,1,5,5/22/2021
2090,17408,1,5,3,4,5/22/2021
2091,17409,5,1,1,2,5/22/2021
2092,17413,2,1,1,4,5/22/2021
2093,17428,1,2,5,3,5/22/2021
2094,17434,4,3,2,5,5/22/2021
2095,17438,5,2,3,5,5/22/2021
2096,17455,5,5,3,1,5/22/2021
2097,17469,2,5,2,3,5/22/2021
2098,17476,3,5,3,1,5/22/2021
2099,17477,2,5,2,3,5/22/2021
2100,17485,2,4,2,4,5/22/2021
2101,17511,1,3,1,3,5/22/2021
2102,17513,5,3,2,5,5/22/2021
2103,17524,1,3,1,2,5/22/2021
2104,17549,1,5,3,2,5/22/2021
2105,17559,5,2,5,3,5/22/2021
2106,17561,2,4,1,1,5/23/2021
2107,17569,1,5,5,5,5/23/2021
2108,17571,3,3,2,1,5/23/2021
2109,17573,3,3,5,5,5/23/2021
2110,17590,1,5,5,1,5/23/2021
2111,17593,2,4,3,5,5/23/2021
2112,17598,3,2,4,5,5/23/2021
2113,17604,1,3,4,5,5/23/2021
2114,17606,2,2,5,3,5/23/2021
2115,17610,5,4,5,5,5/23/2021
2116,17613,3,2,3,2,5/23/2021
2117,17615,3,1,4,4,5/23/2021
2118,17618,5,4,5,3,5/23/2021
2119,17621,5,1,3,3,5/23/2021
2120,17632,5,5,3,4,5/23/2021
2121,17634,5,1,2,1,5/23/2021
2122,17637,4,4,4,4,5/23/2021
2123,17647,5,3,3,1,5/23/2021
2124,17651,1,4,4,5,5/23/2021
2125,17663,2,5,5,5,5/23/2021
2126,17665,4,1,2,1,5/23/2021
2127,17666,4,1,5,5,5/23/2021
2128,17669,1,5,1,2,5/23/2021
2129,17670,1,3,4,4,5/24/2021
2130,17689,1,2,2,4,5/24/2021
2131,17709,4,5,4,2,5/24/2021
2132,17717,5,3,4,3,5/24/2021
2133,17722,2,4,4,4,5/24/2021
2134,17727,2,3,2,4,5/24/2021
2135,17731,2,2,5,2,5/24/2021
2136,17735,1,4,5,1,5/24/2021
2137,17740,4,5,2,5,5/24/2021
2138,17744,5,4,1,4,5/24/2021
2139,17745,1,3,1,3,5/24/2021
2140,17754,5,1,4,2,5/24/2021
2141,17757,3,5,1,1,5/24/2021
2142,17760,2,1,4,1,5/24/2021
2143,17762,4,3,1,4,5/24/2021
2144,17767,3,5,2,1,5/24/2021
2145,17774,5,2,2,5,5/24/2021
2146,17776,5,4,1,3,5/24/2021
2147,17779,4,5,2,4,5/24/2021
2148,17792,3,4,4,4,5/24/2021
2149,17796,3,4,5,4,5/24/2021
2150,17815,4,3,1,4,5/24/2021
2151,17829,1,4,3,2,5/24/2021
2152,17839,4,4,4,5,5/24/2021
2153,17840,2,2,3,2,5/24/2021
2154,17842,5,1,3,3,5/25/2021
2155,17844,2,1,4,2,5/25/2021
2156,17857,3,1,3,5,5/25/2021
2157,17877,2,4,1,5,5/25/2021
2158,17878,1,3,4,2,5/25/2021
2159,17885,1,3,1,4,5/25/2021
2160,17894,3,2,3,2,5/25/2021
2161,17904,4,3,2,1,5/25/2021
2162,17908,3,1,1,5,5/25/2021
2163,17915,5,3,4,3,5/25/2021
2164,17917,4,3,4,3,5/25/2021
2165,17919,3,2,3,3,5/25/2021
2166,17922,5,3,2,5,5/25/2021
2167,17929,4,3,4,4,5/25/2021
2168,17970,3,2,4,2,5/25/2021
2169,17976,3,2,2,4,5/25/2021
2170,17989,5,2,2,5,5/25/2021
2171,18005,2,4,2,4,5/25/2021
2172,18012,2,1,5,5,5/25/2021
2173,18028,2,4,2,5,5/25/2021
2174,18029,2,3,1,4,5/25/2021
2175,18034,3,2,1,1,5/25/2021
2176,18043,1,3,2,2,5/26/2021
2177,18048,3,4,3,1,5/26/2021
2178,18055,1,3,3,3,5/26/2021
2179,18057,1,1,2,4,5/26/2021
2180,18066,1,4,1,3,5/26/2021
2181,18083,2,1,5,4,5/26/2021
2182,18086,1,1,5,5,5/26/2021
2183,18087,1,2,2,1,5/26/2021
2184,18104,5,4,1,5,5/26/2021
2185,18118,3,4,1,1,5/26/2021
2186,18122,3,1,3,1,5/26/2021
2187,18135,2,2,2,1,5/26/2021
2188,18147,1,2,2,2,5/26/2021
2189,18153,4,3,4,1,5/26/2021
2190,18163,5,4,4,5,5/26/2021
2191,18169,5,3,5,1,5/26/2021
2192,18185,1,4,2,5,5/26/2021
2193,18192,2,1,3,1,5/26/2021
2194,18202,4,4,5,2,5/26/2021
2195,18205,3,3,5,2,5/26/2021
2196,18206,4,2,4,1,5/27/2021
2197,18227,5,2,5,1,5/27/2021
2198,18243,5,5,5,5,5/27/2021
2199,18255,2,4,3,1,5/27/2021
2200,18257,3,4,2,1,5/27/2021
2201,18259,3,5,1,4,5/27/2021
2202,18260,2,4,5,4,5/27/2021
2203,18267,4,4,4,2,5/27/2021
2204,18273,4,3,5,4,5/27/2021
2205,18311,1,5,5,5,5/27/2021
2206,18348,4,3,5,5,5/27/2021
2207,18355,4,1,3,3,5/27/2021
2208,18361,2,5,2,1,5/27/2021
2209,18362,4,2,5,5,5/27/2021
2210,18367,1,1,5,4,5/27/2021
2211,18372,3,3,5,2,5/28/2021
2212,18388,5,2,4,1,5/28/2021
2213,18393,5,1,3,3,5/28/2021
2214,18396,3,2,1,1,5/28/2021
2215,18404,5,2,3,4,5/28/2021
2216,18410,4,4,3,1,5/28/2021
2217,18414,1,5,3,2,5/28/2021
2218,18416,1,4,4,4,5/28/2021
2219,18417,3,4,1,4,5/28/2021
2220,18418,5,4,2,1,5/28/2021
2221,18420,5,5,2,2,5/28/2021
2222,18423,5,1,2,4,5/28/2021
2223,18435,4,1,2,2,5/28/2021
2224,18444,4,2,3,1,5/28/2021
2225,18466,1,5,5,2,5/28/2021
2226,18468,2,5,2,2,5/28/2021
2227,18473,3,4,5,5,5/29/2021
2228,18478,2,1,1,2,5/29/2021
2229,18491,5,5,2,1,5/29/2021
2230,18495,2,1,4,4,5/29/2021
2231,18497,3,3,1,5,5/29/2021
2232,18498,3,1,5,2,5/29/2021
2233,18506,3,1,3,3,5/29/2021
2234,18521,3,4,1,1,5/29/2021
2235,18531,2,2,4,1,5/29/2021
2236,18557,2,4,3,3,5/29/2021
2237,18559,3,1,5,5,5/29/2021
2238,18565,5,3,5,5,5/29/2021
2239,18567,5,5,5,4,5/29/2021
2240,18573,2,5,3,5,5/29/2021
2241,18587,5,1,5,5,5/29/2021
2242,18589,4,5,3,1,5/29/2021
2243,18599,4,4,1,3,5/29/2021
2244,18608,4,4,2,1,5/29/2021
2245,18611,2,2,2,1,5/29/2021
2246,18620,3,2,1,1,5/29/2021
2247,18624,5,5,5,1,5/29/2021
2248,18630,5,1,3,3,5/29/2021
2249,18632,5,2,4,5,5/29/2021
2250,18671,1,2,5,1,5/30/2021
2251,18694,1,2,3,1,5/30/2021
2252,18699,4,1,5,5,5/30/2021
2253,18710,2,5,2,3,5/30/2021
2254,18711,4,1,4,5,5/30/2021
2255,18720,3,2,5,2,5/30/2021
2256,18733,1,4,3,1,5/30/2021
2257,18740,2,3,1,5,5/30/2021
2258,18746,3,1,5,3,5/30/2021
2259,18757,5,2,1,5,5/30/2021
2260,18762,1,4,4,1,5/30/2021
2261,18778,1,1,1,4,5/30/2021
2262,18786,1,3,3,5,5/30/2021
2263,18804,5,3,1,1,5/30/2021
2264,18825,4,4,4,3,5/30/2021
2265,18831,3,4,1,4,5/30/2021
2266,18857,5,5,1,3,5/30/2021
2267,18892,4,2,3,3,5/30/2021
2268,18902,1,3,3,4,5/30/2021
2269,18906,2,5,5,1,5/30/2021
2270,18909,3,4,1,2,5/30/2021
2271,18911,5,5,3,1,5/31/2021
2272,18915,4,2,5,5,5/31/2021
2273,18917,4,2,3,4,5/31/2021
2274,18920,2,2,1,5,5/31/2021
2275,18942,5,5,3,5,5/31/2021
2276,18961,4,3,5,5,5/31/2021
2277,18968,3,3,3,2,5/31/2021
2278,18974,3,4,2,4,5/31/2021
2279,18980,1,4,2,1,5/31/2021
2280,18998,1,5,1,3,5/31/2021
2281,18999,5,3,5,1,5/31/2021
2282,19027,3,5,1,2,5/31/2021
2283,19030,3,5,3,5,5/31/2021
2284,19043,1,2,3,5,5/31/2021
2285,19053,3,4,2,5,5/31/2021
2286,19060,4,4,4,4,5/31/2021
2287,19063,5,5,3,4,5/31/2021
2288,19066,5,4,3,1,5/31/2021
2289,19080,1,3,4,5,5/31/2021
2290,19083,5,4,4,2,5/31/2021
2291,19086,1,3,2,3,5/31/2021
2292,19106,1,1,1,4,5/31/2021
2293,19113,4,4,2,4,5/31/2021
2294,19122,2,2,5,2,6/1/2021
2295,19126,3,5,1,4,6/1/2021
2296,19135,4,1,1,5,6/1/2021
2297,19139,2,2,1,4,6/1/2021
2298,19158,2,5,4,1,6/1/2021
2299,19169,5,2,5,2,6/1/2021
2300,19175,4,5,4,2,6/1/2021
2301,19178,3,3,3,4,6/1/2021
2302,19189,1,3,2,5,6/1/2021
2303,19223,2,2,5,2,6/1/2021
2304,19225,4,4,5,2,6/1/2021
2305,19242,2,3,5,5,6/1/2021
2306,19244,3,1,2,3,6/1/2021
2307,19261,1,5,1,1,6/1/2021
2308,19263,5,2,3,3,6/1/2021
2309,19273,5,5,4,4,6/1/2021
2310,19284,4,3,1,2,6/1/2021
2311,19296,5,4,2,1,6/1/2021
2312,19301,5,4,4,5,6/1/2021
2313,19306,3,4,3,4,6/2/2021
2314,19312,2,3,3,4,6/2/2021
2315,19316,5,3,3,5,6/2/2021
2316,19319,4,5,1,1,6/2/2021
2317,19326,3,3,2,2,6/2/2021
2318,19333,5,1,2,2,6/2/2021
2319,19351,3,2,4,1,6/2/2021
2320,19374,3,5,5,2,6/2/2021
2321,19381,1,5,3,4,6/2/2021
2322,19391,4,5,1,4,6/2/2021
2323,19401,3,5,1,3,6/2/2021
2324,19410,1,3,4,1,6/2/2021
2325,19413,1,4,5,3,6/2/2021
2326,19414,2,1,5,1,6/2/2021
2327,19424,4,1,5,3,6/2/2021
2328,19425,3,2,3,4,6/2/2021
2329,19426,4,4,1,1,6/2/2021
2330,19431,4,1,2,2,6/2/2021
2331,19437,2,4,2,1,6/2/2021
2332,19440,5,3,4,2,6/2/2021
2333,19447,3,3,4,3,6/3/2021
2334,19448,5,2,1,1,6/3/2021
2335,19455,5,3,3,1,6/3/2021
2336,19456,1,5,2,5,6/3/2021
2337,19459,4,1,2,3,6/3/2021
2338,19472,2,1,5,5,6/3/2021
2339,19474,5,3,3,4,6/3/2021
2340,19479,4,4,2,2,6/3/2021
2341,19486,1,4,1,4,6/3/2021
2342,19491,3,3,3,4,6/3/2021
2343,19496,4,2,4,1,6/3/2021
2344,19500,4,5,1,4,6/3/2021
2345,19508,3,4,5,2,6/3/2021
2346,19530,5,2,2,2,6/3/2021
2347,19534,3,4,3,1,6/4/2021
2348,19536,3,1,2,5,6/4/2021
2349,19538,5,3,3,2,6/4/2021
2350,19544,1,4,2,5,6/4/2021
2351,19555,2,2,5,4,6/4/2021
2352,19560,2,5,2,2,6/4/2021
2353,19582,5,3,2,1,6/4/2021
2354,19588,3,1,5,3,6/4/2021
2355,19617,2,4,4,5,6/4/2021
2356,19618,1,4,2,5,6/4/2021
2357,19642,3,1,1,1,6/4/2021
2358,19650,3,3,3,1,6/4/2021
2359,19653,5,1,1,5,6/4/2021
2360,19656,5,2,4,2,6/4/2021
2361,19659,5,5,2,1,6/4/2021
2362,19662,1,4,2,3,6/4/2021
2363,19683,3,5,2,5,6/4/2021
2364,19684,2,1,1,1,6/5/2021
2365,19688,1,2,5,5,6/5/2021
2366,19695,5,5,5,1,6/5/2021
2367,19714,3,1,3,2,6/5/2021
2368,19715,5,2,1,3,6/5/2021
2369,19716,2,2,2,3,6/5/2021
2370,19719,4,4,5,1,6/5/2021
2371,19730,5,5,5,2,6/5/2021
2372,19733,3,1,2,4,6/5/2021
2373,19757,2,2,4,2,6/5/2021
2374,19769,1,4,3,3,6/5/2021
2375,19775,3,1,4,5,6/5/2021
2376,19781,2,1,2,4,6/5/2021
2377,19787,1,1,2,1,6/5/2021
2378,19790,1,2,1,1,6/5/2021
2379,19800,3,1,2,5,6/5/2021
2380,19802,2,5,1,5,6/5/2021
2381,19803,3,2,1,2,6/5/2021
2382,19818,2,2,4,1,6/6/2021
2383,19825,1,2,4,1,6/6/2021
2384,19829,5,4,4,2,6/6/2021
2385,19839,5,4,4,5,6/6/2021
2386,19845,4,1,3,1,6/6/2021
2387,19851,1,2,2,5,6/6/2021
2388,19865,2,5,2,4,6/6/2021
2389,19866,2,5,1,2,6/6/2021
2390,19884,5,2,1,2,6/6/2021
2391,19885,3,4,4,5,6/6/2021
2392,19887,4,1,5,1,6/6/2021
2393,19905,5,3,3,4,6/7/2021
2394,19939,1,1,5,1,6/7/2021
2395,19944,3,3,2,1,6/7/2021
2396,19946,3,3,3,4,6/7/2021
2397,19952,3,5,4,3,6/7/2021
2398,19954,2,2,3,1,6/7/2021
2399,19966,5,3,3,2,6/7/2021
2400,19971,4,2,1,1,6/7/2021
2401,19974,2,4,1,3,6/7/2021
2402,19983,1,3,3,4,6/7/2021
2403,19984,3,3,5,1,6/7/2021
2404,19991,5,1,3,4,6/7/2021
2405,20004,5,4,3,2,6/7/2021
2406,20016,3,1,2,3,6/7/2021
2407,20018,1,3,2,5,6/7/2021
2408,20028,2,2,5,5,6/7/2021
2409,20032,2,3,1,4,6/7/2021
2410,20044,4,5,1,2,6/8/2021
2411,20052,2,3,3,1,6/8/2021
2412,20063,4,5,4,5,6/8/2021
2413,20079,3,1,3,5,6/8/2021
2414,20086,2,4,2,1,6/8/2021
2415,20088,2,1,3,4,6/8/2021
2416,20096,5,5,3,5,6/8/2021
2417,20114,1,3,4,2,6/8/2021
2418,20115,4,2,2,5,6/8/2021
2419,20127,1,2,1,5,6/8/2021
2420,20172,1,4,3,5,6/9/2021
2421,20174,1,4,3,2,6/9/2021
2422,20179,1,1,5,1,6/9/2021
2423,20187,1,2,2,2,6/9/2021
2424,20192,5,4,3,4,6/9/2021
2425,20200,3,4,3,1,6/9/2021
2426,20204,3,3,4,1,6/9/2021
2427,20233,5,1,1,5,6/9/2021
2428,20234,1,2,4,2,6/9/2021
2429,20237,4,4,3,3,6/9/2021
2430,20259,1,5,2,3,6/9/2021
2431,20278,2,1,5,1,6/10/2021
2432,20281,3,2,5,1,6/10/2021
2433,20284,4,5,2,2,6/10/2021
2434,20288,3,2,5,1,6/10/2021
2435,20290,5,4,2,5,6/10/2021
2436,20294,2,4,3,5,6/10/2021
2437,20300,4,5,4,2,6/11/2021
2438,20304,2,4,3,1,6/11/2021
2439,20312,2,2,4,2,6/11/2021
2440,20320,2,4,1,4,6/11/2021
2441,20324,3,1,1,3,6/11/2021
2442,20326,2,5,5,3,6/11/2021
2443,20355,2,2,5,1,6/12/2021
2444,20372,4,1,5,2,6/12/2021
2445,20383,5,3,5,1,6/12/2021
2446,20389,3,5,1,5,6/12/2021
2447,20398,1,5,5,3,6/12/2021
2448,20399,3,3,3,5,6/12/2021
2449,20408,5,5,2,5,6/12/2021
2450,20411,2,1,4,3,6/12/2021
2451,20414,1,1,4,4,6/12/2021
2452,20415,3,1,2,3,6/12/2021
2453,20416,4,2,4,3,6/13/2021
2454,20421,1,1,1,5,6/13/2021
2455,20422,2,5,5,2,6/13/2021
2456,20434,5,2,5,2,6/13/2021
2457,20437,2,3,5,2,6/13/2021
2458,20439,5,3,3,2,6/13/2021
2459,20447,1,5,4,3,6/13/2021
2460,20461,3,2,3,1,6/13/2021
2461,20467,4,3,5,4,6/14/2021
2462,20468,5,5,5,3,6/14/2021
2463,20473,1,3,2,5,6/14/2021
2464,20474,3,3,1,2,6/14/2021
2465,20478,2,1,3,1,6/14/2021
2466,20483,5,1,2,3,6/14/2021
2467,20488,3,3,1,5,6/14/2021
2468,20499,4,1,4,3,6/14/2021
2469,20506,3,5,3,2,6/15/2021
2470,20509,2,2,5,5,6/15/2021
2471,20512,2,5,4,4,6/15/2021
2472,20516,5,2,4,2,6/15/2021
2473,20520,2,3,2,1,6/16/2021
2474,20531,1,2,2,1,6/16/2021
2475,20532,1,2,5,3,6/16/2021
2476,20541,2,5,3,3,6/16/2021
2477,20559,4,5,1,2,6/16/2021
2478,20581,4,2,1,5,6/16/2021
2479,20588,3,5,1,5,6/16/2021
2480,20592,1,5,3,5,6/17/2021
2481,20632,3,4,3,3,6/17/2021
2482,20634,2,5,1,2,6/17/2021
2483,20635,5,3,4,3,6/17/2021
2484,20648,3,3,5,4,6/18/2021
2485,20654,3,4,3,5,6/18/2021
2486,20668,2,3,2,5,6/18/2021
2487,20678,1,2,3,4,6/18/2021
2488,20679,1,4,2,3,6/18/2021
2489,20693,3,4,5,2,6/19/2021
2490,20695,2,5,4,5,6/20/2021
2491,20697,4,1,4,4,6/20/2021
2492,20702,3,1,4,1,6/20/2021
2493,20708,3,1,1,3,6/21/2021
2494,20710,5,1,4,1,6/21/2021
2495,20716,5,2,4,2,6/21/2021
2496,20738,5,2,1,3,6/21/2021
2497,20739,3,5,5,1,6/22/2021
2498,20741,2,1,1,2,6/23/2021
2499,20743,3,3,4,3,6/23/2021
2500,20778,3,2,1,2,6/28/2021
