order_line_id,delivery_rating,branch_rating,product_rating,customer_service_rating,review_date
19,3,5,5,3,3/14/2021
34,1,3,3,5,3/14/2021
64,4,4,3,5,3/19/2021
68,1,3,4,2,3/23/2021
77,3,5,3,3,3/19/2021
81,4,1,3,5,3/25/2021
96,2,4,1,2,3/30/2021
103,1,1,3,4,3/24/2021
118,2,1,3,1,4/4/2021
125,5,1,5,1,3/30/2021
131,2,2,2,3,3/29/2021
132,2,2,4,3,3/31/2021
138,4,1,2,2,3/31/2021
169,1,3,1,4,4/6/2021
170,3,2,4,1,4/7/2021
180,4,5,1,4,4/9/2021
185,4,2,3,4,4/9/2021
202,5,3,3,2,4/7/2021
204,4,2,2,1,4/13/2021
221,3,4,2,3,4/9/2021
229,3,1,2,5,4/17/2021
234,3,4,4,1,4/12/2021
236,1,2,3,1,4/19/2021
238,2,3,4,4,4/10/2021
244,5,1,5,3,4/30/2021
245,5,4,5,3,4/30/2021
247,2,1,2,5,4/11/2021
269,4,3,4,4,4/13/2021
282,3,4,5,1,4/13/2021
289,2,3,1,3,4/22/2021
305,1,1,5,5,5/3/2021
313,3,2,2,3,4/25/2021
351,1,3,3,1,5/10/2021
365,1,4,4,1,4/29/2021
388,1,4,1,4,5/7/2021
389,4,1,1,2,5/11/2021
392,5,1,2,3,5/3/2021
397,5,4,3,5,5/3/2021
412,4,4,4,1,5/25/2021
415,1,5,2,1,5/18/2021
429,2,2,5,3,5/10/2021
441,5,1,4,2,5/27/2021
454,4,2,1,4,5/15/2021
463,2,3,3,2,5/21/2021
489,4,2,3,2,5/26/2021
503,3,2,1,3,5/31/2021
506,1,5,4,2,5/31/2021
507,1,2,2,5,5/31/2021
520,1,1,2,5,5/29/2021
548,4,3,1,4,6/21/2021
550,5,4,4,3,6/5/2021
553,3,1,3,3,6/11/2021
566,5,3,4,2,6/18/2021
569,2,5,5,5,6/30/2021
570,5,1,3,1,6/30/2021
579,4,1,3,4,6/14/2021
582,2,3,1,2,6/17/2021
589,4,3,4,4,6/17/2021
595,2,1,5,3,6/16/2021
619,2,4,4,2,6/14/2021
624,1,1,3,1,6/13/2021
625,5,4,1,3,6/13/2021
629,4,5,2,3,6/13/2021
634,2,1,5,2,6/21/2021
638,3,3,4,2,6/13/2021
661,2,5,2,1,6/20/2021
666,2,3,1,5,6/19/2021
669,1,1,4,2,6/23/2021
670,4,5,2,4,6/23/2021
679,3,3,1,4,7/9/2021
707,5,1,5,1,6/27/2021
745,5,4,2,1,6/29/2021
753,4,2,4,3,7/13/2021
758,5,2,4,5,7/12/2021
762,3,3,4,2,7/4/2021
781,3,4,5,3,7/10/2021
786,5,2,1,3,7/18/2021
796,3,4,2,2,7/19/2021
808,5,3,1,2,7/15/2021
811,2,5,1,5,7/25/2021
813,4,1,4,5,7/18/2021
824,1,4,3,1,7/14/2021
829,5,2,2,5,7/19/2021
840,5,2,5,3,7/15/2021
841,2,4,3,2,7/15/2021
848,1,5,4,2,7/18/2021
856,2,4,5,5,7/19/2021
865,5,2,3,5,7/22/2021
888,1,1,3,2,7/31/2021
903,4,3,2,2,7/31/2021
920,5,3,5,2,7/31/2021
926,1,3,5,3,8/18/2021
945,3,1,5,5,8/10/2021
950,5,1,5,4,8/5/2021
951,4,5,4,2,8/7/2021
965,2,4,1,1,8/14/2021
972,1,1,1,1,8/13/2021
973,2,1,4,4,9/6/2021
986,2,4,1,4,8/13/2021
987,3,2,5,3,8/13/2021
993,3,1,3,1,8/12/2021
1017,4,3,5,4,8/16/2021
1018,2,2,2,2,8/21/2021
1019,5,3,4,1,8/21/2021
1028,1,5,2,2,8/17/2021
1030,2,5,1,4,8/27/2021
1033,4,2,1,4,8/26/2021
1043,5,2,1,5,8/27/2021
1044,1,4,5,1,8/27/2021
1052,1,3,4,4,8/31/2021
1058,1,4,4,3,9/4/2021
1064,2,4,1,1,9/2/2021
1089,3,1,3,3,8/30/2021
1095,5,5,2,4,9/4/2021
1104,4,1,1,3,9/8/2021
1105,2,1,5,2,9/8/2021
1130,5,3,4,2,9/7/2021
1132,2,5,4,2,9/11/2021
1143,3,4,4,4,9/10/2021
1155,4,1,1,1,10/2/2021
1163,2,1,4,2,9/23/2021
1164,1,3,5,2,9/23/2021
1171,4,2,1,3,10/14/2021
1178,2,5,4,5,9/21/2021
1185,1,2,2,5,9/30/2021
1186,3,3,1,4,9/24/2021
1190,5,1,5,1,9/25/2021
1193,3,4,3,4,9/30/2021
1200,1,4,1,3,9/25/2021
1213,4,2,4,3,9/28/2021
1219,2,2,1,3,9/28/2021
1222,1,5,2,3,9/28/2021
1223,4,3,1,5,9/28/2021
1241,5,1,2,5,10/2/2021
1245,3,1,2,5,10/1/2021
1250,3,2,3,1,10/1/2021
1252,5,1,3,5,10/6/2021
1263,4,2,4,4,10/6/2021
1266,5,3,4,2,10/20/2021
1270,4,4,4,4,10/17/2021
1276,2,5,2,5,10/9/2021
1282,5,2,3,4,10/16/2021
1283,2,1,5,2,10/16/2021
1284,1,1,1,2,10/18/2021
1287,5,2,3,1,10/28/2021
1288,5,5,3,2,10/6/2021
1289,2,4,5,3,10/6/2021
1291,2,2,2,5,10/13/2021
1305,4,2,3,4,11/6/2021
1309,4,3,2,5,10/14/2021
1310,5,2,5,4,10/12/2021
1321,2,4,4,3,10/21/2021
1328,5,2,1,3,10/21/2021
1336,2,3,4,1,10/19/2021
1347,2,3,1,2,10/24/2021
1355,5,5,4,2,10/29/2021
1358,1,3,1,3,10/27/2021
1362,1,2,3,4,10/29/2021
1367,4,1,3,3,10/31/2021
1370,3,3,1,3,11/5/2021
1371,4,5,2,5,11/5/2021
1375,5,3,4,5,10/28/2021
1385,4,4,5,5,10/26/2021
1388,2,3,2,2,10/30/2021
1391,4,5,4,2,10/27/2021
1402,3,2,1,3,10/31/2021
1405,1,5,5,5,11/10/2021
1410,2,4,2,5,11/6/2021
1413,4,3,4,1,11/1/2021
1426,2,3,2,4,11/4/2021
1427,4,5,5,4,11/6/2021
1431,5,1,3,2,11/2/2021
1434,5,2,4,4,11/7/2021
1438,3,2,2,2,11/4/2021
1443,5,1,2,5,11/21/2021
1444,3,5,4,4,11/21/2021
1446,1,3,4,4,11/7/2021
1468,5,2,4,4,11/10/2021
1479,1,1,5,1,11/12/2021
1485,4,3,3,2,11/16/2021
1488,2,5,4,5,11/7/2021
1489,2,5,4,2,11/7/2021
1493,5,3,2,1,11/9/2021
1509,2,5,1,3,11/24/2021
1514,3,3,5,5,11/18/2021
1519,1,3,2,3,11/20/2021
1523,1,3,4,3,11/14/2021
1534,5,3,3,5,11/17/2021
1543,5,1,2,4,12/7/2021
1552,4,1,2,1,11/23/2021
1559,5,5,3,2,12/1/2021
1565,5,2,4,4,11/27/2021
1568,4,5,4,1,11/21/2021
1577,2,2,1,5,11/28/2021
1578,3,1,4,2,11/19/2021
1583,1,5,4,4,12/12/2021
1590,1,4,4,4,11/21/2021
1601,4,3,1,1,11/24/2021
1607,1,4,2,2,11/29/2021
1614,1,5,2,4,11/27/2021
1620,2,1,4,2,11/25/2021
1626,5,4,4,1,12/6/2021
1633,2,4,3,2,12/4/2021
1637,4,5,5,4,12/27/2021
1639,2,3,3,4,12/24/2021
1647,5,4,3,1,12/8/2021
1649,2,2,1,2,12/4/2021
1656,4,3,1,2,12/3/2021
1677,4,5,5,1,12/28/2021
1690,1,2,1,2,12/11/2021
1698,2,4,4,4,12/13/2021
1712,1,1,5,4,12/15/2021
1770,1,5,2,1,1/27/2022
1786,5,3,2,5,1/1/2022
1790,1,3,2,1,12/30/2021
1803,3,2,4,2,1/7/2022
1814,4,2,1,2,1/11/2022
1821,5,3,3,4,1/6/2022
1826,5,3,5,3,1/7/2022
1836,3,3,4,1,1/9/2022
1854,1,3,2,3,1/10/2022
1856,1,2,5,2,1/7/2022
1860,4,1,2,5,1/12/2022
1871,2,4,4,3,1/4/2022
1872,5,5,5,5,1/16/2022
1873,2,5,4,4,1/16/2022
1883,3,2,2,4,1/9/2022
1909,5,5,3,1,1/20/2022
1914,1,2,5,5,1/18/2022
1917,5,5,3,3,1/11/2022
1923,3,3,2,2,1/20/2022
1937,2,2,3,3,1/21/2022
1938,5,5,1,3,1/23/2022
1940,1,5,2,2,1/22/2022
1942,5,3,4,4,1/15/2022
1943,1,4,1,3,1/15/2022
1951,5,5,3,3,1/17/2022
2005,3,5,4,3,1/28/2022
2009,2,5,5,3,2/3/2022
2012,4,2,5,5,1/25/2022
2013,1,1,3,4,1/30/2022
2019,3,2,1,3,2/1/2022
2023,2,2,1,2,1/23/2022
2026,2,2,3,2,1/29/2022
2033,3,3,2,4,2/3/2022
2039,4,5,5,3,1/30/2022
2041,5,5,2,2,2/2/2022
2057,2,3,1,5,1/28/2022
2059,5,5,1,2,2/2/2022
2076,3,1,5,5,2/5/2022
2079,3,1,4,4,2/5/2022
2085,4,3,2,4,2/10/2022
2088,5,1,5,4,2/10/2022
2118,3,4,3,4,2/13/2022
2122,5,2,3,1,2/9/2022
2124,5,5,2,1,2/13/2022
2129,1,3,1,3,2/10/2022
2131,4,2,1,4,2/12/2022
2136,3,3,4,2,2/17/2022
2137,1,5,5,2,2/17/2022
2140,3,1,2,3,2/16/2022
2146,1,5,1,1,2/24/2022
2147,1,3,5,1,2/24/2022
2151,1,2,3,2,2/21/2022
2153,1,3,5,5,2/23/2022
2154,5,4,2,4,2/17/2022
2163,4,3,4,4,2/23/2022
2171,5,1,3,1,3/10/2022
2172,2,4,3,5,2/18/2022
2174,5,5,4,2,2/18/2022
2175,1,2,4,3,2/18/2022
2194,4,5,5,2,3/4/2022
2195,1,2,5,3,3/3/2022
2208,4,3,2,1,3/1/2022
2214,2,5,5,4,3/8/2022
2218,3,5,1,1,3/5/2022
2220,2,5,1,1,3/2/2022
2222,1,5,2,3,2/26/2022
2239,4,5,1,3,3/9/2022
2243,1,3,2,4,2/28/2022
2254,4,4,1,3,3/3/2022
2256,4,3,3,4,3/10/2022
2276,3,4,3,4,3/24/2022
2288,5,3,2,4,3/19/2022
2296,5,3,3,4,3/22/2022
2301,1,1,2,4,4/1/2022
2306,1,2,5,2,3/31/2022
2308,3,1,5,4,4/5/2022
2318,2,1,4,3,4/9/2022
2325,2,2,5,3,4/7/2022
2331,1,4,4,4,4/15/2022
2334,4,3,1,4,4/14/2022
2337,3,1,1,3,4/22/2022
2340,2,2,5,5,4/15/2022
2342,5,3,5,5,4/22/2022
2348,2,5,3,4,4/21/2022
2354,3,2,2,2,5/2/2022
2378,1,3,1,1,5/17/2022
2382,1,3,1,3,5/20/2022
2383,5,5,3,1,5/21/2022
2387,4,4,1,1,5/20/2022
2393,4,4,3,5,5/27/2022
2397,2,1,5,3,5/31/2022
2406,5,4,3,1,5/24/2022
2415,1,3,5,1,6/23/2022
2426,1,3,2,5,6/14/2022
2436,4,4,5,4,6/16/2022
2440,5,5,1,4,6/12/2022
2442,3,4,5,5,6/17/2022
2450,2,1,5,3,6/18/2022
2459,4,2,2,2,6/23/2022
2461,1,4,3,5,6/21/2022
2467,4,4,3,3,7/1/2022
2470,2,4,1,1,7/4/2022
2472,2,4,3,2,6/26/2022
2474,3,2,4,4,7/3/2022
2490,3,2,1,1,7/11/2022
2502,1,3,5,1,7/14/2022
2508,4,1,4,2,7/10/2022
2529,4,2,2,3,7/18/2022
2541,2,2,5,1,7/23/2022
2543,1,2,3,5,7/20/2022
2556,2,3,3,4,7/14/2022
2559,1,4,4,2,7/25/2022
2566,4,3,3,5,7/22/2022
2579,4,3,5,4,7/23/2022
2596,5,5,4,1,7/25/2022
2597,3,5,5,1,7/26/2022
2612,4,2,2,1,7/27/2022
2619,3,4,3,2,7/19/2022
2620,3,4,5,1,7/25/2022
2622,5,1,4,2,7/29/2022
2624,3,5,5,1,7/25/2022
2638,3,5,3,2,7/27/2022
2642,4,4,2,5,7/30/2022
2653,4,3,1,2,7/30/2022
2656,5,5,2,3,7/30/2022
2675,3,3,3,1,7/25/2022
2683,2,4,5,5,7/28/2022
2689,5,1,1,3,7/25/2022
2694,2,1,4,1,7/29/2022
2696,2,3,3,2,7/23/2022
2711,2,5,4,4,7/31/2022
2725,3,1,3,1,7/29/2022
2726,4,3,1,2,7/31/2022
2741,1,3,4,2,7/31/2022
2754,1,1,2,4,7/25/2022
2759,2,1,1,4,8/1/2022
2776,5,4,3,4,7/31/2022
2781,2,3,4,4,8/6/2022
2782,5,1,2,4,8/6/2022
2791,4,4,1,2,8/3/2022
2792,4,3,4,1,8/3/2022
2804,3,4,2,4,8/24/2022
2808,1,5,3,4,8/5/2022
2831,5,4,3,4,7/31/2022
2837,2,1,3,1,8/1/2022
2840,2,2,1,2,7/31/2022
2842,4,2,3,3,7/29/2022
2844,4,5,4,3,7/29/2022
2852,5,1,2,1,7/30/2022
2859,1,2,3,3,8/8/2022
2872,4,4,4,5,7/31/2022
2885,5,1,1,3,8/14/2022
2886,4,1,4,1,8/14/2022
2891,1,2,3,3,7/29/2022
2893,1,4,2,5,8/6/2022
2899,5,5,4,4,8/7/2022
2900,3,3,1,2,8/7/2022
2913,3,5,2,2,8/20/2022
2914,1,4,3,2,8/6/2022
2922,5,1,3,1,8/3/2022
2942,4,5,4,2,8/23/2022
2950,3,5,2,1,8/4/2022
2954,4,2,5,4,7/31/2022
2967,3,4,5,5,8/10/2022
2972,4,1,4,3,8/4/2022
2974,3,1,4,5,8/6/2022
2979,4,4,1,5,8/9/2022
2987,2,4,4,2,8/5/2022
2995,1,5,1,2,8/11/2022
3000,2,5,3,4,8/10/2022
3007,2,2,1,5,8/9/2022
3013,5,5,1,2,8/17/2022
3014,1,5,2,1,8/13/2022
3033,5,4,2,1,8/10/2022
3041,3,4,2,2,8/15/2022
3043,5,3,4,3,8/24/2022
3048,5,3,4,5,8/13/2022
3060,4,1,5,1,8/11/2022
3081,2,5,2,3,8/22/2022
3086,1,1,4,2,8/20/2022
3112,3,3,1,2,8/23/2022
3119,2,3,4,5,8/17/2022
3125,4,4,4,4,8/21/2022
3135,1,4,3,2,8/20/2022
3141,4,5,4,3,8/16/2022
3142,4,1,1,2,8/16/2022
3145,3,5,2,4,8/20/2022
3147,3,4,1,5,8/17/2022
3164,4,1,4,5,8/19/2022
3165,4,5,2,3,8/29/2022
3169,5,2,4,2,8/23/2022
3174,1,5,4,4,8/19/2022
3178,5,4,1,5,8/16/2022
3185,2,2,5,2,8/22/2022
3189,5,5,4,3,8/27/2022
3192,5,2,3,5,8/23/2022
3193,5,4,3,3,8/23/2022
3218,2,4,5,1,8/25/2022
3221,4,3,5,5,8/26/2022
3226,1,1,4,3,8/21/2022
3233,2,1,4,1,9/18/2022
3242,5,2,5,2,8/21/2022
3248,3,1,1,4,8/25/2022
3268,5,2,1,2,9/2/2022
3281,4,3,3,1,8/28/2022
3282,4,2,3,5,9/3/2022
3289,1,5,3,1,8/28/2022
3317,2,3,1,2,9/4/2022
3322,4,3,5,1,9/4/2022
3324,2,2,5,2,8/30/2022
3328,5,1,2,1,8/30/2022
3344,4,4,1,4,9/5/2022
3361,3,4,3,3,9/10/2022
3370,3,3,3,1,9/2/2022
3373,4,1,5,5,8/30/2022
3382,4,2,3,2,9/7/2022
3392,5,1,5,5,9/4/2022
3414,1,1,2,4,9/8/2022
3419,5,3,1,5,9/10/2022
3424,2,4,2,5,9/12/2022
3427,5,2,4,2,9/12/2022
3443,1,1,5,1,9/18/2022
3448,3,2,3,4,9/8/2022
3458,3,4,3,5,9/9/2022
3466,3,1,2,5,9/23/2022
3511,4,3,2,4,9/11/2022
3514,5,5,2,1,9/9/2022
3516,4,5,1,3,9/16/2022
3526,1,2,2,3,9/18/2022
3530,5,3,2,2,9/13/2022
3532,4,4,1,1,9/27/2022
3533,2,4,5,2,9/17/2022
3539,4,4,2,3,9/19/2022
3542,2,3,3,1,9/17/2022
3547,4,3,4,2,9/21/2022
3551,3,1,3,3,10/4/2022
3559,5,2,4,3,9/21/2022
3560,5,2,4,4,9/19/2022
3561,4,1,3,1,9/19/2022
3562,5,3,1,3,9/22/2022
3568,5,3,5,4,9/21/2022
3573,1,4,4,3,9/11/2022
3577,2,4,4,5,9/16/2022
3595,2,2,1,5,9/16/2022
3596,4,4,3,3,9/23/2022
3601,1,3,1,2,10/7/2022
3606,4,3,5,1,9/13/2022
3613,5,2,3,1,9/19/2022
3618,5,2,4,2,9/18/2022
3630,5,2,1,1,9/25/2022
3651,5,5,2,5,9/18/2022
3652,1,1,2,5,9/18/2022
3659,2,3,1,5,9/18/2022
3660,5,4,2,2,9/14/2022
3661,3,3,4,3,9/14/2022
3675,4,4,3,1,9/20/2022
3679,1,2,5,2,9/19/2022
3687,2,2,4,2,9/19/2022
3690,3,1,3,2,10/11/2022
3695,3,5,4,3,9/24/2022
3709,1,1,1,5,9/18/2022
3711,2,4,2,4,9/21/2022
3714,1,4,3,1,9/22/2022
3726,1,5,4,1,9/19/2022
3733,5,5,5,2,9/23/2022
3743,5,5,3,2,9/19/2022
3750,1,1,2,1,9/22/2022
3759,4,1,3,1,9/27/2022
3761,1,4,3,2,9/21/2022
3763,4,3,4,2,10/1/2022
3767,3,1,5,4,9/28/2022
3769,2,4,3,3,9/28/2022
3781,3,5,3,2,10/1/2022
3784,4,3,2,4,9/22/2022
3798,1,2,5,3,10/2/2022
3799,4,2,4,5,10/3/2022
3805,3,2,5,3,10/3/2022
3807,3,1,3,3,9/22/2022
3821,5,3,5,5,9/23/2022
3823,2,4,4,1,9/27/2022
3837,3,2,1,3,10/1/2022
3847,4,5,2,4,10/4/2022
3860,3,4,1,3,10/6/2022
3862,4,4,4,5,10/3/2022
3874,5,4,3,3,9/30/2022
3876,1,1,3,1,9/29/2022
3898,2,2,4,5,10/19/2022
3902,1,3,5,1,10/5/2022
3905,4,4,2,2,10/8/2022
3908,2,4,1,3,10/4/2022
3915,5,5,5,4,10/9/2022
3916,1,5,1,4,10/9/2022
3924,2,2,2,4,10/4/2022
3928,4,2,3,1,10/23/2022
3938,4,4,5,1,10/21/2022
3946,3,3,3,2,10/6/2022
3952,4,5,1,3,10/5/2022
3953,5,4,2,5,10/5/2022
3955,2,4,2,3,10/1/2022
3959,5,1,3,4,10/8/2022
3971,1,3,1,3,10/5/2022
3974,2,1,3,5,10/9/2022
3976,3,3,4,5,10/5/2022
3987,3,5,3,1,10/10/2022
3994,1,1,2,3,10/16/2022
3996,5,3,5,2,10/8/2022
4001,5,4,2,4,10/10/2022
4007,3,4,1,2,10/13/2022
4016,3,5,1,3,10/12/2022
4031,3,1,2,3,10/14/2022
4034,4,3,4,4,10/10/2022
4043,5,4,2,2,10/8/2022
4051,1,2,2,1,10/10/2022
4059,2,2,1,4,10/15/2022
4061,3,1,3,5,10/6/2022
4081,1,4,2,1,10/15/2022
4086,3,1,5,1,10/19/2022
4088,2,2,3,4,10/13/2022
4100,3,5,1,2,10/14/2022
4118,5,3,2,5,10/17/2022
4133,4,5,4,1,10/20/2022
4135,1,3,5,5,10/21/2022
4137,4,2,1,5,10/27/2022
4148,2,5,1,5,10/18/2022
4151,3,3,5,3,10/19/2022
4158,3,2,3,2,11/10/2022
4169,5,5,2,5,10/20/2022
4176,3,3,5,2,10/14/2022
4178,1,5,5,4,10/14/2022
4205,1,3,4,1,10/21/2022
4209,4,1,3,3,10/20/2022
4221,5,5,5,1,10/21/2022
4227,3,3,4,1,10/21/2022
4230,2,5,3,3,10/22/2022
4233,2,4,2,2,10/19/2022
4238,5,5,4,5,10/23/2022
4281,3,4,5,4,10/27/2022
4284,3,1,4,1,10/31/2022
4287,4,1,5,2,10/26/2022
4288,2,5,3,5,10/26/2022
4289,1,5,4,2,10/29/2022
4294,4,5,4,1,10/30/2022
4297,3,2,1,3,11/3/2022
4313,4,3,3,2,10/30/2022
4322,4,4,5,5,11/4/2022
4327,2,5,3,2,10/31/2022
4330,1,2,4,1,10/31/2022
4332,5,3,2,4,11/5/2022
4348,1,2,5,3,10/30/2022
4353,3,2,4,2,11/1/2022
4358,1,5,3,3,11/5/2022
4375,3,4,1,2,10/29/2022
4395,5,5,3,1,11/2/2022
4413,2,3,3,5,10/28/2022
4435,2,2,2,4,11/4/2022
4462,5,4,5,3,11/1/2022
4487,5,5,4,3,11/5/2022
4491,1,1,4,5,11/12/2022
4492,4,5,5,2,11/12/2022
4495,2,3,2,3,11/2/2022
4496,1,5,4,5,11/2/2022
4536,5,5,3,3,11/3/2022
4539,4,4,5,3,11/15/2022
4542,1,3,4,1,11/4/2022
4549,4,4,4,4,11/7/2022
4560,2,3,1,5,11/10/2022
4571,4,2,1,1,12/4/2022
4573,4,4,3,2,12/2/2022
4574,3,1,1,3,12/2/2022
4592,4,1,5,1,11/17/2022
4596,2,1,5,1,11/9/2022
4609,1,1,3,2,11/11/2022
4639,1,3,3,5,11/12/2022
4661,2,3,2,1,11/21/2022
4667,1,4,3,4,11/15/2022
4668,1,1,1,1,11/15/2022
4673,1,1,2,1,11/24/2022
4683,3,2,3,3,11/23/2022
4685,3,3,5,2,11/22/2022
4695,5,4,5,4,12/16/2022
4699,5,5,2,1,11/17/2022
4706,2,4,5,4,11/24/2022
4717,4,2,4,5,11/29/2022
4721,1,5,1,1,11/25/2022
4740,5,2,1,5,11/29/2022
4744,4,2,5,1,11/26/2022
4746,4,5,1,4,12/16/2022
4750,1,4,1,1,11/24/2022
4753,5,2,4,4,11/26/2022
4754,1,4,2,1,11/26/2022
4778,3,1,2,3,11/20/2022
4780,3,5,1,2,12/8/2022
4783,4,2,5,3,11/23/2022
4785,5,3,1,1,11/24/2022
4790,3,1,3,1,11/26/2022
4792,3,5,2,1,12/19/2022
4806,2,2,4,2,11/24/2022
4820,5,2,3,5,11/25/2022
4822,3,3,1,1,12/2/2022
4827,4,1,4,3,12/3/2022
4828,1,5,3,1,11/24/2022
4829,1,1,5,2,11/24/2022
4838,2,5,5,2,12/5/2022
4845,5,3,3,5,11/27/2022
4854,5,5,5,2,11/26/2022
4855,5,1,5,5,11/27/2022
4862,2,5,5,5,12/1/2022
4870,3,2,5,2,12/19/2022
4895,3,2,1,1,12/17/2022
4899,3,2,1,3,12/6/2022
4905,5,2,3,1,12/2/2022
4908,3,2,4,1,12/3/2022
4918,5,4,3,1,12/2/2022
4928,3,3,1,2,12/13/2022
4929,5,2,4,1,12/13/2022
4930,1,2,2,1,12/2/2022
4931,5,5,5,5,12/2/2022
4932,4,2,3,1,12/1/2022
4940,5,4,2,2,12/5/2022
4944,3,1,5,4,12/5/2022
4946,4,2,3,1,12/8/2022
4962,3,1,3,3,12/7/2022
4966,5,1,5,5,12/4/2022
4967,5,2,5,5,12/6/2022
4969,2,3,5,1,12/8/2022
4975,5,5,5,1,12/1/2022
4979,1,3,5,4,12/9/2022
5007,3,2,4,2,12/30/2022
5010,4,1,2,5,12/4/2022
5012,3,5,5,5,12/12/2022
5018,1,1,2,2,12/8/2022
5027,4,5,3,1,12/3/2022
5030,4,4,2,1,12/8/2022
5034,4,5,5,2,12/6/2022
5049,2,1,5,3,12/12/2022
5057,1,5,4,1,1/5/2023
5072,4,1,4,5,1/1/2023
5074,5,1,1,2,12/12/2022
5080,5,5,1,2,12/11/2022
5086,2,1,5,2,12/11/2022
5090,5,2,2,4,12/11/2022
5097,2,4,1,4,12/10/2022
5101,4,3,5,1,12/11/2022
5102,3,4,4,4,12/9/2022
5125,2,5,1,1,12/20/2022
5146,4,2,3,3,12/17/2022
5148,2,3,3,2,12/17/2022
5152,5,5,1,3,12/14/2022
5167,1,2,4,4,12/17/2022
5179,3,2,4,1,12/20/2022
5181,1,5,2,4,12/24/2022
5200,2,5,1,5,12/27/2022
5238,4,4,3,5,12/24/2022
5255,1,2,4,3,12/23/2022
5257,2,1,2,4,12/30/2022
5266,5,4,2,2,12/28/2022
5267,2,3,4,2,12/28/2022
5272,5,5,2,4,1/5/2023
5285,4,1,4,1,12/31/2022
5295,1,5,2,1,1/2/2023
5300,5,4,3,5,12/24/2022
5313,1,2,4,4,12/28/2022
5324,3,5,5,5,1/3/2023
5351,5,4,2,3,1/7/2023
5357,5,3,1,4,1/4/2023
5367,1,5,2,1,1/3/2023
5383,1,4,4,5,1/8/2023
5384,3,2,2,5,1/13/2023
5388,1,1,2,2,1/14/2023
5400,1,1,1,3,1/8/2023
5411,1,5,3,1,1/5/2023
5421,3,3,1,3,1/6/2023
5430,2,3,2,2,1/17/2023
5436,4,4,5,5,1/22/2023
5444,3,1,3,1,1/14/2023
5449,1,2,1,4,1/13/2023
5458,3,2,4,1,2/6/2023
5464,3,3,4,4,1/11/2023
5466,2,3,5,2,1/14/2023
5473,3,2,4,3,1/8/2023
5496,1,4,4,2,1/19/2023
5497,1,1,5,5,1/19/2023
5502,5,2,4,2,1/19/2023
5505,5,4,1,2,1/22/2023
5508,5,1,1,1,1/16/2023
5509,1,1,2,5,1/16/2023
5512,5,5,5,2,1/18/2023
5516,1,3,4,4,1/18/2023
5545,5,3,5,1,1/12/2023
5550,1,5,4,3,1/17/2023
5578,4,4,1,2,2/2/2023
5582,4,3,3,2,1/19/2023
5585,2,3,2,4,1/29/2023
5588,4,4,3,4,1/19/2023
5606,1,3,3,2,1/25/2023
5612,3,1,4,2,1/30/2023
5613,4,2,2,1,2/2/2023
5624,2,3,3,4,1/19/2023
5625,2,3,4,3,1/28/2023
5632,1,1,3,4,1/24/2023
5636,2,4,5,3,2/9/2023
5645,5,2,1,4,1/28/2023
5646,1,2,1,3,1/28/2023
5654,1,2,5,1,1/26/2023
5658,1,4,1,3,1/25/2023
5659,4,2,5,1,1/25/2023
5663,3,4,4,2,1/28/2023
5665,3,3,1,4,1/26/2023
5666,4,2,2,4,1/22/2023
5682,1,3,2,5,2/5/2023
5690,3,3,5,1,1/24/2023
5691,4,2,1,3,1/24/2023
5697,3,2,2,4,1/25/2023
5700,5,2,5,2,2/3/2023
5705,4,5,4,4,2/6/2023
5720,3,5,5,3,2/1/2023
5730,3,4,4,4,2/27/2023
5739,3,4,3,3,2/2/2023
5753,5,1,5,4,2/2/2023
5769,4,4,3,1,2/7/2023
5776,3,5,2,4,2/11/2023
5787,5,5,5,2,2/11/2023
5788,1,5,4,3,2/9/2023
5801,1,5,1,4,2/13/2023
5821,1,1,4,5,2/12/2023
5822,5,4,1,1,2/12/2023
5827,3,3,5,5,2/8/2023
5828,2,4,1,5,2/8/2023
5830,3,1,2,1,2/13/2023
5834,2,5,3,1,2/11/2023
5845,3,2,3,4,2/12/2023
5851,5,3,2,2,2/11/2023
5871,1,1,2,3,2/15/2023
5875,2,1,2,5,2/12/2023
5878,5,2,2,3,2/20/2023
5887,1,3,3,4,2/16/2023
5896,5,2,3,4,2/15/2023
5900,1,3,5,2,3/11/2023
5907,3,3,3,4,2/17/2023
5911,2,2,5,4,2/25/2023
5917,2,2,2,3,2/17/2023
5922,1,2,2,2,2/18/2023
5926,3,2,2,1,2/22/2023
5932,3,5,1,1,2/17/2023
5937,3,5,4,1,2/25/2023
5947,2,1,5,1,3/6/2023
5954,4,5,4,1,2/19/2023
5960,2,4,1,2,2/27/2023
5969,5,1,4,2,2/27/2023
5992,3,4,3,2,2/23/2023
5998,2,5,4,5,2/28/2023
5999,4,1,4,4,2/19/2023
6001,3,4,2,2,2/25/2023
6054,4,4,1,2,2/26/2023
6066,5,3,3,3,2/26/2023
6078,2,1,4,2,2/26/2023
6086,2,4,1,5,3/6/2023
6089,5,5,3,5,3/6/2023
6122,1,4,4,4,3/4/2023
6126,3,1,3,5,3/8/2023
6152,3,1,4,5,3/7/2023
6158,4,2,1,1,3/9/2023
6190,2,5,3,1,3/6/2023
6191,3,1,2,1,3/4/2023
6201,1,1,4,3,3/13/2023
6234,2,2,5,1,3/10/2023
6237,4,5,5,2,3/11/2023
6240,4,2,3,2,3/10/2023
6251,1,2,1,1,3/18/2023
6252,4,4,4,2,3/18/2023
6253,3,5,2,3,3/18/2023
6270,3,3,4,2,3/15/2023
6296,5,1,1,1,3/13/2023
6300,3,4,2,2,3/20/2023
6303,4,3,5,5,3/19/2023
6307,2,2,4,4,3/19/2023
6311,2,4,1,4,3/17/2023
6322,4,1,4,1,3/16/2023
6328,4,5,5,5,3/17/2023
6329,3,3,5,2,3/17/2023
6342,3,5,3,1,3/24/2023
6344,5,1,2,2,3/23/2023
6348,2,4,4,1,3/19/2023
6354,3,2,2,5,3/24/2023
6357,5,4,2,5,3/22/2023
6364,4,5,3,2,3/18/2023
6367,2,5,2,4,3/20/2023
6371,3,2,3,3,3/23/2023
6376,5,4,5,3,3/22/2023
6393,3,1,4,2,3/27/2023
6413,2,2,1,5,3/21/2023
6415,2,5,4,5,3/30/2023
6422,1,4,5,4,3/30/2023
6424,3,2,1,3,3/26/2023
6431,1,5,3,5,3/31/2023
6438,1,3,3,2,4/12/2023
6439,4,5,2,4,4/12/2023
6447,2,5,5,3,4/6/2023
6451,3,5,4,3,4/4/2023
6461,1,5,3,2,4/8/2023
6467,4,4,4,4,4/11/2023
6469,3,2,1,1,4/10/2023
6473,4,4,5,5,4/3/2023
6476,4,3,2,1,4/10/2023
6481,4,1,3,4,4/10/2023
6489,4,3,5,4,4/15/2023
6496,2,5,3,5,4/9/2023
6499,5,4,4,4,4/12/2023
6511,5,3,2,4,4/19/2023
6518,3,1,2,2,4/14/2023
6520,2,3,2,4,4/17/2023
6545,5,3,1,2,4/21/2023
6547,1,4,5,2,4/22/2023
6550,2,3,3,5,4/22/2023
6553,1,3,1,5,4/22/2023
6565,3,1,4,4,5/6/2023
6594,5,1,1,4,4/25/2023
6596,4,5,2,3,4/27/2023
6599,2,3,3,5,5/2/2023
6601,2,4,4,3,4/27/2023
6611,1,2,2,2,5/5/2023
6616,4,5,5,3,5/6/2023
6619,3,2,5,3,5/5/2023
6624,5,1,5,5,5/22/2023
6625,1,5,3,5,5/22/2023
6630,3,4,5,4,5/15/2023
6634,2,2,4,1,5/7/2023
6636,2,5,3,2,5/10/2023
6638,5,3,4,2,5/10/2023
6643,2,1,2,4,5/5/2023
6654,2,5,3,2,5/24/2023
6674,3,2,5,1,5/21/2023
6682,4,4,5,4,5/22/2023
6685,4,5,4,3,5/28/2023
6688,1,5,5,1,5/26/2023
6698,1,4,3,4,6/13/2023
6704,2,5,3,5,5/27/2023
6708,4,2,5,3,5/28/2023
6715,1,3,4,5,6/4/2023
6716,2,1,5,5,6/1/2023
6724,2,3,4,4,6/3/2023
6729,2,4,4,5,5/31/2023
6770,5,1,4,4,6/10/2023
6774,2,5,5,1,6/10/2023
6789,4,1,4,5,6/17/2023
6792,2,1,3,4,6/12/2023
6800,4,5,1,2,7/6/2023
6814,2,4,4,2,6/24/2023
6824,5,2,3,4,7/1/2023
6830,3,1,5,5,6/26/2023
6841,5,2,5,4,6/27/2023
6856,5,1,3,1,6/29/2023
6869,2,1,4,3,7/3/2023
6883,1,2,5,2,7/15/2023
6893,5,4,4,5,7/10/2023
6905,3,5,5,3,7/12/2023
6926,2,3,1,2,7/27/2023
6928,5,4,4,2,7/28/2023
6952,1,5,5,4,8/2/2023
6968,2,2,5,3,8/4/2023
6985,3,5,5,2,8/2/2023
6989,1,2,4,3,8/1/2023
6995,3,2,4,1,8/10/2023
7003,3,3,4,3,8/5/2023
7006,1,2,2,3,8/8/2023
7025,2,5,5,3,8/16/2023
7045,4,4,4,3,8/12/2023
7054,3,2,5,4,8/16/2023
7058,4,2,1,5,8/18/2023
7061,1,5,1,3,8/16/2023
7073,3,5,4,3,8/25/2023
7080,3,1,3,3,8/25/2023
7089,2,2,1,5,8/26/2023
7094,1,2,1,1,8/30/2023
7096,1,3,1,4,8/26/2023
7104,3,4,1,3,8/25/2023
7107,3,2,1,3,8/29/2023
7117,4,1,2,1,8/30/2023
7125,2,1,5,5,8/25/2023
7128,2,1,5,5,8/28/2023
7135,4,3,2,3,8/31/2023
7150,4,5,3,3,9/11/2023
7153,3,5,2,3,9/4/2023
7160,2,1,5,2,9/2/2023
7189,3,3,5,2,9/10/2023
7198,2,4,5,4,9/10/2023
7203,1,4,5,1,9/8/2023
7207,3,2,4,3,9/7/2023
7209,2,1,3,5,9/15/2023
7225,1,5,3,5,9/7/2023
7262,5,3,4,5,9/7/2023
7265,4,2,3,3,9/11/2023
7274,4,3,1,3,10/4/2023
7282,1,4,2,2,9/13/2023
7300,4,3,2,4,9/10/2023
7305,5,2,2,3,9/15/2023
7317,1,1,3,2,9/15/2023
7330,5,4,1,5,9/8/2023
7336,2,2,2,1,9/21/2023
7356,1,2,3,2,9/12/2023
7359,4,5,4,4,9/16/2023
7376,1,1,3,1,9/23/2023
7392,2,2,4,1,9/20/2023
7409,4,1,5,3,9/18/2023
7438,3,1,3,1,9/24/2023
7446,2,5,3,3,10/1/2023
7458,1,4,1,2,10/3/2023
7464,1,1,1,4,9/26/2023
7467,4,3,2,2,10/8/2023
7476,3,1,5,1,9/27/2023
7486,3,1,2,3,10/2/2023
7490,3,4,1,5,9/26/2023
7497,3,2,3,2,10/3/2023
7499,2,4,5,4,9/30/2023
7506,3,4,4,1,9/26/2023
7522,2,4,2,3,10/7/2023
7533,4,1,5,2,10/2/2023
7534,5,1,5,3,10/2/2023
7537,5,5,3,4,10/10/2023
7541,3,1,4,1,10/25/2023
7546,1,2,4,1,10/7/2023
7559,4,5,4,4,10/7/2023
7561,2,1,2,4,10/8/2023
7566,3,5,5,5,10/2/2023
7569,1,1,4,4,10/13/2023
7573,5,4,2,1,10/7/2023
7599,2,3,5,1,10/5/2023
7604,2,3,5,3,10/6/2023
7610,3,4,5,4,10/7/2023
7615,1,2,5,1,10/16/2023
7623,5,1,3,1,10/7/2023
7625,4,3,2,4,10/5/2023
7627,1,5,2,5,10/11/2023
7634,2,1,4,1,10/18/2023
7635,5,4,2,4,10/9/2023
7660,3,5,3,4,10/10/2023
7664,2,4,4,3,10/16/2023
7676,4,2,1,3,10/18/2023
7688,1,2,1,2,10/20/2023
7698,2,5,1,4,10/16/2023
7704,4,4,2,5,10/18/2023
7722,2,5,5,2,10/17/2023
7727,5,1,2,2,10/17/2023
7734,4,1,1,1,10/21/2023
7737,5,5,4,5,10/22/2023
7745,4,5,1,2,10/17/2023
7748,4,2,3,4,10/27/2023
7751,3,3,5,3,10/23/2023
7761,1,1,5,1,10/27/2023
7770,5,1,3,2,10/23/2023
7774,3,3,5,1,10/22/2023
7777,4,1,1,5,10/21/2023
7779,1,5,3,2,10/28/2023
7829,2,4,2,5,10/27/2023
7844,2,1,2,1,10/31/2023
7849,3,4,2,3,11/2/2023
7856,3,5,1,4,11/6/2023
7859,1,2,4,4,11/10/2023
7867,3,1,1,4,11/5/2023
7871,5,3,2,4,11/11/2023
7874,2,2,4,5,11/7/2023
7875,4,1,1,2,11/7/2023
7887,4,1,5,2,11/12/2023
7890,1,1,2,3,11/15/2023
7899,3,1,2,3,11/14/2023
7900,5,4,1,4,11/14/2023
7906,5,3,4,4,11/17/2023
7911,4,5,5,3,11/16/2023
7918,4,2,2,5,12/12/2023
7922,1,5,4,5,11/22/2023
7942,3,2,3,4,12/1/2023
7946,1,2,2,5,11/30/2023
7962,2,5,3,4,12/2/2023
7964,3,5,3,2,12/4/2023
7966,1,1,1,5,12/4/2023
7985,5,5,3,3,12/10/2023
7991,3,3,2,1,12/18/2023
7997,5,1,4,1,12/20/2023
8001,1,5,1,3,12/16/2023
8014,5,2,2,2,12/20/2023
8016,5,3,4,5,12/18/2023
8018,3,5,4,3,12/15/2023
8030,5,3,3,5,1/1/2024
8033,5,3,5,2,12/29/2023
8039,4,2,5,2,12/28/2023
8040,2,2,3,3,12/28/2023
8048,2,3,3,3,1/1/2024
8053,4,5,2,2,12/29/2023
8060,1,4,1,2,12/25/2023
8061,3,3,2,4,12/25/2023
8074,3,2,4,2,12/29/2023
8084,4,2,4,2,1/28/2024
8111,1,3,3,4,1/22/2024
8116,1,3,2,1,1/23/2024
8121,5,3,2,1,1/23/2024
8123,1,3,5,5,1/26/2024
8125,3,5,4,2,1/24/2024
8133,5,3,5,5,1/25/2024
8153,2,5,5,5,1/31/2024
8178,1,4,1,4,1/26/2024
8187,3,2,2,2,1/27/2024
8212,4,4,2,5,1/27/2024
8220,2,1,4,2,2/1/2024
8230,3,3,2,3,1/31/2024
8254,1,3,4,2,1/25/2024
8263,4,4,5,2,2/1/2024
8271,5,4,1,2,1/31/2024
8280,3,3,4,1,1/31/2024
8282,4,3,4,1,1/31/2024
8295,4,3,4,4,1/27/2024
8302,4,1,5,5,2/11/2024
8303,5,4,3,2,1/31/2024
8315,2,5,3,1,2/2/2024
8319,2,5,1,1,2/1/2024
8320,2,5,1,3,2/1/2024
8325,3,3,4,1,1/28/2024
8327,3,3,4,5,1/27/2024
8340,2,3,3,4,2/2/2024
8344,5,4,1,3,2/1/2024
8372,2,5,2,5,1/24/2024
8409,1,1,4,1,2/1/2024
8427,4,3,2,3,1/24/2024
8429,1,5,4,5,2/1/2024
8430,2,2,3,5,1/27/2024
8447,1,5,2,4,2/22/2024
8448,5,4,2,5,1/28/2024
8472,1,1,4,1,1/28/2024
8473,5,1,2,2,2/1/2024
8474,1,3,2,2,2/1/2024
8479,4,1,3,1,1/31/2024
8484,2,5,2,2,1/31/2024
8496,2,2,4,4,1/27/2024
8512,5,3,5,3,1/30/2024
8519,2,1,2,5,2/4/2024
8530,3,3,2,1,2/1/2024
8531,1,2,5,4,2/1/2024
8563,1,5,1,3,1/23/2024
8573,3,1,4,3,1/30/2024
8576,4,5,1,1,1/29/2024
8581,4,2,4,3,1/23/2024
8591,4,2,1,1,1/30/2024
8601,3,3,3,4,1/28/2024
8606,3,4,3,3,1/30/2024
8607,5,5,3,4,1/29/2024
8613,4,3,4,3,2/5/2024
8614,5,1,5,2,1/27/2024
8618,1,2,4,1,1/30/2024
8619,4,2,1,1,1/30/2024
8628,3,3,3,3,1/27/2024
8634,2,5,1,2,1/28/2024
8644,3,4,1,3,2/1/2024
8674,1,3,3,2,2/2/2024
8676,1,3,3,5,2/4/2024
8677,2,5,1,4,1/28/2024
8684,1,3,4,1,2/3/2024
8708,3,3,5,5,1/29/2024
8710,1,5,5,2,2/2/2024
8719,2,2,5,3,2/4/2024
8728,4,2,1,5,2/1/2024
8740,4,1,5,1,2/3/2024
8752,5,5,3,2,2/1/2024
8787,1,3,2,2,2/7/2024
8806,4,2,3,4,2/2/2024
8814,5,2,1,4,2/9/2024
8842,2,2,3,1,2/25/2024
8852,3,2,5,5,2/8/2024
8885,5,4,4,5,2/8/2024
8892,1,5,4,3,2/14/2024
8898,4,4,4,4,2/11/2024
8900,2,5,5,3,2/11/2024
8902,4,4,2,1,2/10/2024
8915,1,2,1,3,2/14/2024
8928,3,3,5,3,2/11/2024
8930,1,4,5,5,2/9/2024
8936,3,3,5,5,2/14/2024
8941,2,1,1,5,2/6/2024
8946,2,3,4,1,2/14/2024
8949,3,3,5,4,2/10/2024
8952,4,4,3,3,2/16/2024
8960,4,1,2,4,2/7/2024
8966,5,5,2,3,2/14/2024
8995,3,2,4,5,2/11/2024
9003,1,4,4,2,2/18/2024
9030,1,2,2,5,2/15/2024
9036,4,1,4,3,2/16/2024
9041,5,3,2,4,2/15/2024
9047,5,4,3,5,2/18/2024
9049,4,5,5,4,2/15/2024
9052,4,3,2,1,2/20/2024
9055,3,5,3,1,2/23/2024
9056,1,5,4,2,2/23/2024
9063,2,5,4,5,2/24/2024
9104,2,1,1,5,2/20/2024
9126,2,4,5,3,2/27/2024
9133,3,1,4,5,2/19/2024
9145,3,2,4,3,2/28/2024
9158,2,4,5,1,2/27/2024
9163,5,1,3,5,2/23/2024
9167,5,4,2,2,2/23/2024
9171,4,4,5,5,3/1/2024
9216,4,2,1,4,3/1/2024
9217,4,4,4,3,3/1/2024
9221,4,4,1,4,2/24/2024
9222,4,3,3,1,3/9/2024
9239,2,1,3,3,2/25/2024
9253,5,4,4,3,2/26/2024
9256,1,1,5,4,3/2/2024
9257,4,3,3,5,3/2/2024
9267,2,3,3,4,2/29/2024
9278,1,1,5,4,3/3/2024
9317,5,2,5,1,2/25/2024
9326,1,5,4,1,2/28/2024
9337,4,1,3,5,2/28/2024
9338,4,3,2,3,2/28/2024
9341,3,5,1,2,3/5/2024
9345,4,2,3,3,2/26/2024
9351,3,5,2,5,2/27/2024
9353,4,3,1,3,2/29/2024
9356,3,5,3,2,3/12/2024
9358,3,3,4,1,3/2/2024
9365,3,2,5,3,3/4/2024
9371,4,3,4,3,3/5/2024
9378,4,4,5,5,2/28/2024
9391,4,1,2,2,3/1/2024
9392,2,4,1,4,3/6/2024
9394,1,3,4,2,3/3/2024
9412,3,1,5,5,3/5/2024
9417,1,2,5,2,2/26/2024
9432,4,3,1,5,3/3/2024
9433,4,5,3,2,3/7/2024
9436,3,1,2,4,3/7/2024
9445,1,4,3,1,3/10/2024
9490,2,5,5,1,3/13/2024
9491,4,2,5,4,3/13/2024
9521,2,1,3,5,2/29/2024
9526,1,2,2,3,3/7/2024
9553,3,4,5,1,3/14/2024
9554,2,3,2,2,3/14/2024
9602,1,3,5,5,3/14/2024
9652,2,5,5,1,3/16/2024
9683,3,3,4,1,3/13/2024
9694,4,3,2,5,3/8/2024
9707,4,3,4,5,3/19/2024
9735,3,3,2,5,3/13/2024
9737,1,3,1,1,3/13/2024
9739,5,3,4,3,3/20/2024
9741,1,3,3,2,3/14/2024
9742,1,5,3,2,3/14/2024
9746,3,5,1,2,3/16/2024
9756,3,4,2,1,3/14/2024
9767,4,2,5,3,4/2/2024
9773,4,4,2,3,3/16/2024
9777,2,4,1,4,3/16/2024
9778,3,1,2,2,3/21/2024
9784,4,4,4,5,3/19/2024
9818,1,4,5,4,3/29/2024
9822,2,1,4,1,3/21/2024
9839,4,1,2,5,3/27/2024
9847,4,4,1,3,3/25/2024
9851,5,5,1,5,3/25/2024
9870,2,1,2,2,3/19/2024
9874,1,3,1,2,3/23/2024
9876,1,1,4,1,3/15/2024
9883,4,4,4,4,3/17/2024
9884,4,2,1,1,3/22/2024
9889,2,2,3,5,3/24/2024
9910,1,1,4,1,3/20/2024
9916,4,5,5,5,4/11/2024
9928,4,4,4,3,4/3/2024
9929,2,5,5,2,3/26/2024
9943,1,4,5,1,3/27/2024
9944,1,5,4,1,3/27/2024
9945,2,5,4,4,3/23/2024
9959,4,4,3,4,3/30/2024
9962,2,5,3,1,3/28/2024
9964,1,2,1,1,4/2/2024
9966,3,5,2,5,3/29/2024
9978,3,2,5,2,3/25/2024
9983,3,5,4,3,3/24/2024
9987,5,2,3,4,3/24/2024
9993,2,2,3,1,3/26/2024
10006,4,3,2,4,3/28/2024
10029,1,1,2,1,3/29/2024
10039,2,5,2,2,3/24/2024
10045,2,3,3,5,4/1/2024
10049,5,3,3,5,4/2/2024
10060,2,4,3,4,3/24/2024
10065,5,1,2,1,4/3/2024
10071,5,3,3,5,3/28/2024
10073,1,3,1,1,3/30/2024
10075,2,3,2,1,4/1/2024
10086,1,4,5,3,3/30/2024
10100,1,1,3,1,4/10/2024
10106,5,4,3,2,4/8/2024
10112,5,2,5,3,4/3/2024
10118,5,3,3,5,4/3/2024
10129,2,2,2,3,3/30/2024
10136,1,4,5,1,4/3/2024
10146,1,3,1,4,4/11/2024
10147,3,3,2,4,4/11/2024
10158,4,5,3,5,4/2/2024
10159,3,4,1,4,4/2/2024
10180,1,3,1,2,4/12/2024
10192,4,4,3,2,4/13/2024
10203,3,2,2,1,4/9/2024
10212,2,2,3,5,4/13/2024
10216,1,3,1,5,4/18/2024
10229,3,5,4,4,4/2/2024
10237,4,1,5,1,4/3/2024
10239,3,3,2,2,4/8/2024
10263,3,4,3,3,4/1/2024
10266,3,5,5,4,4/2/2024
10277,4,2,5,5,4/7/2024
10278,3,2,4,1,5/3/2024
10279,1,2,1,2,5/3/2024
10302,3,5,2,3,4/12/2024
10306,1,5,1,2,4/7/2024
10315,5,4,3,4,4/24/2024
10316,2,5,5,5,4/24/2024
10335,2,3,3,3,4/14/2024
10341,2,2,1,1,4/25/2024
10355,5,1,3,1,4/14/2024
10392,2,3,2,3,4/7/2024
10398,3,2,2,2,4/29/2024
10420,5,4,4,1,4/12/2024
10423,3,3,4,5,4/13/2024
10426,5,1,3,3,4/12/2024
10430,4,4,4,3,4/15/2024
10440,2,2,1,1,5/6/2024
10447,3,3,2,2,4/6/2024
10452,1,3,3,5,4/6/2024
10454,4,4,5,4,4/20/2024
10470,4,5,5,1,4/12/2024
10472,1,4,2,1,4/12/2024
10473,2,3,4,3,4/12/2024
10491,2,4,5,1,4/12/2024
10494,1,3,4,2,4/16/2024
10496,4,4,5,3,4/16/2024
10500,2,3,1,5,4/15/2024
10506,1,5,2,5,5/1/2024
10522,3,3,5,2,4/18/2024
10525,4,5,1,2,4/12/2024
10528,3,4,4,4,4/15/2024
10534,4,4,2,5,4/11/2024
10535,2,2,5,4,4/11/2024
10551,5,3,5,4,4/13/2024
10558,2,3,2,3,4/10/2024
10567,3,1,1,1,4/14/2024
10592,1,3,4,4,4/8/2024
10594,1,5,2,4,4/20/2024
10597,2,5,3,2,4/20/2024
10608,4,5,4,5,4/17/2024
10609,5,5,1,5,4/17/2024
10614,3,5,3,3,4/18/2024
10618,4,1,5,1,4/17/2024
10625,5,5,4,4,4/18/2024
10628,4,4,5,1,4/24/2024
10633,4,4,5,5,4/28/2024
10639,2,3,3,1,4/14/2024
10643,2,2,4,3,4/11/2024
10653,2,3,4,4,4/19/2024
10671,2,5,3,1,4/14/2024
10679,1,4,2,3,4/17/2024
10687,2,4,1,3,4/19/2024
10691,5,1,5,2,4/18/2024
10694,5,4,2,5,4/29/2024
10697,4,4,2,2,4/29/2024
10706,3,2,1,3,4/19/2024
10713,1,5,3,4,4/22/2024
10714,2,1,5,5,4/16/2024
10721,2,4,1,4,4/26/2024
10723,1,5,1,4,4/26/2024
10727,3,4,2,2,4/25/2024
10739,2,1,3,5,4/20/2024
10747,3,4,1,3,5/8/2024
10759,3,2,3,3,4/17/2024
10787,5,3,4,1,4/13/2024
10794,2,3,2,3,4/24/2024
10802,3,2,2,3,4/14/2024
10806,3,1,1,2,5/8/2024
10807,5,1,2,2,5/8/2024
10809,2,3,5,4,4/18/2024
10828,1,1,1,3,4/20/2024
10845,1,5,2,1,4/18/2024
10857,1,3,2,4,4/17/2024
10875,3,2,2,5,4/19/2024
10882,3,2,2,2,4/22/2024
10893,5,1,3,5,4/20/2024
10906,5,1,1,4,4/22/2024
10913,1,1,3,1,4/27/2024
10915,5,3,4,3,4/21/2024
10922,4,2,3,4,4/24/2024
10944,1,3,1,4,4/27/2024
10949,3,4,1,4,4/24/2024
10955,2,4,4,3,5/8/2024
10959,2,3,1,2,4/28/2024
10960,4,3,1,2,4/28/2024
10965,3,4,4,4,4/25/2024
10976,5,1,3,4,4/26/2024
10980,1,2,4,1,5/4/2024
10982,5,3,3,1,4/29/2024
10992,1,3,5,1,4/24/2024
10993,1,1,1,4,4/24/2024
11024,2,3,4,3,5/1/2024
11035,2,5,5,4,5/2/2024
11038,3,4,3,2,4/27/2024
11044,1,5,1,4,5/2/2024
11054,1,3,1,5,5/15/2024
11061,3,5,2,1,5/2/2024
11068,3,1,4,2,5/6/2024
11074,3,5,4,1,4/25/2024
11091,1,5,3,2,4/30/2024
11110,2,5,4,3,4/27/2024
11118,4,1,3,5,5/2/2024
11120,1,5,1,4,5/2/2024
11122,2,1,2,3,4/30/2024
11138,3,3,1,5,5/10/2024
11140,4,5,1,1,5/10/2024
11146,4,4,3,3,5/9/2024
11150,5,4,3,4,5/4/2024
11163,2,5,4,3,5/9/2024
11168,5,4,4,2,5/6/2024
11179,3,3,3,3,5/3/2024
11187,5,5,3,3,5/2/2024
11191,4,1,5,3,5/8/2024
11198,5,2,3,1,5/3/2024
11199,2,4,2,4,5/3/2024
11201,3,4,1,5,5/8/2024
11221,4,5,3,3,5/5/2024
11228,3,4,5,3,5/8/2024
11230,5,5,5,4,5/8/2024
11235,4,4,5,5,5/10/2024
11241,3,4,5,3,5/5/2024
11247,4,2,4,1,5/9/2024
11253,3,5,1,1,5/10/2024
11262,2,1,3,4,5/5/2024
11277,3,3,5,5,5/8/2024
11284,2,1,2,4,5/7/2024
11286,3,2,4,3,5/7/2024
11287,1,3,4,3,5/7/2024
11295,1,4,1,2,5/1/2024
11299,4,3,5,3,5/12/2024
11311,3,4,2,5,5/11/2024
11319,5,4,3,5,5/11/2024
11358,5,4,1,5,5/9/2024
11360,1,2,1,5,5/9/2024
11373,4,5,1,4,5/12/2024
11374,5,2,1,4,5/11/2024
11380,3,2,3,4,5/3/2024
11396,5,4,2,1,5/10/2024
11402,5,1,4,3,5/4/2024
11424,4,2,3,4,5/9/2024
11451,5,4,2,5,5/11/2024
11453,5,2,4,2,5/11/2024
11459,5,4,1,3,5/7/2024
11470,2,2,4,3,5/12/2024
11471,4,1,4,3,5/5/2024
11476,5,3,3,2,5/6/2024
11477,4,4,4,2,5/6/2024
11478,3,2,2,4,5/6/2024
11484,2,4,5,3,5/12/2024
11489,1,1,5,2,5/11/2024
11494,2,5,2,4,5/8/2024
11500,1,1,4,2,5/12/2024
11502,5,1,3,5,5/11/2024
11508,3,2,1,5,5/8/2024
11509,3,3,1,2,5/8/2024
11521,4,2,4,3,5/9/2024
11522,3,2,5,1,5/9/2024
11523,4,4,2,3,5/9/2024
11533,5,4,5,4,5/26/2024
11543,2,2,4,1,5/13/2024
11554,4,2,5,1,5/13/2024
11559,2,4,4,4,5/14/2024
11584,5,4,3,2,5/23/2024
11600,1,3,3,2,5/29/2024
11602,5,5,1,4,5/12/2024
11617,5,3,4,5,5/11/2024
11618,3,3,5,3,5/16/2024
11630,1,5,1,1,5/30/2024
11638,5,4,4,2,5/17/2024
11641,1,1,5,3,5/18/2024
11645,1,4,1,3,5/12/2024
11662,1,1,1,5,5/18/2024
11668,3,3,4,5,5/18/2024
11672,3,3,1,3,5/15/2024
11685,2,5,3,5,5/16/2024
11688,4,3,2,2,5/28/2024
11691,1,3,2,4,5/13/2024
11694,5,3,3,2,5/15/2024
11697,2,1,1,2,5/15/2024
11708,4,4,1,2,5/12/2024
11717,5,4,3,3,5/15/2024
11722,5,3,1,5,5/17/2024
11751,2,1,1,1,5/16/2024
11758,1,5,1,4,5/20/2024
11760,4,2,4,2,5/20/2024
11761,4,4,1,1,5/13/2024
11766,3,1,1,5,5/20/2024
11781,5,4,3,1,5/17/2024
11789,1,5,5,5,5/18/2024
11791,4,1,4,1,5/16/2024
11795,1,5,1,4,5/26/2024
11804,4,5,1,4,5/26/2024
11809,3,3,1,3,5/23/2024
11822,3,2,1,5,5/25/2024
11825,1,4,1,5,5/18/2024
11845,1,3,1,2,5/18/2024
11864,1,3,2,4,5/26/2024
11866,5,1,2,4,5/26/2024
11881,1,4,1,2,5/27/2024
11884,3,4,2,2,5/16/2024
11887,1,2,4,3,5/16/2024
11906,2,1,4,4,5/27/2024
11907,2,2,2,3,5/27/2024
11919,4,1,3,4,5/20/2024
11924,2,2,1,3,5/27/2024
11948,3,5,3,5,5/24/2024
11954,1,3,4,3,5/22/2024
11959,1,3,2,4,5/21/2024
11967,2,5,5,2,5/23/2024
11982,2,2,2,4,5/21/2024
11998,3,1,4,1,5/29/2024
12014,2,3,1,1,6/2/2024
12026,4,1,5,5,5/28/2024
12029,2,5,2,5,6/2/2024
12048,3,3,3,4,5/24/2024
12052,5,5,1,4,5/31/2024
12061,1,2,3,3,5/31/2024
12062,4,4,5,5,5/31/2024
12069,3,5,1,1,5/30/2024
12070,2,1,3,2,5/30/2024
12071,1,4,1,5,5/31/2024
12104,2,2,2,5,5/24/2024
12108,3,4,3,4,6/10/2024
12111,4,3,4,2,6/4/2024
12112,1,5,3,5,6/4/2024
12114,5,2,2,2,5/27/2024
12115,1,5,3,1,5/27/2024
12116,3,1,5,4,5/27/2024
12139,4,2,4,4,6/2/2024
12152,5,2,5,3,5/27/2024
12154,3,5,3,4,5/30/2024
12168,5,3,1,4,5/24/2024
12180,1,4,1,5,5/30/2024
12184,3,4,5,1,6/5/2024
12188,2,5,1,4,5/30/2024
12190,4,4,4,4,5/30/2024
12194,4,2,1,2,6/12/2024
12207,3,4,5,1,5/29/2024
12220,5,4,4,4,6/6/2024
12224,5,5,5,2,5/31/2024
12230,2,5,2,4,6/6/2024
12235,1,3,5,4,5/27/2024
12251,2,2,5,1,6/2/2024
12254,1,1,5,2,5/28/2024
12255,3,3,4,5,5/28/2024
12266,3,1,2,2,5/29/2024
12270,5,5,1,5,6/4/2024
12281,1,1,4,5,6/5/2024
12285,4,2,5,2,5/27/2024
12288,1,2,5,2,6/3/2024
12301,4,5,5,3,6/3/2024
12311,5,1,5,2,6/6/2024
12313,1,1,3,3,6/6/2024
12317,3,2,3,5,5/31/2024
12320,4,4,2,3,6/1/2024
12321,4,2,1,1,5/30/2024
12324,1,1,3,5,5/30/2024
12325,4,1,3,4,5/30/2024
12330,4,5,2,1,6/6/2024
12339,3,5,5,2,6/8/2024
12372,5,1,2,1,6/15/2024
12376,1,3,3,1,5/30/2024
12390,3,5,5,1,6/2/2024
12401,1,1,4,2,6/2/2024
12402,2,2,5,3,6/2/2024
12408,2,5,5,3,6/1/2024
12431,1,3,2,1,6/2/2024
12450,4,5,2,4,6/23/2024
12456,2,4,4,4,6/8/2024
12463,5,4,5,5,6/4/2024
12469,2,2,2,3,6/2/2024
12476,1,5,1,2,6/11/2024
12478,2,1,2,5,6/9/2024
12507,5,5,2,3,6/4/2024
12510,3,1,2,3,6/7/2024
12519,5,4,3,1,6/1/2024
12532,3,1,2,5,6/5/2024
12544,2,2,2,4,6/2/2024
12553,1,2,2,4,6/5/2024
12554,1,1,1,1,6/6/2024
12568,3,2,4,2,6/11/2024
12574,4,1,1,3,6/10/2024
12575,1,5,3,3,6/10/2024
12627,1,1,1,1,6/5/2024
12639,3,2,2,3,6/14/2024
12644,3,2,4,3,6/12/2024
12652,3,2,2,5,6/10/2024
12663,3,1,3,2,6/14/2024
12674,5,4,5,1,6/8/2024
12676,2,4,2,2,6/8/2024
12678,5,1,1,2,6/11/2024
12687,4,3,1,5,6/13/2024
12697,3,5,1,4,6/14/2024
12698,1,5,4,3,6/12/2024
12699,2,4,3,4,6/12/2024
12730,4,1,2,1,6/5/2024
12754,4,5,2,3,6/6/2024
12755,3,3,1,3,6/6/2024
12767,3,5,4,4,6/13/2024
12774,5,4,1,2,6/15/2024
12785,2,5,5,1,6/11/2024
12788,5,3,4,5,6/13/2024
12792,4,5,2,5,6/9/2024
12794,1,3,2,5,6/15/2024
12797,4,3,2,4,6/15/2024
12798,3,5,2,4,6/18/2024
12800,3,2,3,4,6/18/2024
12804,5,2,4,4,6/10/2024
12828,5,5,4,5,6/11/2024
12831,1,4,1,1,6/13/2024
12835,4,5,4,1,6/14/2024
12839,1,4,5,4,6/23/2024
12841,2,1,2,1,6/18/2024
12882,1,3,3,1,6/12/2024
12908,1,4,3,5,6/15/2024
12919,5,5,3,2,6/13/2024
12927,1,2,4,4,6/20/2024
12941,5,2,4,4,6/20/2024
12952,5,2,4,2,6/21/2024
12958,1,1,2,4,6/14/2024
12971,3,3,3,1,6/20/2024
12975,2,4,2,1,6/20/2024
12979,4,4,3,4,6/11/2024
12980,5,4,4,5,6/11/2024
12986,3,2,1,3,6/21/2024
12998,1,5,4,3,6/20/2024
13017,2,2,2,4,6/23/2024
13046,1,5,3,1,6/18/2024
13052,1,4,4,3,6/22/2024
13058,2,2,1,3,6/21/2024
13067,3,5,2,2,6/16/2024
13080,5,4,2,5,7/5/2024
13086,3,3,2,3,6/20/2024
13107,3,1,5,1,6/21/2024
13115,3,1,5,2,6/23/2024
13123,4,3,1,2,6/15/2024
13137,1,4,3,3,6/25/2024
13145,5,2,2,1,6/24/2024
13152,4,4,3,2,6/18/2024
13164,3,3,4,2,6/19/2024
13175,5,1,2,4,6/17/2024
13185,3,3,4,4,6/17/2024
13189,1,4,2,3,6/20/2024
13192,3,5,4,2,6/28/2024
13198,5,5,3,2,6/30/2024
13215,5,2,3,3,6/24/2024
13220,1,2,2,2,6/28/2024
13233,4,2,4,1,6/18/2024
13238,3,3,3,5,6/26/2024
13242,4,1,2,4,6/23/2024
13244,1,3,2,5,6/22/2024
13248,5,1,4,5,6/22/2024
13251,2,4,3,1,6/19/2024
13253,2,1,5,3,6/19/2024
13259,4,5,1,5,6/22/2024
13266,5,5,4,2,6/24/2024
13274,3,3,3,3,6/27/2024
13277,1,3,3,2,6/27/2024
13292,3,3,4,2,6/30/2024
13296,5,3,1,4,6/23/2024
13298,4,1,5,2,6/22/2024
13305,2,1,5,3,7/8/2024
13308,1,2,1,5,6/29/2024
13318,4,1,4,2,6/28/2024
13323,4,4,2,2,6/29/2024
13336,4,2,2,4,6/20/2024
13340,5,1,4,5,7/6/2024
13352,4,3,5,5,6/29/2024
13354,5,5,4,5,7/2/2024
13363,4,2,4,4,6/26/2024
13376,4,5,4,3,6/30/2024
13379,1,1,5,2,7/17/2024
13398,5,2,4,1,6/25/2024
13413,5,3,5,2,6/21/2024
13425,5,3,1,3,6/26/2024
13432,2,2,2,3,6/30/2024
13458,1,3,2,3,6/26/2024
13463,1,1,3,2,7/8/2024
13466,3,5,2,1,7/1/2024
13476,1,5,2,2,6/22/2024
13492,2,5,5,2,6/25/2024
13499,3,1,4,4,7/2/2024
13502,4,4,1,3,6/22/2024
13507,1,3,1,2,7/13/2024
13510,3,2,2,1,6/22/2024
13517,3,2,3,2,7/3/2024
13518,2,4,2,2,6/29/2024
13522,5,4,3,2,7/21/2024
13524,4,5,4,3,6/29/2024
13532,3,4,3,4,7/2/2024
13534,5,1,5,1,6/29/2024
13551,5,5,4,3,7/6/2024
13558,1,5,3,1,6/29/2024
13564,4,3,4,1,7/11/2024
13569,2,5,1,2,7/14/2024
13572,1,2,1,1,7/1/2024
13592,4,4,3,1,6/26/2024
13600,2,5,4,5,7/2/2024
13606,3,5,1,5,7/11/2024
13609,3,5,5,4,7/2/2024
13615,1,4,3,3,6/30/2024
13634,2,5,5,1,7/5/2024
13637,5,4,2,4,7/5/2024
13641,5,2,2,4,7/19/2024
13646,3,5,5,3,6/30/2024
13647,2,3,1,2,6/30/2024
13655,2,1,3,4,7/2/2024
13659,4,4,5,3,6/26/2024
13680,3,5,5,1,7/5/2024
13690,2,2,1,5,7/1/2024
13697,3,4,3,5,7/4/2024
13701,4,2,5,4,6/30/2024
13704,3,2,3,1,7/3/2024
13710,4,3,4,3,7/9/2024
13716,5,4,5,2,7/16/2024
13729,2,3,5,5,7/5/2024
13777,4,5,3,4,7/8/2024
13782,1,3,1,3,7/3/2024
13787,5,4,5,1,7/9/2024
13800,4,5,4,2,7/6/2024
13811,2,4,3,2,7/11/2024
13827,4,4,4,2,7/10/2024
13829,4,5,3,4,7/4/2024
13838,3,4,2,3,7/16/2024
13842,5,1,2,5,7/5/2024
13844,5,2,5,4,7/9/2024
13845,5,5,5,5,7/9/2024
13855,3,5,2,1,7/14/2024
13858,3,3,5,3,7/4/2024
13862,2,2,5,3,7/10/2024
13864,5,4,3,4,7/6/2024
13870,5,4,2,4,7/12/2024
13871,1,1,4,5,7/9/2024
13879,5,1,5,5,7/23/2024
13883,4,3,2,2,7/12/2024
13892,4,5,3,2,7/6/2024
13909,4,2,3,5,7/13/2024
13912,4,4,4,2,7/7/2024
13915,2,4,1,5,7/12/2024
13920,2,5,5,1,7/18/2024
13921,5,3,2,1,7/11/2024
13926,1,1,1,3,7/15/2024
13928,5,1,5,4,7/6/2024
13936,2,5,2,5,7/7/2024
13975,2,3,1,1,7/7/2024
13985,5,1,2,5,7/10/2024
13994,1,4,4,3,7/16/2024
13995,4,5,1,1,7/16/2024
13996,3,2,3,3,7/16/2024
14001,2,1,3,1,7/13/2024
14014,1,2,3,5,7/11/2024
14019,1,5,4,1,7/13/2024
14020,4,4,1,4,7/13/2024
14040,3,3,5,3,7/11/2024
14043,1,3,2,4,7/20/2024
14044,5,4,1,4,7/22/2024
14046,3,2,5,1,7/22/2024
14052,3,5,4,1,7/11/2024
14065,2,2,2,3,7/12/2024
14070,2,2,3,4,7/17/2024
14076,4,2,4,2,7/11/2024
14078,1,1,4,5,7/9/2024
14084,2,5,4,1,7/7/2024
14090,1,4,2,3,8/7/2024
14093,1,5,1,2,7/17/2024
14104,5,5,5,4,7/18/2024
14110,4,1,3,5,7/13/2024
14120,1,4,2,4,7/8/2024
14123,1,2,4,3,7/15/2024
14129,4,2,2,2,7/16/2024
14130,1,4,4,1,7/16/2024
14134,2,4,2,5,7/22/2024
14139,4,2,4,2,7/10/2024
14151,3,5,4,5,7/12/2024
14157,1,1,1,2,7/11/2024
14159,3,2,5,3,7/20/2024
14167,3,3,2,2,7/13/2024
14172,4,2,1,5,7/24/2024
14176,2,2,3,1,7/19/2024
14183,2,1,1,2,7/23/2024
14202,3,5,3,4,7/19/2024
14217,5,5,4,3,7/13/2024
14226,1,2,2,4,7/17/2024
14235,3,1,2,4,7/20/2024
14245,2,5,1,4,7/14/2024
14248,5,5,5,5,8/8/2024
14253,4,3,3,5,7/15/2024
14264,1,3,1,5,7/21/2024
14268,4,5,3,1,7/14/2024
14282,2,4,4,4,7/23/2024
14307,2,1,5,4,7/16/2024
14330,5,4,3,3,7/18/2024
14336,5,1,2,4,7/19/2024
14343,5,3,3,1,7/22/2024
14344,2,1,1,5,8/2/2024
14345,4,2,4,3,8/2/2024
14350,4,4,3,4,7/20/2024
14352,5,2,1,5,7/21/2024
14373,4,5,2,3,7/22/2024
14375,5,5,3,5,7/30/2024
14376,2,4,5,2,7/30/2024
14386,3,1,5,5,7/20/2024
14395,4,2,5,5,8/14/2024
14407,3,4,3,3,7/25/2024
14409,5,3,1,4,7/17/2024
14414,3,5,1,4,7/22/2024
14419,4,4,4,2,7/25/2024
14422,4,3,5,4,7/19/2024
14428,2,5,5,3,7/24/2024
14432,1,3,1,3,7/25/2024
14441,5,2,3,5,7/26/2024
14442,3,3,3,3,7/26/2024
14443,1,1,1,5,7/26/2024
14451,3,3,2,2,8/15/2024
14456,4,5,5,4,8/13/2024
14469,5,1,5,4,7/21/2024
14476,1,5,3,4,7/28/2024
14493,4,3,5,1,7/25/2024
14503,1,5,3,5,8/2/2024
14505,3,5,2,5,7/26/2024
14512,2,1,2,1,7/24/2024
14518,5,5,4,2,8/1/2024
14522,3,4,3,1,7/31/2024
14538,2,5,3,3,7/26/2024
14551,1,5,4,3,7/24/2024
14552,5,2,3,2,7/24/2024
14559,4,1,2,3,7/27/2024
14592,5,2,2,4,7/25/2024
14597,3,1,2,4,8/3/2024
14611,5,3,2,1,7/25/2024
14615,2,5,2,3,8/4/2024
14630,1,5,4,4,7/25/2024
14633,4,1,5,3,7/30/2024
14641,2,3,5,4,8/4/2024
14642,2,3,4,5,8/4/2024
14661,1,5,4,2,7/26/2024
14670,1,4,2,1,8/3/2024
14674,5,1,1,3,8/6/2024
14677,1,4,1,2,8/6/2024
14680,1,3,4,4,8/6/2024
14688,2,2,2,5,8/17/2024
14690,1,3,5,2,8/17/2024
14696,4,5,3,1,7/27/2024
14702,2,3,4,5,7/31/2024
14708,1,4,3,1,7/30/2024
14726,1,1,4,4,8/14/2024
14737,5,5,5,2,7/29/2024
14750,1,5,2,2,8/6/2024
14758,1,4,1,3,8/2/2024
14770,3,1,3,3,8/16/2024
14799,3,2,3,4,8/8/2024
14813,5,1,3,5,8/3/2024
14815,4,1,1,5,8/1/2024
14847,1,1,2,4,8/8/2024
14848,5,3,1,1,8/8/2024
14853,4,1,3,1,8/4/2024
14862,2,1,5,3,8/6/2024
14865,3,2,3,5,8/2/2024
14869,5,2,3,5,8/7/2024
14875,2,4,3,3,8/5/2024
14877,5,1,4,4,8/5/2024
14883,4,5,3,3,8/12/2024
14895,2,4,4,1,8/5/2024
14909,5,3,1,4,8/4/2024
14919,2,3,5,4,8/8/2024
14921,3,1,1,1,8/7/2024
14934,2,5,1,5,8/11/2024
14939,5,3,3,4,8/7/2024
14945,3,1,2,1,8/6/2024
14949,2,3,3,3,8/8/2024
14951,1,3,4,4,8/4/2024
14956,2,2,4,2,8/6/2024
14957,3,5,3,5,8/6/2024
14983,2,4,1,1,8/11/2024
14989,3,2,3,2,8/4/2024
14993,4,3,4,3,8/10/2024
14996,3,5,3,3,8/5/2024
15001,4,2,5,2,8/26/2024
15006,3,1,4,2,8/5/2024
15023,4,3,1,3,8/5/2024
15025,5,5,1,4,8/3/2024
15030,2,5,1,4,8/2/2024
15047,3,1,5,4,8/9/2024
15055,4,5,1,2,8/7/2024
15077,2,3,1,1,8/8/2024
15096,5,1,2,3,8/8/2024
15100,5,4,5,2,8/11/2024
15111,3,3,4,2,8/21/2024
15119,2,5,2,3,8/14/2024
15154,2,4,3,2,8/16/2024
15166,4,3,2,3,8/14/2024
15167,3,4,4,4,8/14/2024
15174,1,1,1,1,8/16/2024
15177,4,5,1,5,8/16/2024
15180,4,4,4,5,8/13/2024
15188,5,3,3,1,8/11/2024
15197,5,2,2,5,8/19/2024
15204,3,2,4,1,8/20/2024
15219,2,5,3,4,8/10/2024
15221,5,2,2,3,8/20/2024
15228,2,4,3,4,8/19/2024
15229,2,4,3,5,8/19/2024
15230,4,2,1,2,8/19/2024
15232,3,4,1,5,8/16/2024
15234,4,1,2,5,8/13/2024
15235,5,4,2,1,8/13/2024
15240,5,3,2,3,8/13/2024
15254,3,3,5,3,8/12/2024
15262,2,5,3,5,8/18/2024
15276,2,1,5,1,8/18/2024
15278,3,5,3,3,8/23/2024
15291,4,4,5,1,8/15/2024
15292,3,2,2,4,8/15/2024
15310,4,4,3,2,8/20/2024
15320,4,3,4,4,8/16/2024
15321,2,3,3,5,8/17/2024
15332,5,1,2,5,8/16/2024
15345,5,5,5,1,8/20/2024
15352,3,2,3,1,8/21/2024
15364,5,4,3,3,8/23/2024
15378,5,4,5,5,8/21/2024
15379,5,5,3,5,8/21/2024
15383,3,2,3,1,8/19/2024
15394,5,3,2,2,8/19/2024
15396,5,1,1,4,8/19/2024
15402,3,4,5,5,8/14/2024
15412,4,5,2,1,8/19/2024
15423,2,5,4,4,8/18/2024
15432,3,2,2,4,8/18/2024
15433,2,2,3,4,8/18/2024
15435,1,1,2,4,8/16/2024
15440,4,4,5,1,8/21/2024
15449,1,2,4,1,8/23/2024
15452,3,4,4,4,8/23/2024
15460,1,4,3,5,8/18/2024
15472,1,2,1,3,8/18/2024
15476,5,2,2,3,8/25/2024
15477,2,4,5,5,8/25/2024
15505,2,5,3,5,8/23/2024
15514,1,3,3,1,8/22/2024
15524,4,2,5,1,8/23/2024
15547,2,4,2,2,9/14/2024
15553,3,5,3,1,8/19/2024
15554,1,1,1,4,8/24/2024
15556,4,2,5,4,8/24/2024
15566,3,2,2,5,8/18/2024
15573,3,3,3,3,8/26/2024
15577,2,3,3,3,8/25/2024
15598,4,1,1,1,8/21/2024
15599,3,2,4,4,8/21/2024
15623,3,4,4,5,8/19/2024
15639,3,1,3,2,8/20/2024
15647,3,5,3,5,8/22/2024
15649,1,5,1,3,8/27/2024
15662,1,4,1,2,8/30/2024
15668,1,2,5,5,8/21/2024
15671,2,1,1,1,8/28/2024
15686,3,3,2,4,9/1/2024
15715,2,3,2,3,8/28/2024
15716,5,3,4,5,8/28/2024
15725,3,1,5,5,8/22/2024
15726,4,1,5,4,8/22/2024
15730,5,1,1,3,8/24/2024
15742,4,1,2,1,8/25/2024
15748,5,2,1,5,9/1/2024
15753,1,3,1,3,8/29/2024
15763,5,3,3,5,8/24/2024
15768,1,1,5,1,8/31/2024
15783,2,5,3,1,8/24/2024
15786,5,1,4,3,8/30/2024
15796,1,1,3,4,8/30/2024
15797,1,3,4,4,8/30/2024
15810,3,5,4,2,8/27/2024
15812,3,5,1,2,9/3/2024
15814,3,4,3,5,9/4/2024
15815,1,1,5,2,9/4/2024
15840,5,4,2,5,8/30/2024
15845,5,1,5,4,8/30/2024
15854,5,4,3,3,9/2/2024
15861,4,3,5,5,9/2/2024
15886,1,3,1,3,8/28/2024
15908,4,2,3,2,9/13/2024
15913,5,3,3,4,9/4/2024
15917,5,1,1,1,9/1/2024
15929,5,1,4,2,9/2/2024
15935,1,1,5,3,9/15/2024
15936,2,4,2,2,9/15/2024
15939,4,2,4,3,9/2/2024
15945,2,1,2,5,8/27/2024
15946,3,2,3,4,8/27/2024
15947,3,1,1,4,8/27/2024
15956,4,2,1,5,9/3/2024
15962,2,1,3,4,8/29/2024
15965,1,1,3,2,9/2/2024
15998,1,1,4,2,8/30/2024
16013,1,3,5,1,9/25/2024
16036,4,2,1,4,9/2/2024
16042,1,5,2,3,9/3/2024
16063,5,1,5,1,9/5/2024
16067,2,1,3,4,9/8/2024
16085,3,2,1,4,9/5/2024
16100,3,3,3,2,8/30/2024
16101,5,5,5,3,9/9/2024
16119,3,3,4,2,9/4/2024
16131,4,3,4,4,9/5/2024
16135,5,2,5,1,9/6/2024
16136,5,4,2,5,9/6/2024
16140,2,4,1,4,9/10/2024
16155,5,3,5,1,9/10/2024
16159,4,3,5,4,9/11/2024
16164,5,1,5,5,9/11/2024
16165,3,3,3,4,9/11/2024
16174,5,2,1,3,9/12/2024
16180,3,2,5,5,9/9/2024
16183,3,4,2,2,10/2/2024
16190,5,3,4,5,9/27/2024
16195,3,5,4,1,9/4/2024
16200,4,4,4,1,9/7/2024
16203,2,3,1,4,9/6/2024
16227,1,5,2,3,9/9/2024
16230,2,4,1,2,9/14/2024
16245,5,2,4,5,9/5/2024
16250,4,3,2,2,9/14/2024
16251,4,5,1,3,9/5/2024
16263,4,3,5,5,9/13/2024
16269,3,5,4,2,9/14/2024
16270,4,3,1,5,9/14/2024
16280,1,1,5,2,9/13/2024
16284,5,5,3,2,9/11/2024
16286,4,1,1,5,9/11/2024
16291,5,1,1,2,9/10/2024
16312,2,3,3,5,9/8/2024
16323,4,3,4,5,9/8/2024
16335,2,3,5,3,9/10/2024
16342,3,3,1,1,9/9/2024
16347,5,5,3,5,9/13/2024
16357,5,1,5,5,9/13/2024
16362,5,2,4,5,10/4/2024
16370,3,4,5,3,9/22/2024
16396,3,1,1,4,9/10/2024
16400,3,3,2,4,9/11/2024
16408,3,4,2,2,9/10/2024
16410,1,4,1,1,9/10/2024
16411,1,4,5,3,9/13/2024
16416,2,3,2,4,9/18/2024
16418,2,2,2,1,9/6/2024
16422,5,2,4,3,9/10/2024
16433,4,2,1,2,9/13/2024
16434,5,2,2,2,9/7/2024
16447,5,4,3,4,9/17/2024
16464,3,1,2,4,9/13/2024
16473,5,5,4,5,9/7/2024
16475,3,3,5,1,10/1/2024
16481,1,4,4,3,9/15/2024
16492,5,2,3,4,9/10/2024
16495,2,5,5,4,9/11/2024
16504,4,3,1,4,9/15/2024
16520,5,1,3,3,10/1/2024
16522,3,3,3,2,9/21/2024
16528,4,4,4,5,9/11/2024
16539,5,1,2,5,9/24/2024
16542,4,4,5,2,9/21/2024
16547,3,1,1,1,9/13/2024
16548,1,2,3,3,9/20/2024
16557,5,4,2,3,9/20/2024
16575,1,5,2,1,9/13/2024
16589,3,3,1,1,9/11/2024
16591,3,4,5,2,9/19/2024
16629,4,2,1,3,9/19/2024
16638,1,1,5,2,9/17/2024
16656,1,3,2,2,9/13/2024
16677,5,1,4,5,9/13/2024
16685,5,5,1,4,9/22/2024
16692,4,1,5,4,9/12/2024
16704,1,5,1,5,9/23/2024
16705,3,4,3,3,9/23/2024
16708,4,3,1,4,9/16/2024
16713,5,4,3,2,9/24/2024
16714,1,4,1,3,9/18/2024
16724,1,2,4,4,9/15/2024
16725,4,2,2,1,9/15/2024
16727,3,2,3,2,9/15/2024
16736,3,5,2,3,9/22/2024
16739,5,5,3,5,9/20/2024
16743,2,1,3,2,9/21/2024
16744,4,4,4,2,9/16/2024
16753,2,1,4,1,9/22/2024
16769,1,5,4,5,9/23/2024
16787,3,2,4,1,9/21/2024
16810,1,4,3,3,9/24/2024
16812,5,1,5,4,9/22/2024
16841,2,2,3,1,9/18/2024
16862,1,1,3,4,9/23/2024
16884,3,2,5,4,9/25/2024
16892,2,5,5,5,9/20/2024
16901,3,1,4,3,9/15/2024
16915,3,5,2,5,9/20/2024
16920,5,1,3,4,9/19/2024
16922,2,5,2,3,9/18/2024
16923,1,4,4,4,9/18/2024
16929,1,5,3,5,9/20/2024
16932,5,1,5,3,9/25/2024
16934,3,3,3,1,9/22/2024
16935,3,4,4,3,9/22/2024
16936,1,1,4,4,9/22/2024
16939,5,5,5,2,9/22/2024
16946,4,2,1,2,9/25/2024
16950,1,5,1,1,9/18/2024
16959,2,2,4,1,10/8/2024
16960,1,1,3,4,10/8/2024
16968,3,5,4,2,9/28/2024
16974,4,4,5,2,9/24/2024
17006,2,3,4,4,9/25/2024
17010,4,2,4,5,9/24/2024
17016,2,2,4,1,9/25/2024
17025,4,2,4,1,9/27/2024
17045,3,3,3,1,9/22/2024
17055,1,1,1,1,9/20/2024
17061,2,2,3,5,10/15/2024
17069,2,4,2,1,9/27/2024
17074,4,4,1,2,9/24/2024
17079,3,5,4,2,9/22/2024
17082,2,1,2,4,9/22/2024
17089,5,5,5,3,10/20/2024
17090,2,4,5,5,10/20/2024
17098,5,2,5,4,10/2/2024
17101,5,4,5,4,10/7/2024
17103,4,1,5,5,10/7/2024
17112,1,2,4,3,10/3/2024
17123,5,2,4,2,9/29/2024
17132,3,5,3,1,10/2/2024
17139,3,5,3,1,10/1/2024
17151,4,4,3,5,9/27/2024
17155,1,1,1,2,10/11/2024
17159,1,4,3,2,10/14/2024
17162,4,4,4,2,10/1/2024
17169,2,4,3,2,9/28/2024
17174,1,1,1,3,9/22/2024
17175,3,5,5,5,9/22/2024
17178,5,3,4,1,9/30/2024
17179,4,1,1,4,9/30/2024
17189,4,3,2,2,9/24/2024
17207,1,1,3,5,9/29/2024
17211,5,1,5,5,10/8/2024
17217,1,1,3,3,9/24/2024
17234,3,2,2,4,9/27/2024
17247,1,3,2,3,9/28/2024
17257,5,4,1,4,9/26/2024
17259,3,5,2,5,9/27/2024
17268,1,1,3,2,10/5/2024
17273,2,2,4,5,9/29/2024
17276,1,4,1,1,9/27/2024
17284,5,2,5,3,10/4/2024
17286,5,1,3,1,10/4/2024
17313,3,3,2,5,10/3/2024
17323,4,5,1,4,10/3/2024
17327,1,2,5,4,10/7/2024
17348,4,4,4,5,10/4/2024
17379,5,2,2,1,10/3/2024
17383,3,3,4,4,10/13/2024
17385,5,4,4,2,9/29/2024
17390,1,3,5,2,10/2/2024
17398,4,1,1,2,10/11/2024
17401,4,5,2,4,10/3/2024
17407,1,5,1,5,10/5/2024
17408,1,5,3,4,10/1/2024
17409,5,1,1,2,10/1/2024
17413,2,1,1,4,10/2/2024
17428,1,2,5,3,10/7/2024
17434,4,3,2,5,9/27/2024
17438,5,2,3,5,10/2/2024
17455,5,5,3,1,10/5/2024
17469,2,5,2,3,9/30/2024
17476,3,5,3,1,10/1/2024
17477,2,5,2,3,10/1/2024
17485,2,4,2,4,10/27/2024
17511,1,3,1,3,9/30/2024
17513,5,3,2,5,9/30/2024
17524,1,3,1,2,10/9/2024
17549,1,5,3,2,10/7/2024
17559,5,2,5,3,10/1/2024
17561,2,4,1,1,10/12/2024
17569,1,5,5,5,10/3/2024
17571,3,3,2,1,10/9/2024
17573,3,3,5,5,10/9/2024
17590,1,5,5,1,10/10/2024
17593,2,4,3,5,10/25/2024
17598,3,2,4,5,10/12/2024
17604,1,3,4,5,10/9/2024
17606,2,2,5,3,10/9/2024
17610,5,4,5,5,10/13/2024
17613,3,2,3,2,10/7/2024
17615,3,1,4,4,10/6/2024
17618,5,4,5,3,10/4/2024
17621,5,1,3,3,10/11/2024
17632,5,5,3,4,10/14/2024
17634,5,1,2,1,10/17/2024
17637,4,4,4,4,10/17/2024
17647,5,3,3,1,10/7/2024
17651,1,4,4,5,10/24/2024
17663,2,5,5,5,10/8/2024
17665,4,1,2,1,10/8/2024
17666,4,1,5,5,10/8/2024
17669,1,5,1,2,10/12/2024
17670,1,3,4,4,10/12/2024
17689,1,2,2,4,10/13/2024
17709,4,5,4,2,10/12/2024
17717,5,3,4,3,10/13/2024
17722,2,4,4,4,10/9/2024
17727,2,3,2,4,10/12/2024
17731,2,2,5,2,10/17/2024
17735,1,4,5,1,10/10/2024
17740,4,5,2,5,10/17/2024
17744,5,4,1,4,10/13/2024
17745,1,3,1,3,10/13/2024
17754,5,1,4,2,10/10/2024
17757,3,5,1,1,10/10/2024
17760,2,1,4,1,10/5/2024
17762,4,3,1,4,10/10/2024
17767,3,5,2,1,10/9/2024
17774,5,2,2,5,10/13/2024
17776,5,4,1,3,10/13/2024
17779,4,5,2,4,10/16/2024
17792,3,4,4,4,10/10/2024
17796,3,4,5,4,10/8/2024
17815,4,3,1,4,10/7/2024
17829,1,4,3,2,10/15/2024
17839,4,4,4,5,10/9/2024
17840,2,2,3,2,10/9/2024
17842,5,1,3,3,10/15/2024
17844,2,1,4,2,10/10/2024
17857,3,1,3,5,10/8/2024
17877,2,4,1,5,10/24/2024
17878,1,3,4,2,10/16/2024
17885,1,3,1,4,10/13/2024
17894,3,2,3,2,10/19/2024
17904,4,3,2,1,10/10/2024
17908,3,1,1,5,10/11/2024
17915,5,3,4,3,10/13/2024
17917,4,3,4,3,10/13/2024
17919,3,2,3,3,10/21/2024
17922,5,3,2,5,10/11/2024
17929,4,3,4,4,10/11/2024
17970,3,2,4,2,10/30/2024
17976,3,2,2,4,10/12/2024
17989,5,2,2,5,10/17/2024
18005,2,4,2,4,10/22/2024
18012,2,1,5,5,10/16/2024
18028,2,4,2,5,10/24/2024
18029,2,3,1,4,10/24/2024
18034,3,2,1,1,10/25/2024
18043,1,3,2,2,10/15/2024
18048,3,4,3,1,10/17/2024
18055,1,3,3,3,10/12/2024
18057,1,1,2,4,10/12/2024
18066,1,4,1,3,10/16/2024
18083,2,1,5,4,10/18/2024
18086,1,1,5,5,10/17/2024
18087,1,2,2,1,10/17/2024
18104,5,4,1,5,10/15/2024
18118,3,4,1,1,10/21/2024
18122,3,1,3,1,11/6/2024
18135,2,2,2,1,11/8/2024
18147,1,2,2,2,10/20/2024
18153,4,3,4,1,10/16/2024
18163,5,4,4,5,10/20/2024
18169,5,3,5,1,10/20/2024
18185,1,4,2,5,11/12/2024
18192,2,1,3,1,10/27/2024
18202,4,4,5,2,11/15/2024
18205,3,3,5,2,10/27/2024
18206,4,2,4,1,10/27/2024
18227,5,2,5,1,10/27/2024
18243,5,5,5,5,10/27/2024
18255,2,4,3,1,10/18/2024
18257,3,4,2,1,10/18/2024
18259,3,5,1,4,10/24/2024
18260,2,4,5,4,10/24/2024
18267,4,4,4,2,10/28/2024
18273,4,3,5,4,10/28/2024
18311,1,5,5,5,10/21/2024
18348,4,3,5,5,10/28/2024
18355,4,1,3,3,11/2/2024
18361,2,5,2,1,11/4/2024
18362,4,2,5,5,11/4/2024
18367,1,1,5,4,10/24/2024
18372,3,3,5,2,10/23/2024
18388,5,2,4,1,11/1/2024
18393,5,1,3,3,10/28/2024
18396,3,2,1,1,10/23/2024
18404,5,2,3,4,10/30/2024
18410,4,4,3,1,10/29/2024
18414,1,5,3,2,10/26/2024
18416,1,4,4,4,10/26/2024
18417,3,4,1,4,10/26/2024
18418,5,4,2,1,10/21/2024
18420,5,5,2,2,10/21/2024
18423,5,1,2,4,10/22/2024
18435,4,1,2,2,11/2/2024
18444,4,2,3,1,11/1/2024
18466,1,5,5,2,10/22/2024
18468,2,5,2,2,11/18/2024
18473,3,4,5,5,10/30/2024
18478,2,1,1,2,10/28/2024
18491,5,5,2,1,11/1/2024
18495,2,1,4,4,10/28/2024
18497,3,3,1,5,10/28/2024
18498,3,1,5,2,10/29/2024
18506,3,1,3,3,10/29/2024
18521,3,4,1,1,11/8/2024
18531,2,2,4,1,11/1/2024
18557,2,4,3,3,10/26/2024
18559,3,1,5,5,11/5/2024
18565,5,3,5,5,11/25/2024
18567,5,5,5,4,11/25/2024
18573,2,5,3,5,11/16/2024
18587,5,1,5,5,10/26/2024
18589,4,5,3,1,11/3/2024
18599,4,4,1,3,11/27/2024
18608,4,4,2,1,11/6/2024
18611,2,2,2,1,11/5/2024
18620,3,2,1,1,11/7/2024
18624,5,5,5,1,11/8/2024
18630,5,1,3,3,10/31/2024
18632,5,2,4,5,10/31/2024
18671,1,2,5,1,11/1/2024
18694,1,2,3,1,11/5/2024
18699,4,1,5,5,11/7/2024
18710,2,5,2,3,11/14/2024
18711,4,1,4,5,10/29/2024
18720,3,2,5,2,11/21/2024
18733,1,4,3,1,11/9/2024
18740,2,3,1,5,11/7/2024
18746,3,1,5,3,11/5/2024
18757,5,2,1,5,11/10/2024
18762,1,4,4,1,11/9/2024
18778,1,1,1,4,11/8/2024
18786,1,3,3,5,10/31/2024
18804,5,3,1,1,11/1/2024
18825,4,4,4,3,11/3/2024
18831,3,4,1,4,11/10/2024
18857,5,5,1,3,11/6/2024
18892,4,2,3,3,11/7/2024
18902,1,3,3,4,11/4/2024
18906,2,5,5,1,11/3/2024
18909,3,4,1,2,11/11/2024
18911,5,5,3,1,11/11/2024
18915,4,2,5,5,11/30/2024
18917,4,2,3,4,11/30/2024
18920,2,2,1,5,11/8/2024
18942,5,5,3,5,11/9/2024
18961,4,3,5,5,11/5/2024
18968,3,3,3,2,11/8/2024
18974,3,4,2,4,11/14/2024
18980,1,4,2,1,11/7/2024
18998,1,5,1,3,11/8/2024
18999,5,3,5,1,11/8/2024
19027,3,5,1,2,11/8/2024
19030,3,5,3,5,11/9/2024
19043,1,2,3,5,11/12/2024
19053,3,4,2,5,11/10/2024
19060,4,4,4,4,12/3/2024
19063,5,5,3,4,11/8/2024
19066,5,4,3,1,11/15/2024
19080,1,3,4,5,11/13/2024
19083,5,4,4,2,11/11/2024
19086,1,3,2,3,11/11/2024
19106,1,1,1,4,11/10/2024
19113,4,4,2,4,11/9/2024
19122,2,2,5,2,11/19/2024
19126,3,5,1,4,11/18/2024
19135,4,1,1,5,11/18/2024
19139,2,2,1,4,11/17/2024
19158,2,5,4,1,11/19/2024
19169,5,2,5,2,11/20/2024
19175,4,5,4,2,12/9/2024
19178,3,3,3,4,11/19/2024
19189,1,3,2,5,11/17/2024
19223,2,2,5,2,12/4/2024
19225,4,4,5,2,11/13/2024
19242,2,3,5,5,11/20/2024
19244,3,1,2,3,11/19/2024
19261,1,5,1,1,11/22/2024
19263,5,2,3,3,11/22/2024
19273,5,5,4,4,11/15/2024
19284,4,3,1,2,11/21/2024
19296,5,4,2,1,11/15/2024
19301,5,4,4,5,11/18/2024
19306,3,4,3,4,11/15/2024
19312,2,3,3,4,11/20/2024
19316,5,3,3,5,11/23/2024
19319,4,5,1,1,11/19/2024
19326,3,3,2,2,11/14/2024
19333,5,1,2,2,11/15/2024
19351,3,2,4,1,11/16/2024
19374,3,5,5,2,11/15/2024
19381,1,5,3,4,11/23/2024
19391,4,5,1,4,11/25/2024
19401,3,5,1,3,11/20/2024
19410,1,3,4,1,11/21/2024
19413,1,4,5,3,11/23/2024
19414,2,1,5,1,11/23/2024
19424,4,1,5,3,11/17/2024
19425,3,2,3,4,11/17/2024
19426,4,4,1,1,11/17/2024
19431,4,1,2,2,11/17/2024
19437,2,4,2,1,11/19/2024
19440,5,3,4,2,11/19/2024
19447,3,3,4,3,11/15/2024
19448,5,2,1,1,11/25/2024
19455,5,3,3,1,11/21/2024
19456,1,5,2,5,11/21/2024
19459,4,1,2,3,12/6/2024
19472,2,1,5,5,11/18/2024
19474,5,3,3,4,11/20/2024
19479,4,4,2,2,11/22/2024
19486,1,4,1,4,11/20/2024
19491,3,3,3,4,11/17/2024
19496,4,2,4,1,11/19/2024
19500,4,5,1,4,11/23/2024
19508,3,4,5,2,11/18/2024
19530,5,2,2,2,11/25/2024
19534,3,4,3,1,11/20/2024
19536,3,1,2,5,11/20/2024
19538,5,3,3,2,11/27/2024
19544,1,4,2,5,11/25/2024
19555,2,2,5,4,11/17/2024
19560,2,5,2,2,11/22/2024
19582,5,3,2,1,11/27/2024
19588,3,1,5,3,11/17/2024
19617,2,4,4,5,11/26/2024
19618,1,4,2,5,11/17/2024
19642,3,1,1,1,11/30/2024
19650,3,3,3,1,11/22/2024
19653,5,1,1,5,11/19/2024
19656,5,2,4,2,11/20/2024
19659,5,5,2,1,12/7/2024
19662,1,4,2,3,11/23/2024
19683,3,5,2,5,11/19/2024
19684,2,1,1,1,11/30/2024
19688,1,2,5,5,11/29/2024
19695,5,5,5,1,11/22/2024
19714,3,1,3,2,11/26/2024
19715,5,2,1,3,11/26/2024
19716,2,2,2,3,11/26/2024
19719,4,4,5,1,12/5/2024
19730,5,5,5,2,11/25/2024
19733,3,1,2,4,11/21/2024
19757,2,2,4,2,12/1/2024
19769,1,4,3,3,11/28/2024
19775,3,1,4,5,11/23/2024
19781,2,1,2,4,11/26/2024
19787,1,1,2,1,11/20/2024
19790,1,2,1,1,11/22/2024
19800,3,1,2,5,11/30/2024
19802,2,5,1,5,11/28/2024
19803,3,2,1,2,11/28/2024
19818,2,2,4,1,11/23/2024
19825,1,2,4,1,12/16/2024
19829,5,4,4,2,12/1/2024
19839,5,4,4,5,11/29/2024
19845,4,1,3,1,11/27/2024
19851,1,2,2,5,11/26/2024
19865,2,5,2,4,11/30/2024
19866,2,5,1,2,11/30/2024
19884,5,2,1,2,11/28/2024
19885,3,4,4,5,11/28/2024
19887,4,1,5,1,11/28/2024
19905,5,3,3,4,12/4/2024
19939,1,1,5,1,12/3/2024
19944,3,3,2,1,12/1/2024
19946,3,3,3,4,12/1/2024
19952,3,5,4,3,12/3/2024
19954,2,2,3,1,11/28/2024
19966,5,3,3,2,12/2/2024
19971,4,2,1,1,11/28/2024
19974,2,4,1,3,12/1/2024
19983,1,3,3,4,12/1/2024
19984,3,3,5,1,12/5/2024
19991,5,1,3,4,11/26/2024
20004,5,4,3,2,11/30/2024
20016,3,1,2,3,11/29/2024
20018,1,3,2,5,11/27/2024
20028,2,2,5,5,11/25/2024
20032,2,3,1,4,12/3/2024
20044,4,5,1,2,11/30/2024
20052,2,3,3,1,12/6/2024
20063,4,5,4,5,12/1/2024
20079,3,1,3,5,12/5/2024
20086,2,4,2,1,11/26/2024
20088,2,1,3,4,11/27/2024
20096,5,5,3,5,12/6/2024
20114,1,3,4,2,12/2/2024
20115,4,2,2,5,12/2/2024
20127,1,2,1,5,12/3/2024
20172,1,4,3,5,12/1/2024
20174,1,4,3,2,12/4/2024
20179,1,1,5,1,11/30/2024
20187,1,2,2,2,11/28/2024
20192,5,4,3,4,12/5/2024
20200,3,4,3,1,12/1/2024
20204,3,3,4,1,12/16/2024
20233,5,1,1,5,12/6/2024
20234,1,2,4,2,12/4/2024
20237,4,4,3,3,12/4/2024
20259,1,5,2,3,12/8/2024
20278,2,1,5,1,11/29/2024
20281,3,2,5,1,11/28/2024
20284,4,5,2,2,12/19/2024
20288,3,2,5,1,12/5/2024
20290,5,4,2,5,12/5/2024
20294,2,4,3,5,12/1/2024
20300,4,5,4,2,12/6/2024
20304,2,4,3,1,11/29/2024
20312,2,2,4,2,12/5/2024
20320,2,4,1,4,12/14/2024
20324,3,1,1,3,12/12/2024
20326,2,5,5,3,12/12/2024
20355,2,2,5,1,12/8/2024
20372,4,1,5,2,12/19/2024
20383,5,3,5,1,12/3/2024
20389,3,5,1,5,12/8/2024
20398,1,5,5,3,12/7/2024
20399,3,3,3,5,12/7/2024
20408,5,5,2,5,12/1/2024
20411,2,1,4,3,12/8/2024
20414,1,1,4,4,12/1/2024
20415,3,1,2,3,12/1/2024
20416,4,2,4,3,12/1/2024
20421,1,1,1,5,12/2/2024
20422,2,5,5,2,12/2/2024
20434,5,2,5,2,12/6/2024
20437,2,3,5,2,12/6/2024
20439,5,3,3,2,12/4/2024
20447,1,5,4,3,12/1/2024
20461,3,2,3,1,12/5/2024
20467,4,3,5,4,12/12/2024
20468,5,5,5,3,12/8/2024
20473,1,3,2,5,12/6/2024
20474,3,3,1,2,12/16/2024
20478,2,1,3,1,12/1/2024
20483,5,1,2,3,12/1/2024
20488,3,3,1,5,12/6/2024
20499,4,1,4,3,12/5/2024
20506,3,5,3,2,12/6/2024
20509,2,2,5,5,12/31/2024
20512,2,5,4,4,12/3/2024
20516,5,2,4,2,12/5/2024
20520,2,3,2,1,12/7/2024
20531,1,2,2,1,12/4/2024
20532,1,2,5,3,12/4/2024
20541,2,5,3,3,12/7/2024
20559,4,5,1,2,12/12/2024
20581,4,2,1,5,12/10/2024
20588,3,5,1,5,12/13/2024
20592,1,5,3,5,12/6/2024
20632,3,4,3,3,12/6/2024
20634,2,5,1,2,1/7/2025
20635,5,3,4,3,1/7/2025
20648,3,3,5,4,12/5/2024
20654,3,4,3,5,12/21/2024
20668,2,3,2,5,12/11/2024
20678,1,2,3,4,12/18/2024
20679,1,4,2,3,12/18/2024
20693,3,4,5,2,12/16/2024
20695,2,5,4,5,12/15/2024
20697,4,1,4,4,12/15/2024
20702,3,1,4,1,12/10/2024
20708,3,1,1,3,12/10/2024
20710,5,1,4,1,12/10/2024
20716,5,2,4,2,12/16/2024
20738,5,2,1,3,12/12/2024
20739,3,5,5,1,12/12/2024
20741,2,1,1,2,12/14/2024
20743,3,3,4,3,12/14/2024
20778,3,2,1,2,12/10/2024
