return_id,order_line_id,reason_id,return_date,units_return,refund_amount
1,9,1,2021-04-05,1,2008.69
2,4,1,2021-04-23,5,19381.45
3,196,1,2021-04-24,2,4017.38
4,215,2,2021-04-26,1,2008.69
5,85,5,2021-04-27,2,23889.2
6,182,4,2021-04-29,1,2008.69
7,174,1,2021-05-19,1,8385.35
8,145,2,2021-05-21,3,44001.45
9,362,6,2021-05-23,2,29334.3
10,79,5,2021-05-26,4,19640.48
11,67,3,2021-05-30,1,1163.1
12,336,1,2021-06-01,2,10141.52
13,349,1,2021-06-09,1,6557.98
14,503,5,2021-06-20,2,4115.16
15,303,4,2021-06-23,2,11288.64
16,475,4,2021-06-27,2,15096.76
17,443,2,2021-07-05,1,993.27
18,521,2,2021-07-06,1,2057.58
19,689,1,2021-07-06,1,14667.15
20,378,1,2021-07-06,1,656.83
21,316,4,2021-07-07,1,5070.76
22,424,2,2021-07-08,1,10649.01
23,458,6,2021-07-14,5,23450.0
24,540,2,2021-07-16,1,2797.43
25,740,2,2021-07-17,1,2352.5
26,428,6,2021-07-19,2,1986.54
27,641,1,2021-07-19,1,3047.81
28,468,5,2021-07-24,2,9613.6
29,719,2,2021-07-27,1,2649.9
30,482,4,2021-07-29,2,2347.46
31,319,5,2021-07-30,8,59557.36
32,736,2,2021-08-08,2,8302.62
33,751,3,2021-08-12,3,5994.3
34,762,6,2021-08-14,2,1313.66
35,771,5,2021-08-15,2,30438.14
36,846,6,2021-08-17,2,30438.14
37,572,5,2021-08-18,2,21298.02
38,519,5,2021-08-23,1,5070.76
39,885,3,2021-08-26,3,7949.7
40,849,1,2021-08-27,2,10141.52
41,694,1,2021-08-28,1,10649.01
42,649,3,2021-08-29,2,17602.82
43,910,3,2021-08-29,1,14667.15
44,813,5,2021-08-31,1,15219.07
45,642,2,2021-08-31,3,35833.8
46,802,3,2021-09-03,1,2057.58
47,975,3,2021-09-03,3,6651.21
48,741,5,2021-09-04,2,5198.48
49,742,6,2021-09-07,2,23889.2
50,838,2,2021-09-07,2,30438.14
51,798,4,2021-09-10,2,30438.14
52,1199,3,2021-09-14,1,7548.38
53,879,4,2021-09-18,4,8953.28
54,1048,5,2021-09-18,1,993.27
55,816,6,2021-09-21,3,45657.21
56,712,4,2021-09-21,1,1163.1
57,773,4,2021-09-24,3,45657.21
58,834,2,2021-09-24,2,6509.18
59,1043,3,2021-09-24,3,15212.28
60,1179,5,2021-09-26,1,5831.27
61,1028,6,2021-09-27,1,9334.98
62,1099,6,2021-10-04,1,10722.5
63,1085,3,2021-10-11,3,6026.07
64,851,3,2021-10-12,2,30438.14
65,1109,5,2021-10-13,1,5831.27
66,1194,1,2021-10-13,2,1363.04
67,956,3,2021-10-17,1,2260.0
68,1339,2,2021-11-06,3,3212.25
69,1377,4,2021-11-12,4,8396.88
70,1272,1,2021-11-17,1,1072.68
71,1373,6,2021-11-26,2,10141.52
72,1265,1,2021-11-28,1,3876.29
73,1378,5,2021-12-03,3,6297.66
74,1357,4,2021-12-06,1,14667.15
75,1340,6,2021-12-06,4,9283.96
76,1452,1,2021-12-06,1,4087.81
77,1255,5,2021-12-08,1,9563.0
78,1411,4,2021-12-13,7,14694.54
79,1371,4,2021-12-15,2,5299.8
80,1475,4,2021-12-15,1,3254.59
81,1454,5,2021-12-19,3,1970.49
82,1571,6,2021-12-19,2,20980.84
83,1766,2,2021-12-20,1,1182.73
84,1582,2,2021-12-28,1,2099.22
85,1494,4,2021-12-28,2,2929.72
86,1283,1,2021-12-31,1,5070.76
87,1605,1,2022-01-01,1,11111.66
88,1615,6,2022-01-06,2,11773.06
89,1586,2,2022-01-09,7,27134.03
90,1798,1,2022-01-18,1,5409.8
91,1857,6,2022-01-20,1,5421.89
92,1710,5,2022-01-20,3,37774.02
93,1587,5,2022-01-22,1,5886.53
94,1840,6,2022-01-22,2,2929.72
95,1832,5,2022-01-25,1,9334.98
96,1780,2,2022-01-26,2,16770.7
97,1968,6,2022-01-28,4,38252.0
98,1750,5,2022-01-28,1,2352.5
99,1739,1,2022-01-29,1,1998.1
100,1888,3,2022-01-30,7,40818.89
101,1841,1,2022-01-30,2,4434.14
102,2053,4,2022-02-01,4,41961.68
103,1701,1,2022-02-01,3,43369.23
104,1713,6,2022-02-02,1,15219.07
105,1993,6,2022-02-06,2,7752.58
106,1814,5,2022-02-08,1,1710.46
107,1652,3,2022-02-08,3,6026.07
108,1655,1,2022-02-10,3,6651.21
109,1870,1,2022-02-11,1,10649.01
110,2028,3,2022-02-13,4,60876.28
111,2122,5,2022-02-16,1,427.04
112,1900,5,2022-02-19,1,6557.98
113,1782,5,2022-02-23,2,28912.82
114,2002,3,2022-02-24,1,2217.07
115,2118,5,2022-03-02,3,7797.72
116,1928,6,2022-03-05,1,4806.8
117,1997,6,2022-03-10,4,44123.16
118,2120,5,2022-03-12,2,5848.08
119,2196,1,2022-03-14,4,9040.0
120,2033,3,2022-03-19,1,7018.48
121,2193,4,2022-03-27,2,2141.5
122,2010,4,2022-03-28,1,12895.5
123,2184,1,2022-03-31,3,6714.96
124,2238,2,2022-04-01,1,7548.38
125,2271,5,2022-04-03,2,1313.66
126,2335,4,2022-04-06,2,10840.56
127,2214,6,2022-04-07,1,2599.24
128,2225,5,2022-04-07,2,2347.46
129,2183,4,2022-04-07,4,37339.92
130,2151,4,2022-04-10,1,7548.38
131,2160,4,2022-04-12,1,2248.67
132,2348,4,2022-04-15,4,33541.4
133,2289,6,2022-04-16,1,11944.6
134,2477,3,2022-04-17,5,29432.65
135,2272,6,2022-04-23,3,6746.01
136,2374,5,2022-04-30,1,5644.32
137,2478,3,2022-05-01,1,2656.11
138,2480,5,2022-05-04,1,11708.34
139,2524,2,2022-05-07,1,6810.09
140,2359,3,2022-05-10,1,2649.9
141,2472,4,2022-05-11,2,14036.96
142,2432,4,2022-05-13,6,28140.0
143,2302,2,2022-05-13,1,1072.68
144,2343,5,2022-05-18,1,5644.32
145,2527,4,2022-05-18,3,20430.27
146,2650,5,2022-05-25,3,6746.01
147,2649,6,2022-05-27,3,6651.21
148,2326,5,2022-06-01,4,27240.36
149,2766,3,2022-06-05,3,21457.59
150,2473,6,2022-06-12,3,1281.12
151,2605,5,2022-06-14,1,3254.59
152,2881,3,2022-07-03,2,17602.82
153,2780,5,2022-07-11,1,14667.15
154,2855,6,2022-07-11,3,20430.27
155,2643,4,2022-07-11,1,993.27
156,2926,2,2022-07-13,3,12453.93
157,2833,3,2022-07-13,3,21055.44
158,2834,6,2022-07-14,2,3412.16
159,2705,5,2022-07-16,1,4495.22
160,2970,2,2022-07-18,4,10599.6
161,3050,3,2022-07-18,1,9563.0
162,2958,6,2022-07-22,4,16605.24
163,2756,2,2022-07-23,3,6780.0
164,2980,6,2022-07-25,1,1710.46
165,2942,2,2022-07-27,1,7548.38
166,2845,2,2022-07-28,2,2365.46
167,3051,4,2022-07-29,1,1998.1
168,3046,6,2022-07-30,1,7152.53
169,2991,3,2022-08-03,4,16605.24
170,2786,6,2022-08-04,1,4151.31
171,3178,5,2022-08-10,1,4495.22
172,3130,3,2022-08-12,2,5848.08
173,3229,4,2022-08-16,2,1989.92
174,3003,2,2022-08-16,1,2599.24
175,2902,4,2022-08-17,3,15212.28
176,2964,6,2022-08-17,1,2649.9
177,3110,5,2022-08-20,1,6810.09
178,3074,4,2022-08-21,1,1998.1
179,3509,3,2022-08-22,6,2562.24
180,3242,2,2022-08-26,2,15096.76
181,3013,5,2022-08-28,1,10490.42
182,3565,4,2022-08-29,1,11944.6
183,2929,2,2022-09-01,2,2141.5
184,3368,3,2022-09-04,5,20756.55
185,3443,6,2022-09-05,4,37339.92
186,3025,2,2022-09-06,4,4283.0
187,2969,5,2022-09-08,1,7548.38
188,3083,3,2022-09-14,1,1998.1
189,3520,5,2022-09-15,1,5886.53
190,3164,5,2022-09-15,3,28004.94
191,3354,2,2022-09-17,2,19126.0
192,3828,4,2022-09-23,1,10722.5
193,3295,6,2022-09-24,1,10649.01
194,3689,6,2022-09-25,2,8175.62
195,3250,6,2022-09-26,4,13272.2
196,3325,2,2022-09-29,2,4705.0
197,3691,4,2022-10-02,1,2238.32
198,3664,1,2022-10-02,1,12895.5
199,3266,2,2022-10-07,4,7992.4
200,3432,2,2022-10-07,1,4690.0
201,4012,1,2022-10-08,1,5644.32
202,3526,2,2022-10-08,4,21639.2
203,3425,3,2022-10-09,4,13272.2
204,3829,6,2022-10-10,6,7782.3
205,3556,3,2022-10-10,1,2260.0
206,3531,1,2022-10-14,7,12252.73
207,3833,1,2022-10-14,2,21445.0
208,3644,6,2022-10-14,2,25182.68
209,3497,4,2022-10-14,2,29334.3
210,3305,4,2022-10-15,1,427.04
211,3808,1,2022-10-16,1,8801.41
212,3464,1,2022-10-17,3,21055.44
213,3598,4,2022-10-19,1,8385.35
214,3523,3,2022-10-19,4,19640.48
215,4313,2,2022-10-19,1,5644.32
216,4345,5,2022-10-20,1,1710.46
217,3726,6,2022-10-21,1,7018.48
218,3621,6,2022-10-22,2,6095.62
219,4025,4,2022-10-22,1,3254.59
220,3625,6,2022-10-24,1,2008.69
221,3861,2,2022-10-25,2,16855.22
222,3926,6,2022-10-26,1,3876.29
223,4048,1,2022-10-28,1,4151.31
224,3722,5,2022-10-30,6,10236.48
225,4153,3,2022-10-30,3,7797.72
226,3713,4,2022-10-31,1,4910.12
227,3767,5,2022-10-31,3,33092.37
228,3941,6,2022-10-31,1,2057.58
229,4229,5,2022-11-01,3,13485.66
230,4319,6,2022-11-04,2,18669.96
231,4231,5,2022-11-06,1,1750.39
232,3699,3,2022-11-07,7,83612.2
233,4297,6,2022-11-10,1,1706.08
234,4500,3,2022-11-10,3,35125.02
235,3877,2,2022-11-11,2,10840.56
236,4190,5,2022-11-12,4,4290.72
237,3857,6,2022-11-12,1,1297.05
238,4633,4,2022-11-12,1,5644.32
239,4089,2,2022-11-13,1,5421.89
240,4058,4,2022-11-13,1,7152.53
241,4357,5,2022-11-14,3,8392.29
242,4594,2,2022-11-14,1,1998.1
243,4323,4,2022-11-17,1,1750.39
244,4041,6,2022-11-18,3,23734.5
245,4430,3,2022-11-19,2,14889.34
246,4164,3,2022-11-19,5,27109.1
247,3903,5,2022-11-19,2,1989.92
248,4165,1,2022-11-19,1,11944.6
249,4098,3,2022-11-19,4,42890.0
250,3882,5,2022-11-21,1,5421.89
251,4397,6,2022-11-22,3,8392.29
252,3966,3,2022-11-23,1,1998.1
253,4080,2,2022-11-27,1,427.04
254,4637,4,2022-11-29,2,3996.2
255,4472,6,2022-11-29,1,7444.67
256,4640,3,2022-11-29,2,11773.06
257,4060,5,2022-11-30,1,2099.22
258,4235,3,2022-11-30,2,23889.2
259,4638,4,2022-12-02,2,20980.84
260,4543,4,2022-12-03,2,8302.62
261,4555,5,2022-12-03,1,3318.05
262,4582,3,2022-12-04,3,5994.3
263,4570,1,2022-12-05,4,9040.0
264,4794,5,2022-12-06,1,9563.0
265,4286,1,2022-12-06,4,37339.92
266,4255,2,2022-12-06,2,13620.18
267,4550,6,2022-12-08,2,5154.18
268,4639,2,2022-12-09,1,12895.5
269,4803,3,2022-12-11,6,45290.28
270,4562,1,2022-12-11,1,3318.05
271,5070,5,2022-12-12,1,7152.53
272,4152,5,2022-12-13,6,19908.3
273,5012,3,2022-12-14,5,55153.95
274,4524,3,2022-12-15,1,7548.38
275,4420,2,2022-12-15,1,2797.43
276,4155,6,2022-12-16,1,2352.5
277,4883,2,2022-12-16,3,5251.17
278,4765,1,2022-12-18,4,44446.64
279,4441,2,2022-12-18,3,25282.83
280,4940,4,2022-12-21,5,22476.1
281,4391,4,2022-12-21,2,2594.1
282,4593,4,2022-12-22,4,19227.2
283,4755,4,2022-12-23,3,9954.15
284,4945,1,2022-12-25,1,5831.27
285,4711,2,2022-12-25,4,17980.88
286,4725,2,2022-12-27,4,6824.32
287,5077,3,2022-12-28,1,1072.68
288,4360,3,2022-12-29,1,2248.67
289,4853,5,2022-12-30,2,7752.58
290,4796,6,2022-12-30,2,5299.8
291,4820,4,2022-12-30,1,2217.07
292,4885,6,2022-12-30,2,23416.68
293,4668,3,2023-01-01,1,1750.39
294,4530,5,2023-01-02,1,11111.66
295,4350,3,2023-01-02,2,10840.56
296,4882,4,2023-01-04,1,10649.01
297,4696,3,2023-01-04,2,4115.16
298,5315,3,2023-01-07,5,11762.5
299,4677,3,2023-01-08,1,1706.08
300,5321,2,2023-01-10,2,4476.64
301,5206,2,2023-01-10,3,12453.93
302,4351,6,2023-01-12,1,7548.38
303,5142,1,2023-01-13,3,25156.05
304,4888,5,2023-01-15,1,2057.58
305,4694,2,2023-01-16,1,12895.5
306,5243,4,2023-01-17,2,5198.48
307,5265,3,2023-01-18,1,7911.5
308,4944,5,2023-01-19,3,19673.94
309,4823,5,2023-01-20,1,3047.81
310,4631,6,2023-01-20,3,5994.3
311,5271,1,2023-01-21,6,13560.0
312,4967,2,2023-01-23,1,7444.67
313,4915,6,2023-01-23,3,33334.98
314,5035,1,2023-01-24,3,9954.15
315,4999,4,2023-01-24,1,11708.34
316,4411,2,2023-01-24,1,15219.07
317,5429,4,2023-01-25,1,14456.41
318,5373,4,2023-01-27,2,11288.64
319,5566,6,2023-01-28,1,2260.0
320,5317,4,2023-01-29,6,34987.62
321,5066,4,2023-01-31,2,30438.14
322,5197,2,2023-02-04,1,1464.86
323,4955,1,2023-02-04,1,11030.79
324,5028,2,2023-02-08,1,7017.41
325,5563,5,2023-02-08,3,1970.49
326,5170,1,2023-02-08,1,3318.05
327,5549,3,2023-02-09,3,43369.23
328,5701,5,2023-02-10,1,10649.01
329,4963,4,2023-02-10,1,4806.8
330,5516,3,2023-02-11,1,4828.83
331,5808,4,2023-02-15,2,9820.24
332,5246,4,2023-02-17,2,2594.1
333,5836,5,2023-02-20,1,2577.09
334,5535,5,2023-02-21,3,9954.15
335,5307,6,2023-02-22,1,10490.42
336,5308,3,2023-02-22,1,7152.53
337,5785,5,2023-02-22,1,12895.5
338,5192,1,2023-02-23,1,11111.66
339,5590,2,2023-02-23,1,1706.08
340,5400,1,2023-02-25,4,42596.04
341,5499,4,2023-02-26,1,2217.07
342,5413,6,2023-02-26,7,34370.84
343,5409,2,2023-02-27,3,6746.01
344,5715,3,2023-02-27,2,5154.18
345,5538,4,2023-02-28,1,1070.75
346,5730,3,2023-03-07,2,6509.18
347,5904,2,2023-03-08,2,7752.58
348,5704,3,2023-03-10,1,11030.79
349,6046,3,2023-03-10,3,12453.93
350,5358,5,2023-03-11,1,2238.32
351,5907,4,2023-03-12,1,9563.0
352,5978,4,2023-03-12,1,4828.83
353,6300,4,2023-03-13,1,11030.79
354,5532,5,2023-03-14,2,5594.86
355,6100,5,2023-03-15,3,33334.98
356,5781,4,2023-03-16,4,16351.24
357,6325,4,2023-03-17,2,4017.38
358,6117,5,2023-03-17,3,3521.19
359,6037,1,2023-03-18,1,1464.86
360,5874,2,2023-03-18,3,14486.49
361,6387,6,2023-03-19,1,11030.79
362,6247,1,2023-03-21,1,11030.79
363,5965,5,2023-03-21,2,4497.34
364,6157,4,2023-03-23,3,8392.29
365,5971,4,2023-03-23,3,2044.56
366,5610,6,2023-03-26,9,48782.52
367,5694,3,2023-03-27,3,43369.23
368,5915,1,2023-03-29,3,16260.84
369,5828,5,2023-03-30,1,4828.83
370,6327,4,2023-03-30,2,22061.58
371,6333,5,2023-03-30,2,1986.54
372,5871,6,2023-03-31,5,6485.25
373,6140,4,2023-04-01,1,9563.0
374,5993,1,2023-04-01,1,5409.8
375,6169,5,2023-04-02,2,13620.18
376,6435,5,2023-04-03,2,5154.18
377,6223,2,2023-04-04,2,21445.0
378,6471,2,2023-04-05,2,21445.0
379,5880,2,2023-04-05,1,2320.99
380,6365,5,2023-04-06,2,22061.58
381,5948,4,2023-04-08,3,9143.43
382,6043,2,2023-04-08,2,30438.14
383,6083,4,2023-04-10,2,8302.62
384,6042,3,2023-04-13,1,1163.1
385,6361,6,2023-04-15,1,1464.86
386,5443,6,2023-04-15,1,2260.0
387,6170,6,2023-04-16,3,5118.24
388,6081,2,2023-04-16,2,11288.64
389,6137,3,2023-04-17,3,3218.04
390,6181,4,2023-04-18,5,24550.6
391,6611,6,2023-04-19,1,7152.53
392,6296,3,2023-04-19,4,7001.56
393,6915,3,2023-04-19,2,22223.32
394,6403,2,2023-04-21,1,4806.8
395,6321,3,2023-04-22,2,3996.2
396,6273,5,2023-04-24,3,6714.96
397,6440,1,2023-04-24,1,11030.79
398,6162,2,2023-04-24,7,19582.01
399,6580,3,2023-04-24,1,7017.41
400,6456,2,2023-04-27,3,2979.81
401,6735,5,2023-04-29,3,7949.7
402,6437,6,2023-05-01,2,13175.98
403,6636,1,2023-05-01,1,11111.66
404,6680,1,2023-05-03,1,2577.09
405,6644,6,2023-05-04,1,1297.05
406,6646,6,2023-05-04,2,6095.62
407,6772,1,2023-05-09,3,8392.29
408,6807,6,2023-05-10,2,8990.44
409,6630,3,2023-05-11,2,4705.0
410,6620,3,2023-05-14,1,8385.35
411,7106,4,2023-05-18,7,88139.38
412,6513,6,2023-05-19,1,1297.05
413,6575,2,2023-05-20,2,854.08
414,6558,6,2023-05-20,2,8990.44
415,7098,6,2023-05-22,1,3876.29
416,7015,6,2023-05-23,4,27240.36
417,7088,2,2023-05-24,2,8175.62
418,6822,6,2023-05-25,2,8990.44
419,6545,2,2023-05-25,1,681.52
420,6629,6,2023-05-26,2,25791.0
421,7042,6,2023-05-28,3,44001.45
422,7117,6,2023-05-29,1,11030.79
423,6525,1,2023-05-30,1,12591.34
424,6912,2,2023-06-01,1,1464.86
425,6730,3,2023-06-01,3,14420.4
426,6641,3,2023-06-02,2,14036.96
427,7436,4,2023-06-02,2,2145.36
428,7155,2,2023-06-03,3,3218.04
429,7055,2,2023-06-04,8,88893.28
430,7364,4,2023-06-04,1,1998.1
431,7368,2,2023-06-06,2,15096.76
432,7378,6,2023-06-07,2,15823.0
433,6907,5,2023-06-09,2,2326.2
434,7334,6,2023-06-13,2,11662.54
435,7022,1,2023-06-17,2,2326.2
436,7636,6,2023-06-18,2,21445.0
437,7102,2,2023-06-19,1,12591.34
438,6669,4,2023-06-19,1,2649.9
439,6930,6,2023-06-19,1,9563.0
440,6972,1,2023-06-20,2,4705.0
441,7182,6,2023-06-21,3,19673.94
442,6900,5,2023-06-25,1,9563.0
443,6884,5,2023-06-26,1,11944.6
444,7222,5,2023-06-29,3,19673.94
445,7141,6,2023-07-01,6,15899.4
446,7599,5,2023-07-01,1,656.83
447,7959,2,2023-07-07,3,38686.5
448,7341,1,2023-07-07,4,8230.32
449,7161,6,2023-07-07,2,14036.96
450,7770,1,2023-07-08,2,22061.58
451,7683,2,2023-07-09,1,4828.83
452,7133,6,2023-07-09,9,27430.29
453,6986,2,2023-07-10,3,25156.05
454,7298,5,2023-07-11,2,8175.62
455,8078,6,2023-07-12,2,9613.6
456,7178,5,2023-07-13,6,17550.42
457,7242,4,2023-07-16,1,6557.98
458,7417,5,2023-07-18,5,20756.55
459,7207,2,2023-07-18,5,29156.35
460,7793,2,2023-07-19,2,14305.06
461,7407,6,2023-07-19,3,16265.46
462,7815,6,2023-07-19,5,55153.95
463,7555,5,2023-07-20,2,11773.06
464,7191,6,2023-07-22,1,6557.98
465,7554,5,2023-07-22,1,8801.41
466,7935,4,2023-07-22,1,1072.68
467,7759,3,2023-07-23,1,1182.73
468,7200,3,2023-07-23,2,13115.96
469,7794,2,2023-07-24,2,854.08
470,7725,2,2023-07-25,3,38686.5
471,7418,2,2023-07-25,3,7968.33
472,7432,1,2023-07-29,1,5420.28
473,8061,6,2023-07-29,3,14420.4
474,7674,5,2023-07-31,4,4730.92
475,8080,1,2023-08-02,5,29156.35
476,7745,2,2023-08-03,3,7057.5
477,7563,1,2023-08-04,1,2099.22
478,8261,2,2023-08-04,3,12263.43
479,7383,3,2023-08-04,2,30438.14
480,7412,4,2023-08-05,1,2217.07
481,8345,3,2023-08-08,1,2248.67
482,7888,5,2023-08-10,3,2979.81
483,7936,2,2023-08-11,1,12591.34
484,8294,2,2023-08-11,1,4806.8
485,7914,2,2023-08-11,2,4641.98
486,7490,1,2023-08-12,1,11111.66
487,7607,5,2023-08-13,1,8385.35
488,7709,1,2023-08-14,1,681.52
489,7931,1,2023-08-16,7,6952.89
490,7577,1,2023-08-18,1,11944.6
491,7699,6,2023-08-21,2,4641.98
492,8036,6,2023-08-22,3,7797.72
493,8166,3,2023-08-23,3,25282.83
494,8197,5,2023-08-24,1,1297.05
495,8303,3,2023-08-24,4,19227.2
496,8093,4,2023-08-24,2,9613.6
497,7530,5,2023-08-25,2,14036.96
498,8481,3,2023-08-25,5,13987.15
499,7810,3,2023-08-25,1,12895.5
500,7889,2,2023-08-26,7,6964.72
501,8393,4,2023-08-26,1,656.83
502,8115,1,2023-08-28,4,44446.64
503,7748,2,2023-08-30,2,16770.7
504,8651,3,2023-09-02,1,7017.41
505,8047,2,2023-09-04,1,1173.73
506,8333,6,2023-09-04,3,5994.3
507,8089,4,2023-09-05,1,4806.8
508,8191,5,2023-09-07,5,24034.0
509,8193,4,2023-09-07,2,9613.6
510,8246,6,2023-09-07,3,14420.4
511,8049,1,2023-09-08,3,3548.19
512,8064,1,2023-09-08,1,4806.8
513,8214,5,2023-09-09,2,18669.96
514,8251,3,2023-09-09,1,4806.8
515,8065,3,2023-09-10,2,4705.0
516,8344,2,2023-09-10,1,1163.1
517,8017,6,2023-09-12,3,7057.5
518,8328,4,2023-09-13,1,4806.8
519,7991,3,2023-09-13,5,5815.5
520,8590,4,2023-09-16,6,6436.08
521,7951,1,2023-09-16,4,50365.36
522,7900,6,2023-09-17,2,11773.06
523,8815,1,2023-09-18,1,994.96
524,8674,3,2023-09-20,2,22061.58
525,8974,5,2023-09-22,2,10819.6
526,8176,2,2023-09-22,3,6172.74
527,8870,1,2023-09-23,4,13018.36
528,8937,4,2023-09-24,1,2577.09
529,8478,2,2023-09-24,1,4910.12
530,8563,5,2023-09-25,1,2057.58
531,8456,3,2023-09-25,2,15823.0
532,8948,6,2023-09-26,9,43261.2
533,8871,6,2023-09-28,1,994.96
534,8482,2,2023-09-28,1,3318.05
535,8840,5,2023-09-29,2,22061.58
536,8932,4,2023-09-30,4,21681.12
537,9131,4,2023-10-03,4,10624.44
538,8593,3,2023-10-05,2,20980.84
539,8984,1,2023-10-06,1,427.04
540,8399,4,2023-10-06,1,12895.5
541,8617,5,2023-10-07,2,22061.58
542,8443,5,2023-10-09,4,15505.16
543,8911,2,2023-10-09,1,994.96
544,8944,4,2023-10-10,2,1989.92
545,8402,2,2023-10-10,2,4497.34
546,8628,2,2023-10-11,1,656.83
547,8777,1,2023-10-11,1,5886.53
548,8833,3,2023-10-11,1,681.52
549,8608,6,2023-10-12,2,5312.22
550,9253,3,2023-10-15,2,3420.92
551,8743,1,2023-10-15,1,8427.61
552,9463,6,2023-10-16,1,1173.73
553,8961,4,2023-10-19,2,4520.0
554,8607,2,2023-10-19,1,1072.68
555,9432,4,2023-10-21,3,6780.0
556,9267,4,2023-10-21,1,6810.09
557,8627,3,2023-10-22,1,4828.83
558,9609,5,2023-10-24,4,18760.0
559,9305,2,2023-10-24,2,1989.92
560,8252,4,2023-10-25,1,5421.82
561,9541,4,2023-10-28,2,5850.14
562,8788,6,2023-10-29,1,2925.07
563,9271,6,2023-10-30,5,24550.6
564,9509,4,2023-10-30,1,3254.59
565,9419,3,2023-11-01,1,2924.04
566,9378,5,2023-11-01,1,14456.41
567,8860,1,2023-11-02,2,1989.92
568,9291,4,2023-11-03,7,11973.22
569,8599,4,2023-11-04,4,4283.0
570,9037,4,2023-11-05,1,7911.5
571,9589,5,2023-11-06,3,2979.81
572,8843,3,2023-11-06,1,7018.48
573,10073,1,2023-11-07,4,22577.28
574,9079,6,2023-11-07,3,25156.05
575,8807,6,2023-11-09,2,1989.92
576,9360,3,2023-11-09,1,2248.67
577,9761,1,2023-11-09,3,9763.77
578,10104,4,2023-11-12,3,7797.72
579,9484,4,2023-11-13,2,5299.8
580,9549,5,2023-11-13,1,1750.39
581,9604,6,2023-11-16,1,2248.67
582,9106,6,2023-11-16,1,1998.1
583,8929,4,2023-11-18,2,1989.92
584,9605,1,2023-11-19,1,2352.5
585,9508,2,2023-11-19,1,6810.09
586,9437,2,2023-11-19,1,2577.09
587,9207,1,2023-11-19,4,23325.08
588,9361,5,2023-11-19,1,6810.09
589,9858,6,2023-11-20,1,5644.32
590,9065,4,2023-11-22,3,3489.3
591,10132,1,2023-11-22,1,7018.48
592,9501,2,2023-11-23,1,2656.11
593,10037,3,2023-11-23,3,15212.28
594,9394,6,2023-11-24,1,4828.83
595,9275,1,2023-11-24,2,4198.44
596,9134,1,2023-11-26,5,11300.0
597,9260,4,2023-11-26,2,4641.98
598,9398,5,2023-11-26,5,42138.05
599,9263,4,2023-11-27,1,2656.11
600,9020,2,2023-11-27,3,6962.97
601,10085,1,2023-11-27,3,3548.19
602,10001,4,2023-11-28,3,16932.96
603,9372,6,2023-11-28,2,2141.5
604,10039,3,2023-11-29,4,10396.96
605,9256,6,2023-11-30,4,3979.84
606,9965,1,2023-12-01,4,38252.0
607,9797,4,2023-12-02,5,35087.05
608,9494,1,2023-12-02,2,14036.96
609,9812,2,2023-12-03,4,5859.44
610,10372,3,2023-12-03,1,7548.38
611,9991,6,2023-12-03,6,33865.92
612,9532,2,2023-12-03,3,1281.12
613,9636,4,2023-12-04,4,9283.96
614,10264,3,2023-12-07,4,11696.16
615,9864,2,2023-12-07,2,19126.0
616,10365,3,2023-12-07,3,3489.3
617,9958,5,2023-12-07,2,11288.64
618,10507,6,2023-12-07,1,11030.79
619,9747,2,2023-12-08,1,6810.09
620,9934,3,2023-12-08,4,8953.28
621,9544,6,2023-12-09,1,5070.76
622,9553,1,2023-12-09,1,2925.07
623,9873,1,2023-12-09,4,22577.28
624,9557,5,2023-12-10,1,10649.01
625,9856,6,2023-12-10,2,11288.64
626,9600,2,2023-12-10,2,2145.36
627,9036,2,2023-12-10,3,7797.72
628,9737,1,2023-12-11,1,5421.89
629,10565,2,2023-12-11,1,14456.41
630,10393,6,2023-12-15,2,2594.1
631,10211,2,2023-12-16,3,5131.38
632,9613,2,2023-12-17,3,20430.27
633,9675,4,2023-12-17,1,11030.79
634,9922,1,2023-12-18,1,14667.15
635,10198,3,2023-12-18,1,681.52
636,9040,6,2023-12-18,1,1173.73
637,9688,2,2023-12-18,3,26404.23
638,10646,6,2023-12-19,4,7001.56
639,9881,4,2023-12-19,2,30438.14
640,9389,3,2023-12-20,2,14036.96
641,10631,1,2023-12-20,2,5850.14
642,10052,4,2023-12-21,2,11773.06
643,10703,2,2023-12-21,3,21052.23
644,10793,3,2023-12-22,1,1297.05
645,10804,4,2023-12-23,4,8868.28
646,10063,2,2023-12-25,1,993.27
647,10751,2,2023-12-25,1,2924.04
648,11213,1,2023-12-25,1,1464.86
649,9842,6,2023-12-26,1,5644.32
650,10716,2,2023-12-30,1,4087.81
651,10018,1,2024-01-03,2,11288.64
652,10196,6,2024-01-05,1,10490.42
653,11393,6,2024-01-05,2,4198.44
654,10786,5,2024-01-06,3,45657.21
655,11024,4,2024-01-06,2,3500.78
656,10398,6,2024-01-07,1,2057.58
657,11294,2,2024-01-07,3,26404.23
658,10255,4,2024-01-08,1,10649.01
659,10429,4,2024-01-10,1,1750.39
660,10588,6,2024-01-12,1,5409.8
661,10357,5,2024-01-12,1,2248.67
662,10364,3,2024-01-13,5,29156.35
663,10794,4,2024-01-13,1,14667.15
664,10192,2,2024-01-14,2,17602.82
665,11738,1,2024-01-14,1,10490.42
666,10715,1,2024-01-14,2,10840.56
667,10069,5,2024-01-16,1,6557.98
668,11085,2,2024-01-17,2,11773.06
669,10843,6,2024-01-17,5,20439.05
670,10705,5,2024-01-17,2,4705.0
671,10907,6,2024-01-18,1,3254.59
672,11422,3,2024-01-18,3,31947.03
673,10914,2,2024-01-19,4,38252.0
674,10603,3,2024-01-20,1,5644.32
675,10818,1,2024-01-20,1,2656.11
676,11359,2,2024-01-20,1,6557.98
677,11954,2,2024-01-22,1,7911.5
678,11678,6,2024-01-22,1,8427.61
679,12041,2,2024-01-23,2,19126.0
680,10928,4,2024-01-25,1,4910.12
681,10992,1,2024-01-26,4,58668.6
682,10362,1,2024-01-26,1,1464.86
683,10410,2,2024-01-26,3,26404.23
684,11156,2,2024-01-26,1,2238.32
685,10661,3,2024-01-27,4,7992.4
686,10427,3,2024-01-27,2,22223.32
687,11784,5,2024-01-27,3,33334.98
688,11958,4,2024-01-28,3,45657.21
689,9990,3,2024-01-29,2,25182.68
690,10702,5,2024-01-29,1,11708.34
691,10358,6,2024-01-29,1,4087.81
692,11158,3,2024-01-31,2,8175.62
693,11104,5,2024-01-31,3,21055.44
694,11456,6,2024-01-31,3,21052.23
695,10844,1,2024-02-01,10,6815.2
696,10681,6,2024-02-01,1,5831.27
697,11476,1,2024-02-01,1,10490.42
698,11069,4,2024-02-03,1,656.83
699,11696,3,2024-02-03,2,3420.92
700,10596,4,2024-02-04,1,2217.07
701,11284,2,2024-02-04,1,1750.39
702,11386,2,2024-02-05,3,3891.15
703,11550,5,2024-02-05,1,1173.73
704,11407,5,2024-02-06,4,8994.68
705,11477,2,2024-02-09,3,21052.23
706,11987,1,2024-02-10,1,12591.34
707,12051,3,2024-02-11,2,1986.54
708,11701,3,2024-02-11,1,4151.31
709,11548,2,2024-02-11,2,4115.16
710,11031,6,2024-02-13,2,8302.62
711,11608,4,2024-02-13,5,20439.05
712,11103,1,2024-02-14,5,3407.6
713,12351,6,2024-02-15,1,2649.9
714,11698,6,2024-02-16,2,6095.62
715,10963,2,2024-02-16,1,4828.83
716,11034,2,2024-02-16,1,7911.5
717,12042,6,2024-02-19,2,14889.34
718,11376,3,2024-02-19,2,1989.92
719,11771,3,2024-02-20,1,4151.31
720,11492,3,2024-02-21,1,1464.86
721,11918,4,2024-02-21,2,5312.22
722,11782,2,2024-02-21,1,7911.5
723,12241,1,2024-02-21,1,6557.98
724,11445,2,2024-02-21,2,25182.68
725,11475,5,2024-02-21,4,23546.12
726,11361,2,2024-02-24,1,2057.58
727,11560,1,2024-02-25,2,5594.86
728,11381,2,2024-02-25,2,13620.18
729,12308,5,2024-02-27,3,25282.83
730,12329,2,2024-02-29,3,33092.37
731,11798,3,2024-02-29,1,14456.41
732,11328,6,2024-02-29,4,7992.4
733,11518,2,2024-03-02,2,23416.68
734,11464,2,2024-03-04,2,28912.82
735,11825,6,2024-03-04,1,1072.68
736,12073,5,2024-03-04,1,5644.32
737,12280,4,2024-03-04,1,5420.28
738,11273,4,2024-03-05,1,8427.61
739,11472,3,2024-03-05,4,6824.32
740,11081,2,2024-03-08,1,2248.67
741,12291,2,2024-03-08,2,28912.82
742,11959,5,2024-03-08,1,10722.5
743,12318,3,2024-03-10,2,5312.22
744,11491,4,2024-03-10,3,25282.83
745,11815,2,2024-03-12,5,37223.35
746,12244,5,2024-03-12,3,3521.19
747,13125,1,2024-03-12,3,3218.04
748,12534,2,2024-03-13,1,9563.0
749,11886,5,2024-03-13,4,19640.48
750,11578,5,2024-03-13,1,7548.38
751,11515,6,2024-03-14,1,3318.05
752,12876,3,2024-03-14,3,6172.74
753,12990,6,2024-03-15,3,3218.04
754,12327,3,2024-03-15,1,5420.28
755,13380,6,2024-03-16,4,4290.72
756,12490,5,2024-03-17,2,10840.56
757,12527,5,2024-03-19,2,10840.56
758,12698,2,2024-03-19,1,2260.0
759,12932,2,2024-03-21,1,2008.69
760,12286,6,2024-03-22,7,13986.7
761,12060,1,2024-03-22,2,5848.08
762,12556,6,2024-03-23,1,1163.1
763,12117,2,2024-03-24,2,854.08
764,12815,1,2024-03-24,1,2352.5
765,11725,2,2024-03-25,6,10262.76
766,12700,3,2024-03-25,2,10840.56
767,11973,3,2024-03-27,2,1313.66
768,12754,4,2024-03-27,2,10843.64
769,13414,2,2024-03-27,5,16272.95
770,12564,5,2024-03-29,2,21298.02
771,12587,3,2024-03-29,1,5420.28
772,11720,6,2024-03-29,2,10843.78
773,13219,6,2024-03-30,4,30193.52
774,12275,1,2024-03-31,4,11189.72
775,12096,3,2024-03-31,8,45154.56
776,11099,4,2024-03-31,1,8801.41
777,12231,2,2024-04-02,1,1750.39
778,12397,3,2024-04-02,5,27101.4
779,12850,2,2024-04-02,1,2260.0
780,12818,4,2024-04-03,4,21687.28
781,13106,3,2024-04-04,1,3876.29
782,12112,5,2024-04-04,2,2141.5
783,13117,4,2024-04-06,1,1072.68
784,12885,2,2024-04-08,1,1072.68
785,12437,3,2024-04-09,3,16260.84
786,12349,1,2024-04-10,2,15823.0
787,12930,3,2024-04-11,4,23325.08
788,13297,5,2024-04-12,1,1072.68
789,11884,3,2024-04-12,2,11288.64
790,13279,6,2024-04-13,1,1072.68
791,13337,5,2024-04-14,1,1072.68
792,13537,4,2024-04-15,1,2217.07
793,12613,4,2024-04-15,1,8427.61
794,12695,3,2024-04-16,2,10840.56
795,13199,2,2024-04-16,1,2924.04
796,12409,3,2024-04-18,2,19126.0
797,12898,5,2024-04-18,2,8302.62
798,12838,6,2024-04-18,1,7017.41
799,13592,6,2024-04-18,3,8392.29
800,13649,6,2024-04-19,2,14036.96
801,13372,4,2024-04-19,2,2145.36
802,13101,5,2024-04-20,1,4151.31
803,12606,3,2024-04-21,3,33092.37
804,13516,3,2024-04-22,2,11288.64
805,13317,6,2024-04-22,1,1072.68
806,12869,4,2024-04-23,1,5644.32
807,12079,5,2024-04-24,1,6587.99
808,12402,3,2024-04-24,2,10840.56
809,13587,4,2024-04-26,5,13987.15
810,13091,2,2024-04-26,2,18669.96
811,12890,6,2024-04-26,1,1182.73
812,12678,5,2024-04-27,2,9380.0
813,13824,4,2024-04-29,2,11662.54
814,13103,4,2024-04-30,2,3420.92
815,12592,1,2024-04-30,1,5420.28
816,13322,1,2024-04-30,2,2145.36
817,12685,6,2024-04-30,2,10840.56
818,12860,1,2024-05-01,2,22061.58
819,12771,1,2024-05-02,1,2925.07
820,12889,5,2024-05-05,5,16272.95
821,13897,5,2024-05-06,1,2260.0
822,13491,6,2024-05-08,2,2347.46
823,13928,3,2024-05-08,1,3047.81
824,13161,4,2024-05-08,1,7018.48
825,13196,1,2024-05-09,2,2145.36
826,13855,1,2024-05-09,2,9380.0
827,13708,1,2024-05-12,1,2099.22
828,13312,2,2024-05-13,2,2145.36
829,13503,5,2024-05-15,5,62956.7
830,13741,6,2024-05-15,3,32167.5
831,13522,6,2024-05-16,3,38686.5
832,13933,1,2024-05-16,4,42890.0
833,13400,3,2024-05-17,5,5363.4
834,14119,1,2024-05-19,1,2099.22
835,13151,3,2024-05-19,2,5312.22
836,12757,3,2024-05-20,4,10308.36
837,13917,1,2024-05-20,4,4730.92
838,14084,3,2024-05-20,1,9563.0
839,13112,5,2024-05-21,2,2145.36
840,14083,1,2024-05-22,3,16265.67
841,14062,1,2024-05-22,3,17659.59
842,13719,2,2024-05-24,1,9563.0
843,13463,2,2024-05-26,1,2320.99
844,13239,6,2024-05-26,1,8801.41
845,14212,4,2024-05-26,2,10843.64
846,13509,3,2024-05-27,2,854.08
847,13742,6,2024-05-27,3,7731.27
848,14351,2,2024-05-29,3,25282.83
849,14314,6,2024-05-29,1,7444.67
850,14677,4,2024-05-30,2,854.08
851,13943,1,2024-05-31,1,2238.32
852,14012,1,2024-06-01,2,8990.44
853,13732,5,2024-06-01,3,28689.0
854,13702,2,2024-06-02,3,12263.43
855,13986,3,2024-06-02,1,10649.01
856,13055,6,2024-06-03,1,1072.68
857,13766,4,2024-06-03,3,25282.83
858,14994,5,2024-06-03,3,13485.66
859,14470,5,2024-06-03,1,427.04
860,15034,1,2024-06-04,2,13175.98
861,14273,3,2024-06-04,2,4115.16
862,12917,6,2024-06-05,1,8801.41
863,13373,4,2024-06-06,5,32789.9
864,13957,4,2024-06-06,5,72282.05
865,14112,6,2024-06-07,2,13175.98
866,14869,4,2024-06-09,5,4974.8
867,14601,1,2024-06-12,2,8990.44
868,15144,4,2024-06-12,2,19126.0
869,13992,4,2024-06-13,1,14667.15
870,14245,3,2024-06-14,4,13018.36
871,14138,5,2024-06-15,3,5251.17
872,14604,4,2024-06-17,3,5131.38
873,14930,3,2024-06-18,2,4434.14
874,14727,2,2024-06-19,1,2099.22
875,14042,5,2024-06-20,3,16932.96
876,14939,1,2024-06-21,2,14036.96
877,14743,5,2024-06-23,4,4283.0
878,14933,2,2024-06-23,4,16351.24
879,14024,6,2024-06-23,3,25156.05
880,13959,6,2024-06-23,2,4641.98
881,15247,6,2024-06-25,2,4198.44
882,15148,5,2024-06-26,6,32458.8
883,15256,5,2024-06-27,4,21639.2
884,14644,1,2024-06-27,1,427.04
885,14879,2,2024-06-27,2,5299.8
886,15235,5,2024-06-28,5,11243.35
887,15501,1,2024-06-28,1,3047.81
888,14113,5,2024-06-29,2,11288.64
889,15372,3,2024-06-30,5,3407.6
890,14578,2,2024-07-02,2,3420.92
891,14830,2,2024-07-03,2,16770.7
892,15002,4,2024-07-03,2,25791.0
893,15116,3,2024-07-03,1,2599.24
894,14699,2,2024-07-04,1,4495.22
895,14885,2,2024-07-05,2,4497.34
896,15011,6,2024-07-06,2,19126.0
897,15112,2,2024-07-07,1,1070.75
898,14834,2,2024-07-07,2,8990.44
899,15600,2,2024-07-09,3,35125.02
900,14749,1,2024-07-10,4,28073.92
901,14313,4,2024-07-11,1,2649.9
902,14695,6,2024-07-13,2,854.08
903,14309,3,2024-07-14,1,4828.83
904,15028,3,2024-07-14,1,2057.58
905,16110,4,2024-07-14,1,5409.8
906,15705,4,2024-07-16,1,11708.34
907,14887,5,2024-07-16,3,20430.27
908,15739,4,2024-07-17,4,2726.08
909,15291,5,2024-07-17,2,20980.84
910,16029,4,2024-07-18,4,50365.36
911,15411,4,2024-07-18,1,3047.81
912,15420,6,2024-07-18,4,46833.36
913,16018,3,2024-07-19,1,7548.38
914,14476,1,2024-07-19,1,4151.31
915,15111,2,2024-07-20,5,8751.95
916,15606,6,2024-07-21,2,6095.62
917,15077,4,2024-07-21,1,2352.5
918,14681,1,2024-07-22,1,4495.22
919,15481,1,2024-07-22,5,15239.05
920,15135,2,2024-07-22,1,1072.68
921,15216,6,2024-07-22,1,2057.58
922,15762,4,2024-07-22,9,48796.38
923,14943,2,2024-07-24,5,53612.5
924,15182,3,2024-07-24,2,10843.64
925,15240,2,2024-07-25,1,5886.53
926,15587,5,2024-07-26,5,11191.6
927,15078,5,2024-07-26,3,37774.02
928,15319,6,2024-07-27,1,8427.61
929,15915,1,2024-07-27,1,10649.01
930,14701,3,2024-07-29,2,10819.6
931,15593,1,2024-07-29,1,3047.81
932,14787,2,2024-07-30,8,22379.44
933,15597,2,2024-07-30,2,5848.08
934,14608,3,2024-07-30,1,4495.22
935,15290,2,2024-08-01,7,90268.5
936,15960,2,2024-08-01,1,5831.27
937,15224,1,2024-08-02,1,2099.22
938,15931,5,2024-08-03,4,5188.2
939,15689,1,2024-08-04,1,2057.58
940,15343,2,2024-08-04,2,30438.14
941,16106,3,2024-08-04,2,3500.78
942,15938,1,2024-08-04,3,26404.23
943,15139,5,2024-08-05,2,2145.36
944,15285,3,2024-08-06,1,5831.27
945,16326,1,2024-08-08,2,28912.82
946,15628,6,2024-08-08,2,6095.62
947,16642,2,2024-08-11,3,5251.17
948,15874,1,2024-08-11,2,4198.44
949,16000,4,2024-08-11,1,5420.28
950,15797,5,2024-08-12,1,2248.67
951,15380,4,2024-08-13,2,3412.16
952,15542,4,2024-08-13,1,2599.24
953,15988,6,2024-08-13,5,15239.05
954,15352,2,2024-08-13,2,4641.98
955,15974,4,2024-08-14,1,14456.41
956,16829,1,2024-08-15,3,16265.46
957,15912,1,2024-08-15,3,9954.15
958,15954,6,2024-08-16,1,3876.29
959,16172,5,2024-08-17,1,7018.48
960,15226,2,2024-08-17,1,994.96
961,15649,2,2024-08-17,4,38252.0
962,16020,1,2024-08-18,1,2248.67
963,15618,5,2024-08-19,1,3047.81
964,16232,3,2024-08-19,4,44123.16
965,16550,3,2024-08-20,2,23889.2
966,15862,5,2024-08-21,1,2320.99
967,16960,1,2024-08-21,8,18820.0
968,16378,2,2024-08-22,1,1297.05
969,16929,3,2024-08-23,1,9334.98
970,15702,1,2024-08-23,4,19640.48
971,15476,5,2024-08-25,1,3047.81
972,16761,4,2024-08-25,1,2925.07
973,15916,2,2024-08-26,2,9820.24
974,15826,3,2024-08-26,1,3047.81
975,15970,5,2024-08-27,2,5594.86
976,16894,1,2024-08-28,2,2929.72
977,16109,6,2024-08-28,2,3500.78
978,16731,5,2024-08-29,1,8427.61
979,16842,1,2024-08-29,4,9040.0
980,15401,3,2024-08-30,2,6095.62
981,15396,5,2024-08-31,1,7911.5
982,15776,1,2024-08-31,3,9143.43
983,15984,4,2024-09-01,5,23450.0
984,16789,5,2024-09-03,4,19227.2
985,16122,4,2024-09-05,3,44001.45
986,16442,4,2024-09-05,1,5831.27
987,16955,2,2024-09-07,3,9763.77
988,16199,4,2024-09-08,1,11944.6
989,16245,3,2024-09-09,2,25182.68
990,16533,6,2024-09-09,7,37953.23
991,15704,6,2024-09-10,1,9563.0
992,17185,5,2024-09-11,3,17659.59
993,17043,4,2024-09-11,4,3973.08
994,17228,4,2024-09-12,2,5312.22
995,17259,2,2024-09-14,2,28912.82
996,16400,6,2024-09-15,1,2797.43
997,16319,1,2024-09-15,1,5421.89
998,16778,3,2024-09-15,5,27109.45
999,17172,3,2024-09-15,1,1072.68
1000,16579,6,2024-09-16,3,28689.0
1001,16434,2,2024-09-16,8,15984.8
1002,16312,4,2024-09-17,3,7057.5
1003,15769,5,2024-09-17,1,2599.24
1004,16527,5,2024-09-18,4,27240.36
1005,17216,6,2024-09-18,2,9380.0
1006,17261,2,2024-09-20,1,2057.58
1007,17315,6,2024-09-20,2,5154.18
1008,15696,5,2024-09-20,1,3047.81
1009,17152,3,2024-09-20,2,21298.02
1010,16668,6,2024-09-21,3,31471.26
1011,16125,2,2024-09-23,1,6557.98
1012,17161,3,2024-09-24,3,25156.05
1013,16451,3,2024-09-24,3,13485.66
1014,17003,2,2024-09-26,3,6172.74
1015,16596,2,2024-09-27,1,2260.0
1016,16645,5,2024-09-27,1,1163.1
1017,16213,4,2024-09-27,1,5070.76
1018,17640,5,2024-09-28,3,38686.5
1019,17063,4,2024-09-29,1,2260.0
1020,16838,4,2024-09-30,1,10490.42
1021,17542,5,2024-10-01,2,25791.0
1022,16163,5,2024-10-02,3,7949.7
1023,16518,6,2024-10-03,10,54098.0
1024,17391,3,2024-10-04,3,22645.14
1025,17138,3,2024-10-05,1,4806.8
1026,16546,6,2024-10-05,2,13175.98
1027,17213,4,2024-10-06,1,5421.89
1028,17083,6,2024-10-06,2,4115.16
1029,17368,1,2024-10-08,1,993.27
1030,17157,3,2024-10-10,2,10840.56
1031,16482,1,2024-10-12,1,2797.43
1032,17807,4,2024-10-12,5,22476.1
1033,17074,1,2024-10-13,1,5831.27
1034,17543,5,2024-10-13,1,4151.31
1035,17957,6,2024-10-13,3,28689.0
1036,17616,6,2024-10-14,1,2099.22
1037,18137,6,2024-10-14,2,5594.86
1038,17732,1,2024-10-15,1,1070.75
1039,17830,6,2024-10-15,1,2320.99
1040,18368,3,2024-10-16,3,12263.43
1041,16488,5,2024-10-16,2,5850.14
1042,16958,2,2024-10-18,2,8990.44
1043,17533,6,2024-10-18,4,8396.88
1044,16849,2,2024-10-19,4,29778.68
1045,16837,3,2024-10-20,2,4705.0
1046,16975,4,2024-10-21,3,35833.8
1047,18283,3,2024-10-22,5,24034.0
1048,17622,4,2024-10-22,3,6297.66
1049,17757,1,2024-10-23,2,13115.96
1050,17478,5,2024-10-23,6,12595.32
1051,18327,6,2024-10-23,5,13987.15
1052,18129,1,2024-10-24,3,8392.29
1053,18331,1,2024-10-25,1,1998.1
1054,17281,3,2024-10-25,1,7018.48
1055,17749,3,2024-10-26,7,7495.25
1056,17078,3,2024-10-26,2,3996.2
1057,17381,3,2024-10-27,2,4198.44
1058,17767,5,2024-10-27,4,4283.0
1059,16926,4,2024-10-27,4,41961.68
1060,17549,4,2024-10-27,3,6297.66
1061,17262,2,2024-10-28,1,1070.75
1062,18175,6,2024-10-28,1,2797.43
1063,18146,4,2024-10-28,2,2141.5
1064,16977,6,2024-10-30,3,8392.29
1065,18429,1,2024-10-30,1,11708.34
1066,18443,1,2024-10-31,2,3500.78
1067,18223,5,2024-10-31,7,37868.6
1068,16854,6,2024-11-01,1,2599.24
1069,17713,3,2024-11-01,1,15219.07
1070,18172,6,2024-11-02,4,30193.52
1071,17735,1,2024-11-04,1,12895.5
1072,18494,2,2024-11-05,2,8990.44
1073,18386,1,2024-11-06,5,3284.15
1074,18768,5,2024-11-07,2,9613.6
1075,17972,6,2024-11-07,2,2141.5
1076,17825,6,2024-11-09,1,1070.75
1077,18766,6,2024-11-09,1,15219.07
1078,17964,4,2024-11-09,1,1070.75
1079,17338,5,2024-11-09,1,2099.22
1080,17831,1,2024-11-09,1,10490.42
1081,17447,4,2024-11-10,2,2347.46
1082,18592,3,2024-11-11,5,22476.1
1083,17740,5,2024-11-11,1,5886.53
1084,17828,4,2024-11-12,1,10490.42
1085,17313,6,2024-11-12,2,11288.64
1086,16623,5,2024-11-14,3,9143.43
1087,17943,3,2024-11-17,1,10490.42
1088,18406,2,2024-11-17,5,76095.35
1089,17768,4,2024-11-17,1,8427.61
1090,17823,5,2024-11-18,5,52452.1
1091,18339,1,2024-11-19,3,19763.97
1092,17362,2,2024-11-19,2,4198.44
1093,18358,2,2024-11-20,1,5409.8
1094,18447,3,2024-11-21,2,4434.14
1095,18090,2,2024-11-21,2,5594.86
1096,18319,2,2024-11-23,1,1182.73
1097,18167,3,2024-11-25,1,2797.43
1098,18402,3,2024-11-25,1,12895.5
1099,18807,4,2024-11-26,1,427.04
1100,19354,1,2024-11-26,1,4495.22
1101,19060,2,2024-11-27,2,4641.98
1102,18951,5,2024-11-27,9,67935.42
1103,18488,3,2024-11-27,3,9143.43
1104,18133,5,2024-11-28,2,1363.04
1105,18346,5,2024-11-29,1,9334.98
1106,18056,6,2024-11-29,1,1710.46
1107,18455,5,2024-11-30,2,5594.86
1108,19074,5,2024-11-30,3,7797.72
1109,18119,2,2024-12-01,3,6780.0
1110,18423,6,2024-12-02,3,1970.49
1111,18499,5,2024-12-04,1,11944.6
1112,17910,1,2024-12-05,3,8772.12
1113,18309,2,2024-12-06,3,33092.37
1114,17606,5,2024-12-06,2,4198.44
1115,18908,6,2024-12-06,3,3212.25
1116,18397,5,2024-12-07,2,14889.34
1117,19397,1,2024-12-09,3,3548.19
1118,17800,5,2024-12-10,1,1070.75
1119,19142,5,2024-12-13,1,1750.39
1120,19566,3,2024-12-13,3,20430.27
1121,19339,5,2024-12-13,1,8385.35
1122,18617,1,2024-12-15,1,8801.41
1123,19277,2,2024-12-16,1,2599.24
1124,18851,3,2024-12-17,1,2238.32
1125,17950,3,2024-12-18,1,2352.5
1126,19767,6,2024-12-19,1,1072.68
1127,18014,1,2024-12-19,2,2145.36
1128,19101,3,2024-12-22,2,30438.14
1129,19638,2,2024-12-22,1,1464.86
1130,18969,1,2024-12-22,1,9563.0
1131,18692,2,2024-12-22,1,2099.22
1132,19362,2,2024-12-23,1,5421.82
1133,19263,3,2024-12-24,4,13018.36
1134,19433,1,2024-12-25,5,15239.05
1135,19654,1,2024-12-25,4,28610.12
1136,18276,6,2024-12-25,2,5198.48
1137,19022,2,2024-12-25,3,19763.97
1138,18013,1,2024-12-26,2,2141.5
1139,19336,2,2024-12-27,1,3254.59
1140,18847,3,2024-12-28,6,6978.6
1141,18830,3,2024-12-28,1,2008.69
1142,18688,6,2024-12-29,3,15212.28
1143,18266,3,2024-12-30,4,50365.36
1144,18840,2,2024-12-30,1,6557.98
1145,18775,5,2024-12-31,1,2577.09
1146,19256,5,2024-12-31,4,11696.16
1147,19299,2,2025-01-02,1,7548.38
1148,18866,4,2025-01-02,2,8175.62
1149,19704,4,2025-01-03,1,6810.09
1150,20001,1,2025-01-04,5,34050.45
1151,18926,5,2025-01-05,3,6651.21
1152,18884,3,2025-01-06,4,5188.2
1153,19432,5,2025-01-06,1,2008.69
1154,18590,2,2025-01-06,1,3318.05
1155,20185,3,2025-01-07,1,2217.07
1156,19728,4,2025-01-08,5,34050.45
1157,18709,3,2025-01-08,1,6557.98
1158,18802,2,2025-01-09,1,4495.22
1159,19078,2,2025-01-10,2,14034.82
1160,19918,5,2025-01-11,2,7752.58
1161,19978,2,2025-01-12,1,6587.99
1162,19124,1,2025-01-15,2,15096.76
1163,19594,4,2025-01-16,3,6714.96
1164,19956,2,2025-01-17,2,13620.18
1165,19415,1,2025-01-17,1,12895.5
1166,19097,3,2025-01-17,2,4017.38
1167,19988,2,2025-01-17,1,5409.8
1168,19308,4,2025-01-17,1,5644.32
1169,19502,2,2025-01-19,2,10840.56
1170,20110,3,2025-01-21,3,2984.88
1171,19439,2,2025-01-21,3,1281.12
1172,19149,2,2025-01-22,3,8772.12
1173,19841,2,2025-01-22,2,30438.14
1174,20365,5,2025-01-22,2,6636.1
1175,19107,5,2025-01-23,1,5421.82
1176,19631,1,2025-01-23,1,5644.32
1177,19764,2,2025-01-23,4,35205.64
1178,20324,1,2025-01-23,1,7152.53
1179,20342,5,2025-01-24,1,1182.73
1180,19525,2,2025-01-25,2,2326.2
1181,19056,1,2025-01-26,3,9763.77
1182,19378,2,2025-01-27,5,14620.2
1183,19412,5,2025-01-27,2,1313.66
1184,19172,1,2025-01-29,1,2649.9
1185,20319,4,2025-01-29,5,24144.15
1186,19662,6,2025-02-01,1,6810.09
1187,19678,1,2025-02-02,1,5070.76
1188,19634,2,2025-02-02,2,2929.72
1189,20005,2,2025-02-03,2,13620.18
1190,19653,6,2025-02-05,1,5409.8
1191,19695,1,2025-02-06,2,13620.18
1192,19906,4,2025-02-07,4,27240.36
1193,20147,5,2025-02-08,3,3218.04
1194,19792,2,2025-02-08,1,6810.09
1195,18906,1,2025-02-09,2,2141.5
1196,20283,1,2025-02-11,1,2656.11
1197,19790,4,2025-02-12,3,20430.27
1198,20288,1,2025-02-12,3,9763.77
1199,19991,4,2025-02-15,1,6810.09
1200,19922,3,2025-02-16,2,13620.18
1201,20220,3,2025-02-16,2,3996.2
1202,20228,4,2025-02-17,3,12453.93
1203,19933,3,2025-02-17,1,6810.09
1204,20642,2,2025-02-18,1,7911.5
1205,19930,1,2025-02-18,2,21298.02
1206,20641,1,2025-02-18,2,17602.82
1207,20451,6,2025-02-18,2,9657.66
1208,19690,4,2025-02-19,2,25791.0
1209,20871,2,2025-02-19,7,49121.87
1210,20602,3,2025-02-21,1,7017.41
1211,20303,5,2025-02-21,1,3876.29
1212,20189,1,2025-02-21,3,6297.66
1213,20622,1,2025-02-22,2,5594.86
1214,20981,4,2025-02-23,10,75483.8
1215,19845,6,2025-02-23,1,14667.15
1216,20421,4,2025-02-23,5,5353.75
1217,20590,6,2025-02-24,1,11708.34
1218,20781,6,2025-02-25,1,6810.09
1219,20475,1,2025-02-26,1,7017.41
1220,20560,1,2025-02-26,1,2248.67
1221,20839,5,2025-02-27,1,2099.22
1222,20662,5,2025-02-27,2,6509.18
1223,20949,5,2025-02-28,1,8385.35
1224,20876,2,2025-02-28,3,2979.81
1225,20973,2,2025-02-28,1,681.52
1226,21143,2,2025-03-01,2,5198.48
1227,20920,6,2025-03-01,1,5421.82
1228,21048,5,2025-03-02,3,12263.43
1229,20762,3,2025-03-02,3,1281.12
1230,20268,3,2025-03-03,1,10722.5
1231,19968,5,2025-03-04,2,10141.52
1232,20893,2,2025-03-05,3,5251.17
1233,20296,2,2025-03-06,5,27109.45
1234,20730,1,2025-03-06,2,6509.18
1235,20121,2,2025-03-06,1,4806.8
1236,20370,6,2025-03-07,2,5154.18
1237,21309,2,2025-03-08,1,6587.99
1238,20809,3,2025-03-08,1,1750.39
1239,20956,4,2025-03-09,3,12453.93
1240,21263,1,2025-03-10,2,8990.44
1241,20536,6,2025-03-10,2,10843.64
1242,21618,6,2025-03-11,5,52452.1
1243,20333,2,2025-03-11,2,28912.82
1244,20792,6,2025-03-11,2,4520.0
1245,20403,4,2025-03-12,2,8302.62
1246,20165,6,2025-03-12,2,5154.18
1247,20198,1,2025-03-13,2,2929.72
1248,19692,6,2025-03-14,1,6810.09
1249,21498,1,2025-03-15,2,8302.62
1250,21044,5,2025-03-16,3,16932.96
1251,20633,5,2025-03-17,1,9334.98
1252,20392,3,2025-03-18,1,1163.1
1253,20766,5,2025-03-19,4,33541.4
1254,21142,4,2025-03-19,4,44123.16
1255,19975,1,2025-03-21,3,22334.01
1256,20353,4,2025-03-21,3,26404.23
1257,20307,3,2025-03-22,1,7548.38
1258,21079,2,2025-03-22,1,2320.99
1259,20812,6,2025-03-23,6,2562.24
1260,21440,4,2025-03-25,6,12052.14
1261,21240,3,2025-03-25,3,5131.38
1262,22112,6,2025-03-26,5,47815.0
1263,20291,5,2025-03-26,1,10722.5
1264,21130,6,2025-03-26,5,39557.5
1265,20773,1,2025-03-27,1,681.52
1266,20640,2,2025-03-28,1,2352.5
1267,22156,1,2025-03-30,4,46833.36
1268,20632,5,2025-03-30,3,17493.81
1269,21190,1,2025-03-31,2,3500.78
1270,21192,5,2025-04-01,4,29778.68
1271,21148,5,2025-04-02,1,8427.61
1272,21111,6,2025-04-02,2,9820.24
1273,20509,3,2025-04-03,5,5363.4
1274,21705,6,2025-04-03,2,5594.86
1275,20851,2,2025-04-06,1,2057.58
1276,20607,4,2025-04-06,1,7017.41
1277,20750,4,2025-04-06,2,2347.46
1278,21306,1,2025-04-08,1,4828.83
1279,21038,4,2025-04-09,5,52452.1
1280,20787,3,2025-04-11,7,15740.69
1281,21529,3,2025-04-11,1,7444.67
1282,21439,6,2025-04-11,3,1281.12
1283,21007,4,2025-04-12,2,21298.02
1284,21698,2,2025-04-16,4,19640.48
1285,21872,4,2025-04-18,2,4017.38
1286,22346,6,2025-04-19,1,6587.99
1287,21126,4,2025-04-19,3,7797.72
1288,21447,2,2025-04-22,1,2217.07
1289,21217,6,2025-04-23,4,4694.92
1290,21963,3,2025-04-23,2,23889.2
1291,22367,4,2025-04-23,1,5420.28
1292,20790,1,2025-04-23,1,5886.53
1293,21664,6,2025-04-23,3,2984.88
1294,20945,2,2025-04-23,2,854.08
1295,22029,5,2025-04-24,1,2248.67
1296,22104,4,2025-04-24,1,7911.5
1297,21395,5,2025-04-24,2,6509.18
1298,21564,3,2025-04-26,1,656.83
1299,22385,2,2025-04-26,3,16260.84
1300,22493,4,2025-04-26,1,3047.81
1301,22345,5,2025-04-28,1,7444.67
1302,22646,1,2025-04-29,4,4283.0
1303,22532,3,2025-04-29,1,5070.76
1304,22063,3,2025-04-29,5,53612.5
1305,21153,3,2025-04-29,1,8427.61
1306,22350,5,2025-05-01,1,11944.6
1307,22132,3,2025-05-02,4,13018.36
1308,23022,1,2025-05-03,1,2238.32
1309,21763,5,2025-05-03,3,3891.15
1310,21800,5,2025-05-04,3,6026.07
1311,21848,3,2025-05-05,1,994.96
1312,21749,2,2025-05-05,5,20439.05
1313,22047,2,2025-05-05,2,28912.82
1314,21475,5,2025-05-05,4,1708.16
1315,22827,2,2025-05-06,4,9410.0
1316,21623,3,2025-05-06,1,1070.75
1317,22178,2,2025-05-07,5,76095.35
1318,21277,5,2025-05-07,1,1072.68
1319,22250,2,2025-05-08,4,37339.92
1320,22457,3,2025-05-09,3,6026.07
1321,23078,3,2025-05-09,3,5131.38
1322,21497,2,2025-05-09,1,1182.73
1323,22201,4,2025-05-09,2,15096.76
1324,21865,4,2025-05-10,1,3876.29
1325,22000,6,2025-05-10,1,7911.5
1326,21756,1,2025-05-10,1,8427.61
1327,22307,5,2025-05-11,4,29778.68
1328,22383,2,2025-05-11,2,17602.82
1329,21782,4,2025-05-13,3,6714.96
1330,22033,6,2025-05-13,1,15219.07
1331,22842,4,2025-05-14,1,4690.0
1332,22744,1,2025-05-14,2,11662.54
1333,22573,4,2025-05-14,2,4115.16
1334,22395,2,2025-05-15,1,2577.09
1335,22812,2,2025-05-15,5,5868.65
1336,22170,1,2025-05-15,3,8392.29
1337,22705,6,2025-05-16,3,6026.07
1338,22494,2,2025-05-16,4,6824.32
1339,21682,1,2025-05-17,1,2248.67
1340,21776,6,2025-05-18,5,10287.9
1341,22668,2,2025-05-18,1,2925.07
1342,23064,4,2025-05-19,6,44668.02
1343,22761,1,2025-05-20,1,2924.04
1344,22894,5,2025-05-21,1,10649.01
1345,23035,5,2025-05-21,1,1710.46
1346,22584,5,2025-05-21,2,2145.36
1347,23408,4,2025-05-22,1,1297.05
1348,23214,3,2025-05-22,1,2649.9
1349,22481,3,2025-05-23,3,9143.43
1350,22226,3,2025-05-24,1,4087.81
1351,22810,3,2025-05-24,1,7911.5
1352,22102,4,2025-05-24,5,5815.5
1353,22316,6,2025-05-26,2,30438.14
1354,22212,3,2025-05-26,1,6810.09
1355,22633,3,2025-05-27,2,5312.22
1356,22177,2,2025-05-28,4,20283.04
1357,22544,5,2025-05-29,3,14070.0
1358,22353,6,2025-05-30,1,2217.07
1359,23278,6,2025-05-31,1,4828.83
1360,22807,2,2025-06-01,2,2929.72
1361,22575,2,2025-06-02,3,6026.07
1362,22130,6,2025-06-02,7,83612.2
1363,22080,3,2025-06-05,8,46650.16
1364,22632,2,2025-06-06,1,5421.82
1365,22820,1,2025-06-06,3,5118.24
1366,22549,6,2025-06-06,2,23889.2
1367,23485,5,2025-06-06,1,1163.1
1368,23069,6,2025-06-06,1,4087.81
1369,23446,2,2025-06-06,2,2365.46
1370,23341,2,2025-06-07,2,9820.24
1371,22900,6,2025-06-08,2,3412.16
1372,22780,6,2025-06-08,2,21298.02
1373,23398,2,2025-06-09,1,994.96
1374,22980,2,2025-06-10,3,7057.5
1375,23595,1,2025-06-10,2,854.08
1376,23854,5,2025-06-10,1,2099.22
1377,22831,6,2025-06-11,1,7911.5
1378,23107,3,2025-06-11,2,2326.2
1379,23327,2,2025-06-11,1,6810.09
1380,23024,2,2025-06-12,1,11111.66
1381,22490,4,2025-06-14,4,8953.28
1382,22319,1,2025-06-14,2,3412.16
1383,23518,6,2025-06-16,1,2260.0
1384,22242,6,2025-06-19,1,2577.09
1385,23175,4,2025-06-19,4,13272.2
1386,24015,5,2025-06-19,3,31947.03
1387,23510,5,2025-06-20,1,6587.99
1388,23542,2,2025-06-20,5,5815.5
1389,22797,2,2025-06-20,2,2347.46
1390,23276,4,2025-06-20,2,5312.22
1391,22609,4,2025-06-20,1,8801.41
1392,23548,3,2025-06-21,1,2599.24
1393,22867,4,2025-06-22,1,5421.89
1394,22956,1,2025-06-22,4,3973.08
1395,23068,1,2025-06-22,4,8230.32
1396,23338,2,2025-06-25,1,4910.12
1397,23409,4,2025-06-26,5,11243.35
1398,23786,1,2025-06-27,1,3047.81
1399,23377,2,2025-06-27,2,5198.48
1400,23222,6,2025-06-28,5,32789.9
1401,23638,5,2025-06-28,1,7548.38
1402,23070,4,2025-06-29,1,6810.09
1403,23126,1,2025-06-29,1,4806.8
1404,23943,3,2025-06-29,1,7152.53
1405,23778,1,2025-06-29,1,5831.27
1406,22964,1,2025-06-30,1,1998.1
1407,23280,1,2025-06-30,4,4652.4
1408,22931,6,2025-07-03,2,1363.04
1409,23450,3,2025-07-04,1,2577.09
1410,23976,4,2025-07-04,1,3047.81
1411,22971,1,2025-07-05,1,6557.98
1412,23540,1,2025-07-05,2,5594.86
1413,24022,4,2025-07-05,1,9563.0
1414,24093,2,2025-07-06,3,7797.72
1415,24395,1,2025-07-07,1,1182.73
1416,24054,2,2025-07-09,1,2649.9
1417,23610,6,2025-07-11,2,2326.2
1418,23738,1,2025-07-11,1,656.83
1419,23538,5,2025-07-12,1,681.52
1420,23360,3,2025-07-12,2,22061.58
1421,23991,5,2025-07-12,1,4495.22
1422,23323,1,2025-07-13,1,5070.76
1423,24621,6,2025-07-14,2,28912.82
1424,23459,5,2025-07-15,1,993.27
1425,23193,4,2025-07-15,3,32167.5
1426,24238,3,2025-07-16,10,17503.9
1427,23381,1,2025-07-18,1,10722.5
1428,24354,5,2025-07-19,3,13485.66
1429,23267,1,2025-07-20,5,11191.6
1430,23721,5,2025-07-21,1,2599.24
1431,24086,2,2025-07-22,1,2925.07
1432,23156,1,2025-07-22,2,4017.38
1433,23970,2,2025-07-23,1,7548.38
1434,24620,3,2025-07-25,3,3489.3
1435,24118,4,2025-07-25,1,2925.07
1436,23579,1,2025-07-26,1,5421.89
1437,24600,1,2025-07-27,3,7057.5
1438,23825,5,2025-07-27,1,2008.69
1439,24261,3,2025-07-29,6,4089.12
1440,24497,1,2025-07-29,1,11030.79
1441,23471,2,2025-07-30,1,656.83
1442,24794,4,2025-08-01,5,35087.05
1443,24021,4,2025-08-01,2,28912.82
1444,24269,4,2025-08-02,2,14036.96
1445,24352,3,2025-08-04,4,8396.88
1446,24904,4,2025-08-04,2,4641.98
1447,24442,3,2025-08-06,1,12895.5
1448,24301,2,2025-08-06,3,12453.93
1449,23637,4,2025-08-06,1,1173.73
1450,24512,4,2025-08-07,2,15823.0
1451,24684,2,2025-08-07,5,46674.9
1452,24361,5,2025-08-08,1,4828.83
1453,23590,3,2025-08-08,2,4705.0
1454,23727,5,2025-08-09,3,2984.88
1455,24660,1,2025-08-10,3,17659.59
1456,24980,6,2025-08-11,9,18078.21
1457,24355,2,2025-08-12,1,994.96
1458,24201,1,2025-08-13,1,2260.0
1459,24213,5,2025-08-14,1,12591.34
1460,24229,1,2025-08-15,1,656.83
1461,24513,1,2025-08-16,2,8175.62
1462,24430,6,2025-08-16,1,1163.1
1463,24615,2,2025-08-16,1,12895.5
1464,24490,2,2025-08-16,3,31947.03
1465,24281,5,2025-08-19,3,12263.43
1466,24183,4,2025-08-19,3,6172.74
1467,24351,4,2025-08-20,1,5644.32
1468,24101,4,2025-08-20,2,6095.62
1469,24630,1,2025-08-20,1,2352.5
1470,23839,1,2025-08-20,1,15219.07
1471,24550,1,2025-08-21,2,2347.46
1472,24119,1,2025-08-21,1,993.27
1473,23990,2,2025-08-21,1,9563.0
1474,23605,5,2025-08-22,1,1163.1
1475,24424,2,2025-08-23,1,1464.86
1476,24713,3,2025-08-25,1,3047.81
1477,24035,4,2025-08-26,3,3548.19
1478,24774,3,2025-08-26,1,1998.1
1479,24587,5,2025-08-26,3,14486.49
1480,24819,2,2025-08-30,1,6557.98
1481,24995,1,2025-09-01,2,6509.18
1482,24639,6,2025-09-02,1,6587.99
1483,24570,6,2025-09-05,1,2797.43
1484,24877,6,2025-09-05,1,1998.1
1485,24894,1,2025-09-06,2,10819.6
1486,24936,5,2025-09-06,1,4087.81
1487,24926,5,2025-09-08,5,3284.15
1488,24956,2,2025-09-10,1,2599.24
1489,24483,2,2025-09-10,1,3047.81
1490,24897,1,2025-09-10,4,11189.72
1491,24372,4,2025-09-12,2,5299.8
1492,24917,2,2025-09-12,2,2929.72
1493,24377,3,2025-09-13,2,13175.98
1494,24542,1,2025-09-15,2,5594.86
1495,24934,3,2025-09-17,2,23889.2
1496,24868,1,2025-09-17,1,2599.24
1497,24629,2,2025-09-19,1,1706.08
1498,24964,4,2025-09-26,3,23734.5
1499,24806,6,2025-10-04,2,5848.08
1500,24734,5,2025-10-08,2,22061.58
