review_id,order_line_id,delevery_rating,branch_rating,product_rating,customer_service_rating,review_date
1,11,5,2,1,3,2021-03-16
2,22,2,3,3,2,2021-03-18
3,17,4,1,1,1,2021-03-25
4,49,3,1,1,1,2021-04-01
5,39,5,2,2,1,2021-04-02
6,38,2,3,1,5,2021-04-05
7,74,4,1,4,4,2021-04-05
8,23,1,5,2,5,2021-04-06
9,4,2,2,3,3,2021-04-07
10,57,3,5,4,5,2021-04-08
11,51,4,2,5,2,2021-04-09
12,224,4,5,1,1,2021-04-18
13,153,5,4,1,2,2021-04-19
14,159,5,2,4,3,2021-04-23
15,129,3,3,4,4,2021-04-24
16,214,2,1,1,2,2021-04-24
17,86,2,5,5,2,2021-04-28
18,152,2,5,4,3,2021-04-30
19,118,1,4,4,2,2021-05-01
20,135,3,4,4,3,2021-05-03
21,134,4,4,4,1,2021-05-03
22,282,4,2,1,3,2021-05-04
23,268,4,3,1,4,2021-05-06
24,66,4,4,5,4,2021-05-07
25,221,2,5,3,4,2021-05-08
26,324,3,1,1,2,2021-05-09
27,101,2,2,3,5,2021-05-10
28,170,2,5,3,5,2021-05-12
29,235,4,5,4,1,2021-05-13
30,37,4,4,4,5,2021-05-14
31,284,5,1,4,2,2021-05-15
32,323,5,5,2,5,2021-05-17
33,169,2,4,1,2,2021-05-19
34,330,1,1,5,3,2021-05-21
35,182,1,2,1,5,2021-05-23
36,371,3,2,2,1,2021-05-28
37,466,1,1,1,5,2021-05-29
38,336,3,1,1,1,2021-05-30
39,377,4,3,2,4,2021-05-30
40,370,4,5,3,3,2021-05-31
41,357,5,5,3,2,2021-06-03
42,331,4,1,3,2,2021-06-03
43,378,4,2,5,1,2021-06-03
44,339,3,2,2,1,2021-06-04
45,473,2,2,1,4,2021-06-04
46,389,2,3,3,5,2021-06-05
47,381,4,5,3,3,2021-06-06
48,294,1,5,1,3,2021-06-06
49,230,5,5,2,3,2021-06-07
50,505,2,1,5,1,2021-06-10
51,455,2,1,5,4,2021-06-10
52,356,1,3,1,1,2021-06-10
53,354,3,5,5,5,2021-06-11
54,341,5,5,2,1,2021-06-14
55,340,5,1,3,2,2021-06-14
56,575,3,5,1,5,2021-06-17
57,353,3,3,1,2,2021-06-18
58,570,1,2,2,4,2021-06-22
59,432,4,5,5,1,2021-06-26
60,592,5,4,3,4,2021-06-27
61,457,3,2,3,2,2021-06-29
62,645,4,1,5,2,2021-06-30
63,635,4,4,1,2,2021-07-01
64,564,1,3,5,1,2021-07-02
65,320,5,1,1,1,2021-07-03
66,625,1,5,4,1,2021-07-04
67,468,1,4,5,4,2021-07-09
68,590,3,2,1,2,2021-07-11
69,574,3,1,4,3,2021-07-12
70,641,3,5,5,5,2021-07-14
71,607,1,5,5,5,2021-07-16
72,595,2,5,5,5,2021-07-17
73,629,3,5,4,3,2021-07-18
74,486,2,4,3,3,2021-07-18
75,599,2,2,2,3,2021-07-24
76,733,5,4,2,2,2021-07-25
77,734,2,2,4,1,2021-07-29
78,737,4,5,3,1,2021-07-30
79,678,1,4,5,2,2021-07-30
80,684,3,5,2,2,2021-08-02
81,692,2,3,5,3,2021-08-03
82,750,2,3,4,4,2021-08-03
83,744,4,3,3,2,2021-08-06
84,756,5,1,2,1,2021-08-08
85,665,4,3,2,3,2021-08-11
86,659,1,3,5,2,2021-08-12
87,853,4,5,4,4,2021-08-12
88,832,5,1,2,2,2021-08-14
89,830,1,5,2,4,2021-08-14
90,776,4,5,1,4,2021-08-14
91,608,2,4,1,5,2021-08-16
92,785,3,1,3,3,2021-08-16
93,809,1,1,3,4,2021-08-18
94,911,5,1,2,4,2021-08-18
95,759,2,4,5,1,2021-08-18
96,730,1,4,2,5,2021-08-20
97,950,5,3,1,5,2021-08-23
98,751,3,2,2,2,2021-08-23
99,731,4,5,1,1,2021-08-24
100,849,2,3,4,1,2021-08-24
101,775,2,5,2,2,2021-08-25
102,1022,2,4,2,4,2021-08-25
103,930,2,4,4,2,2021-08-26
104,941,1,4,5,2,2021-08-30
105,1006,2,1,2,4,2021-09-01
106,929,5,5,3,2,2021-09-03
107,890,1,1,2,2,2021-09-03
108,1080,5,5,2,1,2021-09-07
109,1148,3,5,1,4,2021-09-12
110,697,3,4,3,4,2021-09-14
111,1108,2,5,5,2,2021-09-14
112,1199,3,5,3,1,2021-09-15
113,1023,3,2,4,5,2021-09-16
114,944,1,2,3,2,2021-09-17
115,1114,1,3,4,4,2021-09-18
116,1181,5,1,2,3,2021-09-20
117,1026,2,2,4,3,2021-09-22
118,968,3,3,4,4,2021-09-22
119,1140,2,2,3,4,2021-09-24
120,1025,2,1,1,5,2021-09-25
121,1101,1,1,5,3,2021-09-25
122,1112,4,3,3,2,2021-09-28
123,1145,5,4,1,3,2021-09-29
124,1073,5,5,5,3,2021-10-02
125,1086,4,1,3,1,2021-10-02
126,1082,2,5,1,1,2021-10-03
127,1074,4,2,1,4,2021-10-05
128,1058,4,1,2,5,2021-10-06
129,1203,1,3,3,3,2021-10-07
130,1351,2,1,4,1,2021-10-09
131,1216,5,1,5,1,2021-10-11
132,1104,4,4,1,4,2021-10-11
133,1127,5,2,3,4,2021-10-14
134,1221,5,4,2,1,2021-10-18
135,1179,4,5,1,5,2021-10-18
136,1255,4,2,5,1,2021-10-21
137,1214,3,3,1,4,2021-10-21
138,1258,3,5,3,4,2021-10-24
139,1251,3,3,5,4,2021-10-24
140,1315,4,1,3,1,2021-10-25
141,1329,5,3,2,3,2021-10-25
142,1175,5,4,1,4,2021-10-26
143,1420,4,1,2,5,2021-10-27
144,1394,4,1,3,1,2021-10-28
145,1309,2,3,3,5,2021-10-30
146,1303,2,5,2,1,2021-11-01
147,1334,4,1,5,1,2021-11-01
148,1183,5,3,4,5,2021-11-01
149,1479,2,3,1,1,2021-11-02
150,1332,4,4,3,4,2021-11-02
151,1191,5,3,5,5,2021-11-04
152,1345,4,2,5,3,2021-11-07
153,1365,1,3,4,4,2021-11-07
154,1248,3,1,3,2,2021-11-12
155,1438,5,2,5,3,2021-11-12
156,1427,3,3,1,5,2021-11-13
157,1382,3,5,4,3,2021-11-16
158,1500,1,5,3,4,2021-11-16
159,1419,4,5,1,2,2021-11-16
160,1350,4,4,2,4,2021-11-17
161,1426,5,1,1,1,2021-11-18
162,1336,2,5,2,5,2021-11-18
163,1432,4,5,3,3,2021-11-20
164,1360,3,2,1,1,2021-11-22
165,1555,1,5,3,1,2021-11-29
166,1415,4,4,1,2,2021-11-30
167,1596,4,4,2,5,2021-11-30
168,1454,2,2,2,3,2021-12-02
169,1485,4,3,5,5,2021-12-04
170,1476,4,5,4,5,2021-12-05
171,1521,4,3,1,2,2021-12-06
172,1528,4,5,4,1,2021-12-07
173,1389,3,2,4,3,2021-12-07
174,1565,4,2,5,3,2021-12-09
175,1572,5,1,5,1,2021-12-10
176,1658,5,2,3,3,2021-12-12
177,1613,5,3,2,5,2021-12-12
178,1503,2,4,2,3,2021-12-13
179,1606,4,5,4,4,2021-12-14
180,1548,2,5,3,2,2021-12-17
181,1752,2,2,1,2,2021-12-20
182,1466,3,1,2,2,2021-12-20
183,1614,4,2,4,5,2021-12-20
184,1734,2,4,5,1,2021-12-22
185,1587,4,2,5,2,2021-12-23
186,1549,5,3,3,4,2021-12-23
187,1713,4,2,2,2,2021-12-25
188,1704,1,2,1,1,2021-12-27
189,1437,5,2,1,2,2021-12-28
190,1641,1,5,3,2,2021-12-29
191,1680,2,3,5,1,2022-01-03
192,1747,4,5,5,1,2022-01-03
193,1834,1,5,2,5,2022-01-05
194,1885,2,2,3,1,2022-01-09
195,1751,1,4,4,3,2022-01-10
196,1755,5,3,5,5,2022-01-10
197,1857,1,1,2,2,2022-01-11
198,1916,4,1,5,2,2022-01-13
199,1897,3,5,2,2,2022-01-17
200,1730,5,5,3,5,2022-01-19
201,1917,3,1,1,1,2022-01-20
202,1887,5,4,5,3,2022-01-21
203,1853,4,2,3,4,2022-01-21
204,1759,1,4,3,1,2022-01-26
205,1758,1,2,5,2,2022-01-26
206,1894,1,5,4,4,2022-01-31
207,1896,2,4,2,5,2022-01-31
208,1861,2,1,4,1,2022-02-06
209,1856,5,1,2,1,2022-02-06
210,1953,2,3,1,4,2022-02-07
211,1914,3,5,5,4,2022-02-09
212,2061,1,4,5,3,2022-02-13
213,2073,3,5,2,4,2022-02-16
214,2053,3,5,3,5,2022-02-16
215,1813,1,4,3,3,2022-02-17
216,2026,3,1,2,2,2022-02-19
217,1982,1,2,4,3,2022-02-23
218,1994,2,1,3,5,2022-02-25
219,2111,4,2,1,2,2022-02-28
220,2153,2,1,3,3,2022-03-05
221,1918,4,3,5,2,2022-03-08
222,2105,1,1,1,3,2022-03-09
223,2257,2,5,1,1,2022-03-13
224,2259,1,5,3,2,2022-03-17
225,1928,5,5,2,3,2022-03-18
226,2185,4,3,4,4,2022-03-19
227,2242,4,5,5,2,2022-03-21
228,2193,4,3,3,1,2022-03-23
229,2216,2,5,5,1,2022-03-28
230,2198,4,4,2,5,2022-04-03
231,2308,5,4,4,1,2022-04-04
232,2419,2,5,3,3,2022-04-05
233,2194,1,3,2,2,2022-04-09
234,2250,4,4,4,5,2022-04-10
235,2247,1,5,2,5,2022-04-14
236,2563,5,3,4,1,2022-04-18
237,2296,5,5,4,1,2022-04-22
238,2447,1,3,3,4,2022-04-22
239,2441,4,4,2,1,2022-04-22
240,2361,2,5,5,2,2022-04-22
241,2414,4,4,3,1,2022-04-24
242,2477,5,4,5,2,2022-04-27
243,2542,5,3,1,5,2022-04-27
244,2355,1,4,1,2,2022-04-28
245,2389,5,1,3,5,2022-05-01
246,2470,1,2,5,3,2022-05-01
247,2342,3,3,2,4,2022-05-02
248,2387,4,4,4,5,2022-05-06
249,2363,1,4,4,4,2022-05-09
250,2467,5,1,4,3,2022-05-11
251,2595,2,3,3,5,2022-05-13
252,2423,5,1,2,1,2022-05-13
253,2537,5,3,1,3,2022-05-14
254,2561,2,3,2,5,2022-05-15
255,2519,5,2,1,3,2022-05-15
256,2495,4,4,4,1,2022-05-16
257,2533,2,5,3,5,2022-05-19
258,2567,4,5,2,5,2022-05-20
259,2580,1,4,4,2,2022-05-24
260,2627,1,5,1,2,2022-05-24
261,2502,3,3,1,5,2022-05-26
262,2422,4,3,1,1,2022-05-27
263,2708,3,4,2,1,2022-05-28
264,2717,3,5,1,3,2022-06-01
265,2723,1,4,1,2,2022-06-03
266,2660,4,5,3,4,2022-06-04
267,2574,5,4,4,4,2022-06-04
268,2727,4,5,3,5,2022-06-07
269,2667,3,2,4,2,2022-06-11
270,2730,3,3,2,4,2022-06-14
271,2793,4,3,3,2,2022-06-16
272,2896,5,5,3,3,2022-06-24
273,2732,1,2,5,4,2022-06-24
274,2770,5,1,3,3,2022-06-26
275,2964,1,4,4,1,2022-06-27
276,2834,5,4,3,3,2022-06-29
277,2866,5,4,3,2,2022-06-29
278,2869,4,3,1,3,2022-06-30
279,2846,1,4,4,4,2022-07-01
280,2781,4,1,3,2,2022-07-01
281,2909,5,5,5,2,2022-07-06
282,2897,2,5,4,2,2022-07-09
283,2847,3,3,1,5,2022-07-09
284,2933,2,1,1,4,2022-07-12
285,2935,3,2,1,4,2022-07-13
286,3005,1,5,2,2,2022-07-14
287,2979,5,4,4,3,2022-07-14
288,2991,2,3,5,5,2022-07-15
289,3004,5,3,1,2,2022-07-21
290,2988,2,1,5,5,2022-07-24
291,3084,1,3,4,3,2022-07-25
292,3149,3,5,4,3,2022-07-26
293,3085,4,5,4,3,2022-07-27
294,3101,5,5,5,4,2022-07-31
295,2913,2,5,4,2,2022-08-01
296,3064,1,4,4,4,2022-08-03
297,3111,5,3,4,1,2022-08-04
298,2985,2,5,4,3,2022-08-04
299,3080,4,5,4,2,2022-08-08
300,3284,3,3,1,5,2022-08-08
301,3035,3,2,4,4,2022-08-08
302,3127,5,4,5,2,2022-08-08
303,3114,1,4,2,3,2022-08-10
304,2986,1,1,2,4,2022-08-10
305,3128,5,4,1,2,2022-08-13
306,3238,3,3,2,3,2022-08-13
307,3513,4,3,1,2,2022-08-14
308,3227,5,3,1,1,2022-08-23
309,3254,1,2,4,2,2022-08-24
310,3553,4,2,5,2,2022-08-25
311,3100,5,3,2,4,2022-08-25
312,3018,4,2,2,1,2022-08-27
313,3212,1,3,3,3,2022-08-27
314,3429,2,2,5,3,2022-08-28
315,3124,2,5,1,5,2022-08-28
316,3275,4,5,1,5,2022-08-28
317,3285,5,2,3,5,2022-08-29
318,3006,3,1,1,2,2022-08-30
319,3243,1,1,1,3,2022-08-31
320,3561,3,5,1,3,2022-08-31
321,3730,1,3,4,4,2022-09-02
322,3494,3,4,4,5,2022-09-02
323,3432,2,1,3,4,2022-09-03
324,3702,2,5,3,5,2022-09-04
325,3367,2,4,4,2,2022-09-07
326,3591,2,2,5,5,2022-09-08
327,3385,3,1,1,1,2022-09-08
328,3618,1,4,4,1,2022-09-09
329,3542,2,1,5,1,2022-09-10
330,3604,2,5,2,1,2022-09-12
331,3234,1,5,3,3,2022-09-12
332,3531,2,3,1,1,2022-09-16
333,3461,1,3,1,3,2022-09-16
334,3406,5,2,5,2,2022-09-18
335,3665,1,1,2,2,2022-09-21
336,3682,4,4,4,3,2022-09-22
337,3715,2,2,3,5,2022-09-23
338,3161,1,1,3,5,2022-09-23
339,3691,4,3,2,2,2022-09-23
340,3677,1,3,5,3,2022-09-24
341,3821,5,5,4,4,2022-09-25
342,3828,3,4,1,3,2022-09-25
343,3841,3,4,4,4,2022-09-27
344,3440,1,5,4,2,2022-09-28
345,3676,2,1,5,2,2022-09-29
346,3733,5,2,5,3,2022-09-30
347,4203,4,5,2,2,2022-09-30
348,3612,4,5,5,5,2022-09-30
349,3809,3,2,1,4,2022-09-30
350,3743,3,5,2,2,2022-09-30
351,4022,5,5,5,2,2022-10-01
352,3915,3,2,1,3,2022-10-01
353,3664,2,5,2,2,2022-10-01
354,3979,1,1,5,4,2022-10-03
355,4045,5,5,5,1,2022-10-07
356,3913,2,5,5,3,2022-10-07
357,3869,3,5,3,5,2022-10-07
358,3911,4,3,4,5,2022-10-08
359,4246,2,4,3,4,2022-10-08
360,3646,4,3,2,3,2022-10-08
361,4076,1,3,3,2,2022-10-10
362,3669,3,4,5,4,2022-10-11
363,3626,3,2,5,1,2022-10-13
364,3917,2,2,5,2,2022-10-13
365,3539,3,5,2,5,2022-10-13
366,4325,3,5,1,4,2022-10-13
367,3824,1,3,3,3,2022-10-14
368,3880,2,1,2,1,2022-10-14
369,4054,2,5,1,3,2022-10-15
370,4027,3,4,3,5,2022-10-15
371,4030,1,3,5,2,2022-10-15
372,3888,1,3,3,5,2022-10-15
373,3776,1,4,5,5,2022-10-16
374,3836,1,4,3,5,2022-10-16
375,4137,1,5,2,4,2022-10-17
376,4318,5,2,4,4,2022-10-17
377,4056,2,1,4,1,2022-10-17
378,3642,4,3,4,3,2022-10-18
379,3973,3,5,2,4,2022-10-19
380,4047,4,5,2,5,2022-10-19
381,3823,2,2,1,2,2022-10-19
382,4107,3,5,1,5,2022-10-19
383,4228,3,4,5,2,2022-10-20
384,3705,5,2,4,2,2022-10-21
385,3998,4,2,2,1,2022-10-22
386,3918,4,5,2,3,2022-10-22
387,4253,1,3,2,1,2022-10-22
388,4225,4,4,5,5,2022-10-24
389,4370,1,3,2,3,2022-10-25
390,4248,1,1,3,5,2022-10-27
391,3905,5,3,1,2,2022-10-27
392,4115,2,4,2,1,2022-10-28
393,4365,2,5,2,4,2022-10-28
394,4218,2,3,5,4,2022-10-29
395,3938,1,2,2,2,2022-10-29
396,3650,1,4,2,5,2022-10-29
397,4286,5,2,2,1,2022-10-29
398,4250,3,2,4,5,2022-10-31
399,4403,3,1,5,4,2022-10-31
400,4149,1,5,1,4,2022-11-01
401,4153,2,1,4,4,2022-11-02
402,4080,4,3,1,3,2022-11-03
403,4063,3,5,2,4,2022-11-04
404,4175,2,3,2,2,2022-11-04
405,4170,1,3,4,3,2022-11-04
406,4261,4,1,1,5,2022-11-05
407,4102,3,4,3,4,2022-11-05
408,4622,5,1,3,3,2022-11-06
409,4368,3,5,5,3,2022-11-06
410,4234,3,1,5,5,2022-11-08
411,4142,5,3,2,1,2022-11-08
412,4301,3,3,4,1,2022-11-08
413,4478,1,2,4,2,2022-11-09
414,4178,4,1,5,1,2022-11-09
415,4563,2,2,5,2,2022-11-10
416,4404,1,2,3,4,2022-11-11
417,4575,1,4,3,5,2022-11-11
418,4339,4,5,3,5,2022-11-11
419,4394,5,3,5,3,2022-11-11
420,4608,4,3,1,1,2022-11-12
421,4464,1,1,5,2,2022-11-12
422,4315,3,3,3,2,2022-11-13
423,4626,1,1,5,5,2022-11-14
424,4189,4,1,1,5,2022-11-16
425,4206,5,1,1,1,2022-11-17
426,4462,3,4,4,3,2022-11-17
427,4436,4,4,4,4,2022-11-18
428,4734,3,1,2,2,2022-11-18
429,4385,4,2,1,5,2022-11-18
430,3961,5,4,4,1,2022-11-19
431,4356,5,1,1,2,2022-11-19
432,4670,2,3,5,5,2022-11-20
433,4554,4,4,1,4,2022-11-20
434,4329,5,2,3,4,2022-11-21
435,4667,3,4,5,4,2022-11-24
436,4415,5,1,4,1,2022-11-25
437,4825,1,1,1,3,2022-11-26
438,4612,2,4,4,1,2022-11-26
439,4492,2,5,3,3,2022-11-27
440,5022,3,1,4,4,2022-11-28
441,4430,1,4,5,4,2022-11-30
442,4770,2,2,2,2,2022-12-01
443,4463,4,3,1,1,2022-12-01
444,4823,4,1,5,2,2022-12-02
445,4561,4,1,5,5,2022-12-02
446,4496,1,3,5,3,2022-12-02
447,4588,2,4,1,4,2022-12-02
448,4549,3,3,2,1,2022-12-02
449,4782,1,2,5,4,2022-12-03
450,4811,4,3,5,1,2022-12-05
451,4468,5,5,1,4,2022-12-05
452,4655,4,5,5,3,2022-12-06
453,5025,3,2,3,2,2022-12-07
454,4547,4,1,2,4,2022-12-09
455,4910,5,4,1,5,2022-12-09
456,4861,1,3,1,1,2022-12-09
457,4595,4,4,5,2,2022-12-09
458,4957,5,5,3,2,2022-12-10
459,4567,3,1,5,1,2022-12-10
460,4651,5,4,5,3,2022-12-11
461,4863,5,3,5,1,2022-12-11
462,4977,1,2,5,2,2022-12-12
463,4862,3,1,5,4,2022-12-12
464,4438,1,3,1,5,2022-12-13
465,4629,2,5,4,4,2022-12-13
466,4983,3,4,4,3,2022-12-14
467,4716,2,3,5,5,2022-12-14
468,4277,1,1,4,3,2022-12-14
469,4929,1,5,4,1,2022-12-14
470,4917,2,4,1,2,2022-12-15
471,4853,2,1,3,4,2022-12-17
472,4774,1,1,4,2,2022-12-18
473,4711,2,5,2,5,2022-12-19
474,5160,4,1,4,3,2022-12-20
475,4605,3,1,2,1,2022-12-20
476,4758,4,1,4,2,2022-12-22
477,5127,4,3,5,5,2022-12-22
478,5011,3,5,2,2,2022-12-24
479,4908,1,1,2,3,2022-12-24
480,5170,4,2,3,1,2022-12-25
481,4987,1,4,2,5,2022-12-25
482,4947,3,2,2,3,2022-12-25
483,4938,4,5,1,5,2022-12-25
484,4969,5,5,2,3,2022-12-28
485,5004,2,3,1,3,2022-12-28
486,4808,1,1,3,4,2022-12-30
487,5100,1,3,3,2,2022-12-30
488,4956,5,3,2,3,2022-12-30
489,4835,2,2,2,5,2022-12-30
490,4906,2,2,3,2,2022-12-30
491,4992,4,4,1,1,2022-12-31
492,5024,2,2,5,2,2022-12-31
493,5256,3,2,2,3,2023-01-01
494,4855,5,4,2,5,2023-01-03
495,5063,3,2,1,1,2023-01-03
496,5110,1,2,5,4,2023-01-05
497,5361,3,1,5,2,2023-01-05
498,5219,1,1,3,4,2023-01-06
499,5343,4,4,3,4,2023-01-06
500,5317,2,3,1,4,2023-01-07
501,5290,4,3,3,3,2023-01-07
502,5049,3,2,1,1,2023-01-08
503,5111,3,5,3,5,2023-01-08
504,5253,3,1,4,4,2023-01-08
505,4954,4,1,1,4,2023-01-08
506,5190,4,4,3,4,2023-01-09
507,5046,1,5,3,5,2023-01-10
508,5117,3,1,2,5,2023-01-12
509,5260,1,4,3,2,2023-01-13
510,5342,2,2,2,4,2023-01-14
511,5381,4,1,4,2,2023-01-16
512,5291,2,3,5,4,2023-01-16
513,4979,3,3,4,3,2023-01-17
514,5382,3,2,5,4,2023-01-19
515,5193,1,1,4,5,2023-01-19
516,5503,2,4,2,2,2023-01-20
517,5440,2,2,2,1,2023-01-21
518,5516,4,2,2,3,2023-01-22
519,5742,3,5,2,4,2023-01-22
520,5204,5,1,1,4,2023-01-22
521,5462,4,1,5,2,2023-01-22
522,5612,4,2,4,2,2023-01-22
523,5339,3,5,4,3,2023-01-23
524,5519,3,4,2,5,2023-01-24
525,5376,4,1,4,1,2023-01-24
526,5271,4,2,4,1,2023-01-24
527,5389,4,2,3,2,2023-01-25
528,5425,2,1,5,5,2023-01-25
529,5468,4,4,3,4,2023-01-25
530,5476,1,4,4,5,2023-01-26
531,5588,3,3,1,2,2023-01-27
532,5399,1,2,3,1,2023-01-27
533,5213,3,3,2,2,2023-01-28
534,5316,2,1,4,2,2023-01-28
535,5565,2,3,5,5,2023-01-29
536,5297,2,3,2,1,2023-01-29
537,5433,2,3,2,3,2023-01-30
538,5455,2,2,2,2,2023-01-30
539,5472,1,5,2,3,2023-01-31
540,5429,5,3,5,1,2023-02-01
541,5555,1,3,4,1,2023-02-01
542,5531,3,4,2,4,2023-02-02
543,5695,3,5,4,3,2023-02-04
544,5417,3,2,1,5,2023-02-04
545,5771,4,1,5,3,2023-02-05
546,5710,4,2,3,5,2023-02-05
547,5363,4,2,2,4,2023-02-06
548,5521,2,1,5,5,2023-02-07
549,5517,1,5,3,1,2023-02-07
550,5505,1,1,2,3,2023-02-08
551,5684,5,4,1,3,2023-02-09
552,5631,4,2,1,2,2023-02-09
553,5666,5,5,5,2,2023-02-11
554,5716,3,2,1,3,2023-02-11
555,5585,4,1,2,2,2023-02-11
556,5598,2,5,1,5,2023-02-13
557,5767,4,4,2,1,2023-02-14
558,5557,5,2,2,2,2023-02-14
559,5392,3,4,3,3,2023-02-14
560,5734,4,2,3,1,2023-02-15
561,5871,3,3,3,4,2023-02-15
562,5607,4,3,1,1,2023-02-15
563,5692,3,1,5,1,2023-02-16
564,5721,3,3,4,3,2023-02-17
565,5662,5,5,1,3,2023-02-18
566,5370,1,4,1,5,2023-02-18
567,5897,5,4,1,4,2023-02-18
568,5777,1,1,5,2,2023-02-19
569,5674,5,4,5,1,2023-02-19
570,5966,5,5,2,5,2023-02-20
571,5947,2,1,3,5,2023-02-20
572,5495,5,1,2,2,2023-02-20
573,5825,5,3,3,5,2023-02-21
574,6065,4,3,5,3,2023-02-21
575,5792,3,4,3,2,2023-02-21
576,5403,3,2,2,4,2023-02-22
577,5569,4,3,2,2,2023-02-22
578,5699,3,2,5,5,2023-02-23
579,5713,2,4,3,2,2023-02-23
580,5675,4,2,1,4,2023-02-24
581,6070,5,4,5,4,2023-02-25
582,5714,3,4,4,3,2023-02-26
583,5444,1,2,5,5,2023-02-27
584,5806,3,4,5,2,2023-02-27
585,5744,4,3,2,4,2023-02-27
586,5705,5,2,3,2,2023-02-28
587,5811,1,5,4,3,2023-02-28
588,5847,3,5,2,2,2023-02-28
589,6086,5,3,1,1,2023-03-01
590,5810,2,3,5,3,2023-03-02
591,6085,1,3,4,1,2023-03-03
592,6119,1,5,3,4,2023-03-04
593,5830,5,3,2,4,2023-03-04
594,5808,3,2,3,3,2023-03-04
595,5474,2,2,3,2,2023-03-04
596,5599,2,4,4,2,2023-03-05
597,5980,5,4,1,3,2023-03-05
598,5842,5,1,5,5,2023-03-06
599,6030,4,1,2,2,2023-03-06
600,6244,2,2,3,5,2023-03-07
601,6078,3,1,5,4,2023-03-08
602,5783,3,4,5,3,2023-03-08
603,5939,3,3,5,2,2023-03-09
604,6037,5,3,1,1,2023-03-10
605,5981,3,1,5,2,2023-03-10
606,6155,1,4,3,2,2023-03-11
607,5848,1,3,3,3,2023-03-11
608,5443,3,1,4,2,2023-03-11
609,6292,3,3,2,1,2023-03-11
610,5950,5,4,4,4,2023-03-13
611,6166,2,5,2,2,2023-03-14
612,6324,4,2,3,1,2023-03-15
613,6157,5,1,3,3,2023-03-16
614,6143,5,2,1,2,2023-03-16
615,6148,5,4,2,2,2023-03-16
616,5844,1,3,1,1,2023-03-17
617,5957,4,1,4,2,2023-03-17
618,6067,3,4,4,5,2023-03-17
619,6344,1,2,4,5,2023-03-20
620,5986,3,4,1,2,2023-03-20
621,6180,5,2,2,2,2023-03-20
622,6234,3,5,4,1,2023-03-22
623,6385,2,3,5,3,2023-03-22
624,6131,4,4,1,3,2023-03-22
625,6387,4,4,3,3,2023-03-23
626,6090,1,3,5,1,2023-03-23
627,6473,2,2,3,5,2023-03-24
628,6457,3,2,2,4,2023-03-25
629,6287,1,3,3,2,2023-03-25
630,6054,4,3,5,5,2023-03-26
631,6178,3,4,4,4,2023-03-26
632,6027,1,3,5,5,2023-03-28
633,5938,1,1,4,1,2023-03-28
634,5886,2,2,2,3,2023-03-31
635,6440,2,4,5,1,2023-03-31
636,6581,3,3,4,3,2023-04-02
637,6194,5,2,5,5,2023-04-02
638,6553,2,5,2,4,2023-04-02
639,6295,3,1,5,5,2023-04-03
640,6149,5,1,3,4,2023-04-05
641,6364,4,3,3,5,2023-04-05
642,6269,2,3,2,5,2023-04-06
643,6406,2,5,2,2,2023-04-07
644,6284,4,4,1,2,2023-04-07
645,6342,1,4,5,3,2023-04-07
646,6548,1,2,2,2,2023-04-07
647,6345,5,2,4,3,2023-04-08
648,6452,2,4,4,1,2023-04-08
649,6323,4,3,5,4,2023-04-08
650,6634,1,1,4,4,2023-04-09
651,6449,4,5,1,2,2023-04-11
652,6271,4,2,1,5,2023-04-12
653,6565,2,5,5,2,2023-04-12
654,6431,3,3,5,1,2023-04-13
655,6214,2,1,2,3,2023-04-13
656,6754,4,3,4,4,2023-04-13
657,6447,1,2,4,5,2023-04-14
658,6678,3,4,4,2,2023-04-14
659,6644,5,3,4,4,2023-04-15
660,6733,5,2,2,4,2023-04-16
661,6729,4,2,3,2,2023-04-16
662,6404,2,1,4,5,2023-04-16
663,6551,1,2,3,3,2023-04-16
664,6687,1,1,4,3,2023-04-18
665,6366,3,1,5,5,2023-04-19
666,6614,4,3,5,5,2023-04-20
667,6744,3,4,5,5,2023-04-22
668,6587,4,2,5,2,2023-04-22
669,5920,2,4,2,2,2023-04-22
670,6615,3,5,1,1,2023-04-23
671,6505,2,3,5,1,2023-04-24
672,6184,4,1,1,4,2023-04-25
673,6510,5,5,3,4,2023-04-25
674,6435,1,4,4,1,2023-04-27
675,6997,3,5,4,5,2023-04-28
676,6689,3,5,2,4,2023-04-29
677,6959,4,1,2,5,2023-04-30
678,6949,2,5,3,4,2023-04-30
679,6185,3,2,3,5,2023-04-30
680,6573,3,1,4,4,2023-05-01
681,7009,1,4,4,5,2023-05-02
682,6745,5,4,2,5,2023-05-03
683,6929,1,1,3,2,2023-05-04
684,7058,3,3,2,5,2023-05-04
685,6722,1,5,4,3,2023-05-05
686,6899,2,2,1,2,2023-05-05
687,6778,5,1,2,1,2023-05-05
688,7109,3,5,5,5,2023-05-06
689,6649,2,5,5,3,2023-05-06
690,6914,3,4,5,1,2023-05-07
691,7042,2,4,1,3,2023-05-07
692,6693,4,5,2,2,2023-05-07
693,6717,4,3,3,2,2023-05-07
694,6927,3,5,1,3,2023-05-08
695,6884,3,3,1,4,2023-05-08
696,6976,4,4,2,4,2023-05-08
697,6708,2,3,5,1,2023-05-08
698,6917,4,1,1,3,2023-05-08
699,6401,2,4,1,5,2023-05-09
700,7039,3,4,4,2,2023-05-09
701,6991,2,3,1,2,2023-05-10
702,6468,1,2,5,2,2023-05-10
703,6883,3,2,1,1,2023-05-12
704,6569,4,4,1,2,2023-05-12
705,7055,5,5,2,3,2023-05-12
706,6922,5,5,4,3,2023-05-14
707,6701,5,3,1,4,2023-05-14
708,7003,3,2,4,4,2023-05-14
709,7012,3,3,5,1,2023-05-15
710,6966,4,1,2,4,2023-05-15
711,6869,5,2,3,1,2023-05-15
712,7011,5,5,2,1,2023-05-20
713,7141,3,3,2,2,2023-05-20
714,6696,2,1,1,1,2023-05-21
715,6833,5,3,4,3,2023-05-23
716,6946,4,1,5,2,2023-05-24
717,6596,4,4,2,4,2023-05-26
718,7068,1,3,3,1,2023-05-27
719,6832,3,4,2,1,2023-05-28
720,7226,2,5,5,4,2023-05-29
721,7146,5,2,2,5,2023-05-31
722,7075,3,5,3,5,2023-06-02
723,7025,2,2,4,1,2023-06-02
724,7387,1,2,4,2,2023-06-02
725,7395,2,1,2,5,2023-06-02
726,7133,5,2,4,4,2023-06-03
727,7110,1,1,5,3,2023-06-03
728,7163,2,1,5,5,2023-06-04
729,7310,2,5,5,3,2023-06-05
730,7299,2,5,3,3,2023-06-06
731,7356,3,3,4,2,2023-06-08
732,7107,3,3,4,3,2023-06-08
733,7229,1,1,4,2,2023-06-09
734,7230,4,2,1,2,2023-06-10
735,7349,3,4,3,5,2023-06-11
736,7636,2,2,4,2,2023-06-12
737,7494,4,3,2,3,2023-06-12
738,7560,1,4,2,3,2023-06-13
739,7477,2,3,5,3,2023-06-13
740,7187,4,1,4,5,2023-06-13
741,7207,5,1,1,4,2023-06-14
742,7416,1,1,3,3,2023-06-15
743,7306,4,4,1,5,2023-06-16
744,7159,1,4,3,2,2023-06-16
745,7242,3,2,1,3,2023-06-16
746,7461,1,3,2,3,2023-06-17
747,7281,3,4,5,4,2023-06-17
748,7514,3,2,4,5,2023-06-18
749,7177,1,3,1,1,2023-06-19
750,7450,1,1,1,4,2023-06-19
751,7358,4,2,4,4,2023-06-21
752,7333,1,3,1,1,2023-06-22
753,7484,4,5,1,1,2023-06-22
754,7154,5,5,4,5,2023-06-22
755,7129,5,1,2,5,2023-06-23
756,7599,5,2,4,2,2023-06-23
757,7392,3,3,2,1,2023-06-24
758,7223,2,3,1,3,2023-06-24
759,7375,2,5,1,5,2023-06-24
760,7176,2,2,5,1,2023-06-24
761,7255,1,5,3,3,2023-06-26
762,7321,3,3,4,3,2023-06-27
763,7683,1,2,1,4,2023-06-28
764,7360,1,2,4,3,2023-06-28
765,7498,2,5,4,1,2023-06-29
766,7427,3,1,4,3,2023-06-29
767,7677,2,1,5,3,2023-07-01
768,7828,5,2,1,5,2023-07-03
769,7491,4,3,4,3,2023-07-04
770,7275,3,5,3,5,2023-07-05
771,7771,1,3,1,2,2023-07-05
772,7531,4,5,5,2,2023-07-05
773,7645,1,5,1,2,2023-07-06
774,7851,2,5,2,1,2023-07-06
775,7630,2,3,5,3,2023-07-07
776,7335,4,4,5,4,2023-07-08
777,7804,3,1,3,2,2023-07-09
778,7757,3,3,3,1,2023-07-10
779,7780,5,3,2,2,2023-07-11
780,7581,5,5,1,4,2023-07-11
781,7922,2,1,2,2,2023-07-12
782,7721,2,2,4,4,2023-07-13
783,7620,5,5,4,1,2023-07-14
784,7836,3,1,2,5,2023-07-14
785,7958,1,3,5,4,2023-07-15
786,7576,2,5,1,5,2023-07-15
787,7451,5,5,4,3,2023-07-16
788,7650,1,4,4,1,2023-07-16
789,8053,1,1,2,2,2023-07-17
790,8034,1,3,1,1,2023-07-17
791,7932,2,1,5,5,2023-07-17
792,7668,3,5,1,2,2023-07-18
793,7788,3,5,3,5,2023-07-20
794,7723,5,1,4,3,2023-07-20
795,7694,4,2,3,4,2023-07-21
796,7795,5,5,3,2,2023-07-21
797,7700,3,3,2,5,2023-07-21
798,7739,5,2,3,4,2023-07-23
799,7571,2,4,4,5,2023-07-23
800,7878,1,3,3,1,2023-07-23
801,7855,3,3,5,3,2023-07-24
802,7863,2,1,3,1,2023-07-24
803,8214,2,3,5,4,2023-07-25
804,7830,2,4,3,4,2023-07-26
805,7853,4,4,3,3,2023-07-27
806,7823,4,2,2,5,2023-07-27
807,8111,3,1,5,5,2023-07-27
808,7742,1,4,3,2,2023-07-27
809,8071,1,2,2,2,2023-07-30
810,7923,4,2,3,4,2023-07-30
811,8216,1,3,5,1,2023-08-01
812,8039,3,5,2,2,2023-08-01
813,8060,4,4,5,3,2023-08-02
814,8057,2,5,5,1,2023-08-02
815,8241,5,2,5,3,2023-08-03
816,7997,1,1,5,5,2023-08-03
817,8218,5,2,2,5,2023-08-04
818,7841,3,4,5,1,2023-08-04
819,8294,3,2,1,5,2023-08-04
820,7690,3,2,5,3,2023-08-05
821,7444,2,4,3,1,2023-08-06
822,8254,1,1,3,1,2023-08-06
823,8238,4,4,1,2,2023-08-08
824,8164,5,5,1,3,2023-08-09
825,8295,1,3,5,4,2023-08-09
826,8392,4,5,1,5,2023-08-10
827,8442,3,5,3,3,2023-08-12
828,7930,5,1,4,1,2023-08-13
829,8323,5,2,2,1,2023-08-13
830,8161,3,4,1,1,2023-08-13
831,8408,4,3,1,4,2023-08-14
832,7988,4,1,1,2,2023-08-15
833,8301,5,2,3,1,2023-08-16
834,8255,2,5,3,4,2023-08-16
835,8244,2,2,5,1,2023-08-17
836,8082,3,2,1,4,2023-08-18
837,8573,2,4,5,5,2023-08-19
838,8500,3,2,2,1,2023-08-20
839,7904,3,3,5,2,2023-08-20
840,8507,1,3,2,5,2023-08-20
841,8081,4,3,2,2,2023-08-21
842,8296,4,2,5,5,2023-08-23
843,8559,3,2,2,3,2023-08-23
844,8074,2,5,5,1,2023-08-23
845,8487,1,3,2,4,2023-08-25
846,8049,2,5,5,5,2023-08-25
847,8266,1,2,4,2,2023-08-25
848,8423,3,4,2,5,2023-08-25
849,8284,3,4,2,2,2023-08-27
850,8339,5,1,1,2,2023-08-27
851,8568,4,2,5,3,2023-08-28
852,7920,5,3,5,2,2023-08-28
853,8385,3,2,1,4,2023-08-30
854,8449,2,1,1,5,2023-08-30
855,8333,4,4,2,2,2023-09-01
856,8413,5,5,2,5,2023-09-01
857,8347,5,3,1,4,2023-09-02
858,8530,1,5,1,2,2023-09-02
859,8247,5,5,2,3,2023-09-02
860,8584,2,1,5,4,2023-09-02
861,8571,5,4,3,4,2023-09-05
862,8531,5,5,1,1,2023-09-06
863,8625,5,4,4,2,2023-09-07
864,8595,4,2,1,1,2023-09-07
865,8399,2,2,5,5,2023-09-07
866,8508,1,1,3,3,2023-09-09
867,8326,5,4,5,2,2023-09-11
868,8456,2,5,4,5,2023-09-11
869,8308,1,3,1,3,2023-09-12
870,8557,3,1,4,5,2023-09-13
871,8045,5,5,4,2,2023-09-13
872,8589,3,3,1,1,2023-09-13
873,8796,3,1,5,5,2023-09-15
874,8937,4,5,4,1,2023-09-16
875,8365,3,3,3,4,2023-09-16
876,8977,5,3,5,4,2023-09-18
877,8501,3,3,2,1,2023-09-18
878,8821,2,3,4,5,2023-09-20
879,8922,5,5,4,3,2023-09-21
880,8875,2,2,2,3,2023-09-23
881,8683,2,2,5,3,2023-09-24
882,8878,3,2,1,1,2023-09-25
883,8604,2,3,1,1,2023-09-26
884,8565,2,3,3,3,2023-09-26
885,8896,3,5,4,3,2023-09-27
886,8788,2,3,1,1,2023-09-28
887,8639,1,1,2,2,2023-09-29
888,8853,1,1,5,4,2023-09-30
889,8803,5,5,2,4,2023-09-30
890,8762,2,1,4,1,2023-09-30
891,8707,2,1,5,2,2023-10-01
892,8861,3,2,4,5,2023-10-02
893,8670,3,1,5,2,2023-10-02
894,8883,2,3,2,2,2023-10-03
895,9106,4,1,1,3,2023-10-03
896,8602,5,2,5,2,2023-10-04
897,9446,4,4,2,2,2023-10-04
898,8948,5,3,4,5,2023-10-05
899,9197,1,4,2,3,2023-10-05
900,8373,3,2,5,1,2023-10-05
901,8607,3,3,4,3,2023-10-06
902,9129,5,4,3,1,2023-10-07
903,8741,3,1,5,4,2023-10-08
904,8935,5,2,3,2,2023-10-09
905,9073,2,5,4,5,2023-10-09
906,8892,2,1,3,3,2023-10-09
907,9011,5,2,2,3,2023-10-10
908,8273,5,4,4,5,2023-10-10
909,8812,2,1,5,2,2023-10-11
910,9016,2,5,1,3,2023-10-11
911,8807,4,5,4,2,2023-10-11
912,9279,5,4,5,3,2023-10-11
913,9355,3,1,2,2,2023-10-11
914,8696,1,3,4,2,2023-10-12
915,9259,4,4,3,4,2023-10-13
916,9326,3,1,2,1,2023-10-13
917,8962,2,5,5,5,2023-10-14
918,8955,2,2,5,1,2023-10-15
919,9030,3,2,1,1,2023-10-15
920,8946,3,2,1,4,2023-10-15
921,8985,1,5,2,3,2023-10-15
922,9506,5,4,3,5,2023-10-16
923,9172,5,1,4,3,2023-10-16
924,9413,3,2,3,5,2023-10-16
925,9175,1,2,2,3,2023-10-17
926,8752,2,3,4,2,2023-10-17
927,8987,5,1,2,2,2023-10-18
928,8808,2,3,2,4,2023-10-19
929,9020,4,5,5,5,2023-10-22
930,8997,2,2,2,2,2023-10-22
931,9715,5,2,2,3,2023-10-22
932,9127,3,4,4,5,2023-10-23
933,9083,2,5,2,2,2023-10-23
934,9078,5,5,1,4,2023-10-23
935,9061,1,3,4,1,2023-10-23
936,9012,4,3,3,4,2023-10-24
937,9018,2,4,3,2,2023-10-25
938,9532,1,3,1,4,2023-10-25
939,9334,5,3,3,1,2023-10-25
940,9041,1,4,1,2,2023-10-26
941,8956,3,5,3,2,2023-10-26
942,9157,4,5,3,5,2023-10-26
943,9627,3,1,4,2,2023-10-27
944,9152,2,1,3,2,2023-10-28
945,9815,4,3,4,5,2023-10-28
946,9312,4,2,5,4,2023-10-29
947,9021,4,1,1,5,2023-10-30
948,9939,2,2,5,5,2023-10-30
949,9492,2,2,2,4,2023-10-31
950,9140,1,2,3,1,2023-11-01
951,9377,1,4,5,3,2023-11-01
952,9944,5,5,5,4,2023-11-02
953,9024,1,3,4,5,2023-11-03
954,9592,4,1,1,1,2023-11-03
955,9272,5,2,4,3,2023-11-04
956,9948,4,2,5,3,2023-11-04
957,9739,5,2,5,4,2023-11-05
958,9459,5,4,3,2,2023-11-05
959,10011,3,3,3,3,2023-11-06
960,9720,2,3,3,3,2023-11-06
961,9605,4,1,5,3,2023-11-07
962,9884,4,2,2,4,2023-11-08
963,9986,5,4,3,3,2023-11-08
964,9133,2,2,5,5,2023-11-08
965,9665,4,5,4,2,2023-11-08
966,9560,2,3,4,5,2023-11-08
967,9569,5,2,4,5,2023-11-08
968,9330,1,2,3,1,2023-11-09
969,9550,2,1,4,4,2023-11-09
970,10051,4,3,5,3,2023-11-10
971,9662,3,3,4,5,2023-11-11
972,9703,5,5,3,4,2023-11-11
973,9329,5,5,3,4,2023-11-12
974,10143,5,4,1,3,2023-11-13
975,10227,3,5,4,3,2023-11-13
976,9555,2,3,4,4,2023-11-13
977,9632,5,4,5,5,2023-11-14
978,9861,4,4,5,4,2023-11-14
979,10272,4,2,1,3,2023-11-15
980,9477,2,5,5,5,2023-11-16
981,9288,1,1,2,4,2023-11-16
982,9710,3,5,3,4,2023-11-17
983,9689,2,5,4,3,2023-11-18
984,10173,5,3,4,5,2023-11-18
985,10136,2,5,1,4,2023-11-19
986,9509,5,3,1,5,2023-11-21
987,10446,4,5,3,2,2023-11-21
988,10259,3,1,4,1,2023-11-21
989,10044,4,4,3,2,2023-11-21
990,9929,2,1,4,1,2023-11-22
991,10245,2,2,2,5,2023-11-22
992,9441,2,1,4,3,2023-11-23
993,10305,4,4,4,2,2023-11-23
994,10152,2,1,3,2,2023-11-24
995,10601,4,5,1,4,2023-11-24
996,9558,2,2,3,2,2023-11-24
997,9641,5,5,1,4,2023-11-24
998,9757,2,2,3,5,2023-11-24
999,9958,1,4,4,3,2023-11-25
1000,10174,4,3,1,2,2023-11-25
1001,10012,4,3,3,5,2023-11-25
1002,10094,1,4,3,2,2023-11-26
1003,10251,1,5,2,4,2023-11-26
1004,9810,5,5,3,5,2023-11-27
1005,9992,5,3,1,2,2023-11-27
1006,10275,2,4,3,3,2023-11-27
1007,10290,2,5,4,3,2023-11-27
1008,10636,5,2,3,3,2023-11-28
1009,10368,5,3,3,5,2023-11-29
1010,9611,5,2,5,5,2023-11-29
1011,9837,5,4,1,3,2023-11-30
1012,10091,4,2,4,4,2023-11-30
1013,10160,1,3,4,3,2023-11-30
1014,10167,4,4,1,2,2023-11-30
1015,10169,4,3,2,1,2023-11-30
1016,9768,5,5,4,5,2023-12-01
1017,10021,4,5,1,1,2023-12-02
1018,10444,1,3,4,2,2023-12-02
1019,9770,4,1,4,4,2023-12-02
1020,9237,5,5,1,1,2023-12-04
1021,9623,4,4,3,2,2023-12-04
1022,9808,4,4,2,1,2023-12-04
1023,10125,3,3,5,1,2023-12-05
1024,9754,4,1,3,4,2023-12-05
1025,10333,1,5,2,3,2023-12-07
1026,10168,1,2,5,3,2023-12-07
1027,10489,1,5,1,3,2023-12-08
1028,9643,4,5,4,2,2023-12-08
1029,10556,4,5,3,4,2023-12-08
1030,9694,2,4,5,5,2023-12-08
1031,10473,3,4,5,1,2023-12-09
1032,10215,3,5,2,2,2023-12-10
1033,10228,3,3,4,1,2023-12-10
1034,10631,4,5,3,5,2023-12-10
1035,10108,3,1,1,1,2023-12-10
1036,10600,3,4,3,1,2023-12-10
1037,10902,3,4,3,3,2023-12-10
1038,10377,1,2,1,5,2023-12-11
1039,10270,1,5,1,3,2023-12-11
1040,10080,5,4,4,4,2023-12-12
1041,10574,1,4,2,4,2023-12-12
1042,10118,1,5,4,3,2023-12-13
1043,10591,2,4,1,1,2023-12-14
1044,10380,4,3,5,5,2023-12-14
1045,10589,1,3,5,5,2023-12-14
1046,10405,1,4,1,2,2023-12-16
1047,10648,1,2,3,4,2023-12-16
1048,10200,1,1,1,1,2023-12-16
1049,10452,2,5,4,4,2023-12-16
1050,10541,5,2,1,5,2023-12-16
1051,10208,3,3,2,3,2023-12-17
1052,10553,2,3,2,1,2023-12-18
1053,10471,3,5,5,1,2023-12-18
1054,10880,2,2,2,1,2023-12-18
1055,10689,4,2,4,4,2023-12-19
1056,10904,4,4,5,5,2023-12-19
1057,10297,1,1,5,4,2023-12-20
1058,10658,5,1,5,4,2023-12-20
1059,10186,5,5,4,3,2023-12-21
1060,9966,5,3,4,1,2023-12-22
1061,10568,3,2,1,2,2023-12-22
1062,10371,4,3,1,1,2023-12-22
1063,10667,4,4,5,3,2023-12-22
1064,10769,4,4,4,5,2023-12-25
1065,10410,5,1,5,1,2023-12-25
1066,10668,3,3,4,1,2023-12-25
1067,10535,5,2,1,5,2023-12-26
1068,10019,2,3,5,5,2023-12-26
1069,10532,5,3,4,5,2023-12-26
1070,10199,5,5,5,3,2023-12-26
1071,10797,3,2,5,2,2023-12-26
1072,10978,3,2,2,1,2023-12-27
1073,10711,2,5,5,2,2023-12-27
1074,10475,1,5,1,3,2023-12-27
1075,10597,2,3,2,3,2023-12-27
1076,11095,1,3,3,3,2023-12-29
1077,10283,5,5,3,3,2023-12-29
1078,10859,4,2,4,1,2023-12-29
1079,10974,3,1,1,4,2023-12-29
1080,10814,3,5,1,3,2023-12-30
1081,11010,4,4,3,3,2023-12-30
1082,10414,2,4,5,1,2023-12-31
1083,11105,5,5,1,5,2024-01-01
1084,10538,2,2,3,1,2024-01-01
1085,11074,2,1,5,5,2024-01-02
1086,10610,1,5,1,2,2024-01-02
1087,11043,5,5,3,1,2024-01-02
1088,10238,5,2,3,2,2024-01-02
1089,11161,4,1,5,1,2024-01-03
1090,11201,5,1,2,2,2024-01-03
1091,10911,4,1,4,5,2024-01-03
1092,11036,1,2,5,1,2024-01-04
1093,10803,5,3,5,1,2024-01-04
1094,10702,2,4,3,4,2024-01-04
1095,11055,2,3,1,4,2024-01-04
1096,11314,3,4,1,5,2024-01-04
1097,10981,4,1,1,4,2024-01-04
1098,10650,1,4,3,2,2024-01-05
1099,11009,2,3,1,2,2024-01-05
1100,11145,5,4,3,5,2024-01-06
1101,11071,4,5,5,1,2024-01-06
1102,10437,2,3,2,4,2024-01-06
1103,10930,5,4,5,2,2024-01-06
1104,11345,4,4,2,1,2024-01-06
1105,10957,1,4,5,1,2024-01-07
1106,11384,1,3,1,2,2024-01-07
1107,11312,1,2,3,2,2024-01-08
1108,10940,2,5,3,3,2024-01-08
1109,11005,2,3,1,4,2024-01-08
1110,10920,2,2,3,2,2024-01-08
1111,11225,5,3,4,4,2024-01-09
1112,11321,1,5,5,1,2024-01-09
1113,10430,4,1,3,5,2024-01-10
1114,11051,5,5,1,1,2024-01-10
1115,11284,5,5,3,5,2024-01-11
1116,10750,4,1,4,4,2024-01-11
1117,11206,5,1,2,4,2024-01-11
1118,11372,3,3,3,4,2024-01-12
1119,10635,4,4,3,5,2024-01-12
1120,11286,4,3,4,3,2024-01-12
1121,11018,5,4,1,3,2024-01-12
1122,10720,2,2,3,4,2024-01-14
1123,10656,5,4,2,4,2024-01-14
1124,11031,3,1,5,3,2024-01-15
1125,10983,5,4,3,5,2024-01-15
1126,11250,1,2,2,3,2024-01-16
1127,11413,5,3,5,3,2024-01-17
1128,10746,2,3,4,2,2024-01-17
1129,11265,5,3,1,5,2024-01-17
1130,11364,2,2,4,3,2024-01-17
1131,11687,5,2,2,1,2024-01-18
1132,10428,5,4,4,1,2024-01-18
1133,11541,3,3,2,1,2024-01-19
1134,11281,5,1,1,3,2024-01-19
1135,11220,2,4,3,3,2024-01-19
1136,11367,5,1,5,1,2024-01-19
1137,11247,2,3,4,2,2024-01-19
1138,11234,1,2,2,4,2024-01-20
1139,10935,1,1,5,5,2024-01-20
1140,11440,4,4,3,2,2024-01-21
1141,11316,4,4,3,3,2024-01-22
1142,11645,5,4,3,1,2024-01-22
1143,11112,1,2,1,4,2024-01-24
1144,10962,4,2,2,2,2024-01-24
1145,11269,4,4,2,4,2024-01-25
1146,11654,5,5,4,1,2024-01-25
1147,11401,3,5,4,4,2024-01-25
1148,11157,2,1,3,3,2024-01-25
1149,11516,4,5,1,3,2024-01-25
1150,11144,5,5,2,2,2024-01-26
1151,11166,4,3,4,3,2024-01-26
1152,11456,5,1,5,2,2024-01-27
1153,11854,5,5,4,1,2024-01-27
1154,11380,5,3,4,5,2024-01-27
1155,11331,2,2,5,4,2024-01-28
1156,11887,1,5,2,5,2024-01-28
1157,11411,2,4,4,5,2024-01-28
1158,11616,4,5,5,4,2024-01-28
1159,11323,1,2,5,2,2024-01-29
1160,11348,4,4,1,4,2024-01-30
1161,11406,3,5,2,1,2024-01-30
1162,11283,1,3,3,3,2024-01-30
1163,11387,1,3,3,3,2024-01-30
1164,11678,2,1,4,1,2024-01-30
1165,11880,4,3,4,3,2024-01-30
1166,11471,4,2,2,4,2024-01-31
1167,11261,3,2,5,3,2024-01-31
1168,11701,5,4,3,5,2024-01-31
1169,11428,4,1,2,1,2024-02-01
1170,11439,1,5,1,1,2024-02-01
1171,12059,1,4,4,4,2024-02-01
1172,11624,4,5,5,5,2024-02-01
1173,11324,3,3,3,4,2024-02-01
1174,11577,1,1,4,3,2024-02-02
1175,11397,3,3,1,2,2024-02-02
1176,11805,4,4,3,4,2024-02-02
1177,11330,2,5,4,4,2024-02-03
1178,11553,3,3,2,4,2024-02-03
1179,12012,4,5,3,2,2024-02-05
1180,11853,2,5,1,3,2024-02-05
1181,11722,5,4,5,1,2024-02-05
1182,11564,3,3,2,5,2024-02-05
1183,11197,1,1,4,3,2024-02-06
1184,12203,4,5,1,1,2024-02-06
1185,11803,1,2,3,3,2024-02-06
1186,11785,4,1,5,2,2024-02-06
1187,11480,5,1,5,5,2024-02-06
1188,11512,2,5,3,4,2024-02-07
1189,11245,4,3,5,1,2024-02-08
1190,12089,1,5,3,1,2024-02-09
1191,11750,2,3,4,3,2024-02-10
1192,12045,1,2,3,1,2024-02-10
1193,11545,4,2,2,2,2024-02-11
1194,11377,4,5,5,3,2024-02-11
1195,12168,1,1,1,4,2024-02-11
1196,12393,4,4,3,2,2024-02-11
1197,12131,2,3,4,5,2024-02-11
1198,11651,3,1,3,1,2024-02-11
1199,11777,1,1,1,5,2024-02-12
1200,11648,3,5,5,5,2024-02-12
1201,11800,3,4,1,3,2024-02-14
1202,11195,3,4,1,2,2024-02-14
1203,12210,2,4,3,4,2024-02-14
1204,12510,2,5,3,3,2024-02-16
1205,11714,3,4,1,2,2024-02-17
1206,12322,1,3,4,1,2024-02-17
1207,11986,3,1,4,3,2024-02-18
1208,12177,5,1,5,1,2024-02-19
1209,11860,1,1,5,1,2024-02-19
1210,12029,5,3,5,1,2024-02-20
1211,11968,3,2,1,2,2024-02-20
1212,11671,2,2,1,5,2024-02-21
1213,12533,1,3,3,1,2024-02-22
1214,11705,5,4,1,4,2024-02-22
1215,12063,4,3,1,1,2024-02-22
1216,12024,5,5,1,3,2024-02-22
1217,11724,5,2,2,3,2024-02-22
1218,11945,5,3,1,3,2024-02-22
1219,11972,2,3,1,2,2024-02-22
1220,11941,2,5,2,1,2024-02-22
1221,12493,4,1,3,5,2024-02-23
1222,12064,2,2,4,3,2024-02-25
1223,12151,3,3,5,4,2024-02-25
1224,12382,5,2,2,1,2024-02-25
1225,12126,3,2,3,5,2024-02-25
1226,12519,5,3,2,4,2024-02-25
1227,11609,5,1,1,1,2024-02-26
1228,12239,2,2,1,4,2024-02-26
1229,12256,5,2,2,5,2024-02-27
1230,12682,2,1,1,3,2024-02-28
1231,12401,5,3,1,2,2024-02-28
1232,12028,5,5,4,4,2024-02-29
1233,12271,2,3,2,4,2024-02-29
1234,12134,3,2,2,5,2024-02-29
1235,12117,3,5,4,2,2024-03-01
1236,12118,5,2,3,2,2024-03-01
1237,12084,1,4,4,5,2024-03-02
1238,12431,4,1,4,5,2024-03-02
1239,12726,5,4,4,2,2024-03-02
1240,12713,1,2,2,5,2024-03-02
1241,12555,4,4,4,2,2024-03-02
1242,12425,2,1,1,3,2024-03-03
1243,12450,2,4,2,3,2024-03-03
1244,11525,1,2,5,4,2024-03-03
1245,12499,3,3,2,5,2024-03-03
1246,11829,1,1,3,4,2024-03-03
1247,12704,3,4,1,4,2024-03-04
1248,12111,5,2,3,1,2024-03-04
1249,12694,2,1,2,5,2024-03-04
1250,12249,4,4,2,3,2024-03-04
1251,12114,3,5,5,5,2024-03-04
1252,12318,2,3,5,1,2024-03-04
1253,11957,1,5,1,3,2024-03-05
1254,12017,2,1,3,3,2024-03-05
1255,12703,5,3,2,3,2024-03-05
1256,12548,2,1,5,1,2024-03-06
1257,12167,2,2,4,1,2024-03-06
1258,12465,3,1,3,4,2024-03-06
1259,13087,3,5,1,3,2024-03-06
1260,12497,3,3,2,3,2024-03-06
1261,12558,3,2,5,2,2024-03-08
1262,12320,3,1,2,3,2024-03-09
1263,12720,5,3,1,3,2024-03-10
1264,12601,2,1,4,1,2024-03-11
1265,12959,2,1,1,4,2024-03-11
1266,12495,1,4,4,2,2024-03-12
1267,12556,1,1,1,1,2024-03-13
1268,12280,3,2,1,2,2024-03-13
1269,13135,1,4,2,4,2024-03-13
1270,12005,3,3,1,1,2024-03-14
1271,12603,4,1,1,1,2024-03-14
1272,12221,2,2,3,4,2024-03-15
1273,12300,1,1,2,5,2024-03-15
1274,12841,2,2,4,2,2024-03-15
1275,12919,5,5,4,2,2024-03-15
1276,12439,3,4,4,5,2024-03-16
1277,13086,5,3,4,1,2024-03-17
1278,12470,4,5,2,4,2024-03-17
1279,12712,2,1,3,3,2024-03-17
1280,12984,1,5,1,3,2024-03-18
1281,12178,3,2,2,5,2024-03-18
1282,12902,4,5,5,4,2024-03-18
1283,12193,5,1,5,3,2024-03-18
1284,12718,3,5,3,2,2024-03-19
1285,13142,4,5,2,1,2024-03-19
1286,12194,4,2,5,3,2024-03-19
1287,13147,2,3,1,3,2024-03-21
1288,12780,3,4,5,1,2024-03-22
1289,12079,5,2,3,3,2024-03-23
1290,12869,2,2,3,2,2024-03-24
1291,13015,1,2,1,5,2024-03-24
1292,12543,1,1,1,5,2024-03-25
1293,13341,2,2,5,2,2024-03-25
1294,12733,3,1,3,4,2024-03-25
1295,12504,3,5,3,5,2024-03-26
1296,12866,1,1,1,4,2024-03-26
1297,13170,5,2,1,2,2024-03-26
1298,12884,1,5,2,1,2024-03-26
1299,12955,5,1,1,4,2024-03-27
1300,13413,1,5,5,2,2024-03-27
1301,12870,2,4,3,4,2024-03-28
1302,13236,2,5,2,1,2024-03-29
1303,12569,5,4,4,5,2024-03-31
1304,13319,3,5,1,1,2024-03-31
1305,12640,3,4,3,3,2024-04-01
1306,12945,2,4,4,5,2024-04-01
1307,13376,5,3,1,4,2024-04-02
1308,12878,5,2,5,2,2024-04-02
1309,13670,3,4,2,1,2024-04-03
1310,13359,3,5,1,5,2024-04-03
1311,12837,1,1,2,1,2024-04-04
1312,13445,3,5,4,1,2024-04-05
1313,13069,1,5,4,4,2024-04-06
1314,12988,3,5,4,3,2024-04-06
1315,13344,4,4,1,1,2024-04-06
1316,12688,5,2,1,1,2024-04-06
1317,13167,4,2,2,4,2024-04-07
1318,13244,5,3,2,2,2024-04-08
1319,13595,3,1,3,2,2024-04-08
1320,13039,4,1,2,5,2024-04-08
1321,13246,5,2,4,5,2024-04-09
1322,12491,5,1,2,2,2024-04-09
1323,13138,2,4,4,2,2024-04-09
1324,13669,4,2,3,1,2024-04-09
1325,13478,5,4,4,1,2024-04-09
1326,13342,2,3,4,5,2024-04-09
1327,13323,2,2,5,3,2024-04-10
1328,12887,3,5,4,3,2024-04-10
1329,12989,3,4,1,4,2024-04-10
1330,12477,5,2,4,4,2024-04-11
1331,12844,1,1,1,3,2024-04-11
1332,13843,2,2,4,3,2024-04-11
1333,13867,5,4,1,1,2024-04-11
1334,13178,4,4,2,4,2024-04-12
1335,12987,4,2,3,5,2024-04-13
1336,12927,5,5,2,3,2024-04-13
1337,13371,3,3,4,2,2024-04-15
1338,13598,1,5,2,5,2024-04-15
1339,13370,5,3,4,4,2024-04-15
1340,12528,4,1,3,1,2024-04-15
1341,13485,4,2,1,2,2024-04-16
1342,13306,5,4,5,3,2024-04-17
1343,13580,2,2,4,5,2024-04-17
1344,13726,2,1,1,1,2024-04-17
1345,12894,1,4,4,1,2024-04-17
1346,12939,3,4,1,1,2024-04-18
1347,12667,3,2,4,1,2024-04-20
1348,13848,3,3,2,4,2024-04-20
1349,13803,4,2,5,3,2024-04-21
1350,13547,4,1,1,4,2024-04-22
1351,13606,1,5,3,3,2024-04-22
1352,14085,1,3,1,4,2024-04-23
1353,13883,4,3,4,1,2024-04-23
1354,13690,4,1,2,5,2024-04-23
1355,13921,3,4,4,5,2024-04-24
1356,13706,4,3,4,1,2024-04-24
1357,13316,3,2,5,4,2024-04-24
1358,12857,3,2,2,4,2024-04-24
1359,13313,3,3,5,2,2024-04-24
1360,13987,5,4,2,3,2024-04-25
1361,13870,1,4,4,3,2024-04-25
1362,13835,1,2,1,3,2024-04-25
1363,13258,3,1,4,4,2024-04-25
1364,13151,2,2,3,2,2024-04-26
1365,13395,4,5,2,1,2024-04-26
1366,14030,5,4,2,5,2024-04-26
1367,13694,4,3,2,4,2024-04-27
1368,13640,1,1,3,1,2024-04-29
1369,14173,1,2,1,3,2024-04-29
1370,13710,4,5,5,5,2024-04-29
1371,13926,2,4,5,3,2024-04-30
1372,13428,3,2,4,3,2024-05-01
1373,13716,5,5,2,2,2024-05-02
1374,14200,2,4,1,4,2024-05-02
1375,13940,2,2,2,5,2024-05-03
1376,13614,3,5,1,5,2024-05-03
1377,14018,4,5,2,5,2024-05-03
1378,13609,3,4,1,1,2024-05-03
1379,13734,4,3,2,2,2024-05-04
1380,13880,3,3,4,3,2024-05-06
1381,13481,3,3,3,4,2024-05-07
1382,13862,1,2,5,1,2024-05-08
1383,13935,1,2,4,1,2024-05-08
1384,13793,5,1,4,4,2024-05-08
1385,13482,5,2,2,5,2024-05-08
1386,13583,4,4,2,5,2024-05-08
1387,14294,2,4,1,5,2024-05-09
1388,14016,1,4,5,3,2024-05-09
1389,14396,4,4,3,3,2024-05-09
1390,13857,3,2,4,4,2024-05-10
1391,14004,1,4,2,2,2024-05-10
1392,13421,2,1,5,2,2024-05-10
1393,14236,5,4,4,5,2024-05-13
1394,14126,3,1,2,3,2024-05-13
1395,14404,3,5,5,5,2024-05-14
1396,14191,3,1,3,3,2024-05-14
1397,14342,1,5,5,3,2024-05-15
1398,14147,4,3,3,1,2024-05-15
1399,13977,2,2,1,1,2024-05-16
1400,13717,5,4,2,3,2024-05-17
1401,14445,1,2,2,5,2024-05-17
1402,14416,3,5,3,1,2024-05-17
1403,14132,1,5,2,4,2024-05-17
1404,14122,3,3,3,1,2024-05-18
1405,14284,3,3,1,1,2024-05-18
1406,14488,2,1,4,2,2024-05-19
1407,13891,3,1,2,2,2024-05-19
1408,14651,1,4,3,5,2024-05-19
1409,14378,3,2,5,2,2024-05-20
1410,14186,1,3,5,3,2024-05-20
1411,14312,1,4,1,4,2024-05-20
1412,14568,5,4,2,5,2024-05-21
1413,14395,1,3,1,3,2024-05-21
1414,14686,3,5,5,5,2024-05-22
1415,14485,3,4,5,1,2024-05-23
1416,14066,3,3,4,2,2024-05-23
1417,14553,5,2,2,2,2024-05-23
1418,14690,5,2,2,1,2024-05-23
1419,14778,5,1,1,2,2024-05-24
1420,14979,4,4,2,2,2024-05-24
1421,14641,1,5,5,2,2024-05-24
1422,14247,1,5,3,1,2024-05-25
1423,14561,4,2,2,4,2024-05-26
1424,14823,2,3,1,3,2024-05-26
1425,14319,1,1,5,1,2024-05-26
1426,13961,3,5,3,5,2024-05-27
1427,14322,3,4,4,1,2024-05-27
1428,13941,3,2,4,5,2024-05-27
1429,13985,3,2,2,1,2024-05-28
1430,14847,5,1,3,2,2024-05-29
1431,14240,2,4,5,1,2024-05-29
1432,13946,4,3,3,3,2024-05-29
1433,14543,5,4,2,2,2024-05-30
1434,14570,5,5,5,5,2024-05-30
1435,14536,1,2,4,5,2024-05-30
1436,13841,2,2,4,3,2024-05-30
1437,14502,5,2,1,5,2024-05-30
1438,14806,3,2,4,2,2024-06-01
1439,14996,1,2,2,2,2024-06-01
1440,14472,2,2,2,5,2024-06-01
1441,14042,1,1,4,4,2024-06-01
1442,13917,2,1,2,2,2024-06-02
1443,14417,5,2,1,3,2024-06-02
1444,14617,3,1,5,4,2024-06-03
1445,14313,2,3,4,2,2024-06-03
1446,14811,3,3,1,2,2024-06-03
1447,14076,3,2,3,2,2024-06-04
1448,14087,2,4,4,5,2024-06-05
1449,14636,3,1,2,3,2024-06-05
1450,14923,1,2,3,4,2024-06-06
1451,14192,5,3,3,5,2024-06-06
1452,14394,4,2,4,3,2024-06-07
1453,14604,5,2,3,1,2024-06-08
1454,14325,4,4,5,5,2024-06-09
1455,15034,4,5,4,2,2024-06-09
1456,14787,3,5,5,1,2024-06-10
1457,15106,2,2,2,1,2024-06-11
1458,14382,2,5,1,2,2024-06-11
1459,14919,4,5,1,2,2024-06-11
1460,14220,5,2,3,2,2024-06-12
1461,14872,1,4,2,5,2024-06-12
1462,14942,1,1,4,1,2024-06-12
1463,15152,5,5,5,1,2024-06-12
1464,14810,1,5,3,2,2024-06-12
1465,14680,5,2,3,5,2024-06-12
1466,14713,2,3,4,2,2024-06-13
1467,14674,2,5,1,5,2024-06-13
1468,14779,3,2,4,2,2024-06-13
1469,14700,2,3,5,4,2024-06-13
1470,14320,3,4,3,1,2024-06-14
1471,14672,5,5,5,3,2024-06-14
1472,14440,4,2,3,1,2024-06-14
1473,15200,5,5,1,4,2024-06-14
1474,14925,4,2,3,5,2024-06-14
1475,14407,1,4,3,1,2024-06-14
1476,15111,1,3,3,4,2024-06-15
1477,15128,2,5,2,1,2024-06-15
1478,14954,5,5,3,2,2024-06-15
1479,15120,4,2,1,2,2024-06-16
1480,14955,5,2,4,4,2024-06-16
1481,14796,1,4,4,4,2024-06-17
1482,15107,5,1,3,5,2024-06-17
1483,14834,4,2,5,2,2024-06-17
1484,15299,2,1,3,2,2024-06-17
1485,14606,3,5,3,3,2024-06-18
1486,14941,5,1,3,5,2024-06-18
1487,14694,3,4,5,2,2024-06-18
1488,14722,4,5,1,3,2024-06-19
1489,15170,5,4,2,3,2024-06-19
1490,14482,1,3,1,4,2024-06-19
1491,14920,4,4,1,3,2024-06-20
1492,15309,1,4,1,2,2024-06-20
1493,14982,2,4,2,5,2024-06-20
1494,15064,4,1,2,4,2024-06-21
1495,14959,5,2,4,4,2024-06-21
1496,14937,3,3,5,3,2024-06-21
1497,15486,2,2,3,1,2024-06-21
1498,14619,1,5,5,4,2024-06-22
1499,15010,4,5,5,3,2024-06-22
1500,15212,1,3,1,1,2024-06-22
1501,15235,2,4,1,4,2024-06-23
1502,15306,3,2,5,5,2024-06-23
1503,15487,4,5,3,1,2024-06-23
1504,15167,1,2,2,4,2024-06-24
1505,15630,3,1,5,5,2024-06-24
1506,15059,4,3,5,5,2024-06-24
1507,15467,5,4,4,3,2024-06-25
1508,14639,5,2,5,3,2024-06-26
1509,15370,3,3,4,4,2024-06-27
1510,14857,4,3,1,1,2024-06-27
1511,14082,3,1,5,1,2024-06-28
1512,15047,2,4,5,3,2024-06-29
1513,14874,2,2,4,1,2024-06-30
1514,15101,1,2,4,4,2024-06-30
1515,15292,2,2,2,3,2024-07-01
1516,15276,1,2,1,3,2024-07-01
1517,15171,5,5,1,2,2024-07-01
1518,14582,5,3,1,3,2024-07-03
1519,15057,5,4,3,1,2024-07-04
1520,14344,2,5,4,4,2024-07-05
1521,14193,1,1,2,3,2024-07-05
1522,15133,4,3,2,1,2024-07-05
1523,15687,4,1,2,5,2024-07-05
1524,15478,1,5,1,4,2024-07-05
1525,15325,2,5,3,1,2024-07-06
1526,15285,2,2,3,1,2024-07-07
1527,15422,1,2,1,4,2024-07-07
1528,15160,3,3,5,1,2024-07-07
1529,15444,4,5,3,4,2024-07-07
1530,15566,4,3,3,3,2024-07-07
1531,15736,3,4,1,5,2024-07-08
1532,15553,4,2,4,2,2024-07-08
1533,15792,5,3,2,2,2024-07-08
1534,15440,3,5,1,5,2024-07-08
1535,15512,2,4,2,4,2024-07-09
1536,15401,3,3,4,1,2024-07-10
1537,15654,1,2,2,3,2024-07-11
1538,16018,3,1,5,5,2024-07-12
1539,15860,5,4,4,2,2024-07-13
1540,15653,2,5,2,3,2024-07-13
1541,15420,4,5,5,1,2024-07-13
1542,15918,1,2,5,5,2024-07-14
1543,15140,4,3,3,3,2024-07-14
1544,15434,4,5,4,4,2024-07-14
1545,15428,4,4,5,3,2024-07-15
1546,14718,2,1,1,4,2024-07-15
1547,15543,1,3,1,2,2024-07-15
1548,15564,1,1,4,1,2024-07-15
1549,15357,1,1,3,1,2024-07-16
1550,15296,2,1,1,2,2024-07-16
1551,15709,2,1,1,5,2024-07-16
1552,15916,1,2,4,2,2024-07-16
1553,16090,2,5,3,1,2024-07-17
1554,15996,5,3,1,5,2024-07-17
1555,15609,5,1,3,4,2024-07-17
1556,15246,4,5,4,4,2024-07-17
1557,15446,3,3,2,3,2024-07-18
1558,15572,2,3,5,2,2024-07-18
1559,15587,2,2,3,5,2024-07-19
1560,15524,3,3,1,3,2024-07-19
1561,15303,1,2,5,4,2024-07-19
1562,15591,5,2,4,2,2024-07-19
1563,15284,4,1,3,5,2024-07-19
1564,15700,1,2,2,3,2024-07-20
1565,16106,5,3,5,4,2024-07-20
1566,15740,4,3,5,1,2024-07-20
1567,15006,5,2,2,2,2024-07-20
1568,15881,1,1,1,4,2024-07-20
1569,15919,2,5,4,5,2024-07-21
1570,15523,3,3,4,3,2024-07-21
1571,15875,3,1,1,2,2024-07-21
1572,15597,5,2,1,2,2024-07-22
1573,16020,3,2,3,2,2024-07-22
1574,15386,3,3,5,3,2024-07-22
1575,15663,3,2,4,3,2024-07-23
1576,15805,2,2,1,1,2024-07-23
1577,15520,2,4,3,5,2024-07-24
1578,15557,3,5,3,2,2024-07-24
1579,15436,2,4,3,5,2024-07-25
1580,16172,2,4,2,1,2024-07-25
1581,15694,1,3,4,2,2024-07-25
1582,15966,3,4,5,1,2024-07-26
1583,15563,5,2,2,2,2024-07-26
1584,16168,1,1,2,5,2024-07-27
1585,15573,4,4,5,1,2024-07-28
1586,15359,4,1,1,5,2024-07-28
1587,16073,2,1,1,3,2024-07-28
1588,15327,5,1,2,1,2024-07-28
1589,15618,5,3,2,5,2024-07-28
1590,16015,5,1,3,5,2024-07-28
1591,15974,1,4,1,3,2024-07-28
1592,15754,5,3,1,1,2024-07-28
1593,16100,3,2,2,2,2024-07-29
1594,15534,1,4,3,3,2024-07-29
1595,15812,3,1,5,5,2024-07-29
1596,16323,1,4,2,2,2024-07-29
1597,16250,2,1,2,1,2024-07-29
1598,15658,1,5,4,1,2024-07-29
1599,16555,3,5,5,5,2024-07-30
1600,15835,1,3,4,4,2024-07-30
1601,16169,5,4,4,1,2024-07-30
1602,15973,1,4,4,1,2024-07-30
1603,15743,4,2,5,4,2024-07-30
1604,16285,5,2,4,5,2024-07-30
1605,15968,4,1,1,5,2024-07-30
1606,15757,2,2,2,4,2024-07-31
1607,16414,2,4,3,4,2024-08-01
1608,16232,5,2,5,4,2024-08-01
1609,16273,4,5,3,5,2024-08-03
1610,16132,1,3,1,3,2024-08-04
1611,16502,5,4,2,3,2024-08-04
1612,16343,1,5,4,1,2024-08-05
1613,15353,5,1,4,1,2024-08-06
1614,15865,1,2,1,5,2024-08-06
1615,15691,2,4,4,5,2024-08-06
1616,16574,5,1,2,5,2024-08-06
1617,15899,1,3,2,5,2024-08-07
1618,16214,1,1,4,5,2024-08-08
1619,15833,1,5,2,2,2024-08-08
1620,16084,3,4,3,2,2024-08-08
1621,16365,4,4,1,3,2024-08-09
1622,16372,2,3,2,5,2024-08-09
1623,16048,3,4,1,4,2024-08-09
1624,15741,3,2,3,4,2024-08-10
1625,15266,1,2,1,3,2024-08-10
1626,15898,5,2,5,5,2024-08-11
1627,16130,1,5,4,4,2024-08-11
1628,16298,2,2,5,3,2024-08-12
1629,16344,3,3,3,3,2024-08-12
1630,16762,4,4,5,2,2024-08-12
1631,16114,1,2,3,3,2024-08-12
1632,16464,5,1,3,2,2024-08-12
1633,15758,2,4,5,1,2024-08-12
1634,16150,1,1,4,2,2024-08-12
1635,16249,5,2,3,5,2024-08-13
1636,16542,4,1,4,3,2024-08-13
1637,16472,1,3,2,1,2024-08-14
1638,16311,5,2,5,1,2024-08-14
1639,15769,3,4,5,1,2024-08-14
1640,15800,5,2,2,1,2024-08-15
1641,16405,4,2,4,3,2024-08-15
1642,16154,4,2,3,5,2024-08-15
1643,16676,5,3,4,3,2024-08-16
1644,16126,3,3,3,2,2024-08-16
1645,16673,5,1,3,5,2024-08-16
1646,16163,4,2,5,3,2024-08-17
1647,16537,2,4,2,1,2024-08-17
1648,16600,5,3,2,5,2024-08-18
1649,16346,4,2,5,1,2024-08-18
1650,15879,4,4,5,1,2024-08-18
1651,16608,5,2,2,5,2024-08-19
1652,16339,3,4,1,4,2024-08-20
1653,15806,1,4,2,5,2024-08-21
1654,16873,3,4,3,3,2024-08-22
1655,16899,4,2,3,2,2024-08-22
1656,16862,1,4,1,1,2024-08-23
1657,16679,3,1,3,3,2024-08-24
1658,16437,2,1,2,5,2024-08-24
1659,16881,4,4,4,2,2024-08-25
1660,16044,2,1,1,5,2024-08-25
1661,16690,5,3,2,5,2024-08-25
1662,16544,4,5,1,2,2024-08-25
1663,16556,3,1,5,5,2024-08-26
1664,16770,2,2,3,3,2024-08-26
1665,16473,2,4,2,2,2024-08-27
1666,16884,5,1,5,5,2024-08-27
1667,16520,2,4,1,2,2024-08-28
1668,16267,3,2,3,3,2024-08-29
1669,16447,5,1,1,3,2024-08-29
1670,17190,3,2,5,2,2024-08-29
1671,16763,2,2,2,4,2024-08-30
1672,16774,1,3,4,3,2024-08-30
1673,17073,3,2,5,1,2024-08-31
1674,16312,4,1,2,3,2024-08-31
1675,16900,3,3,3,2,2024-09-01
1676,16572,5,3,4,4,2024-09-02
1677,16895,4,1,3,5,2024-09-02
1678,16672,2,2,1,4,2024-09-03
1679,16840,2,5,4,3,2024-09-03
1680,16637,2,3,5,1,2024-09-03
1681,16199,4,5,5,3,2024-09-03
1682,16706,2,5,5,4,2024-09-03
1683,17103,3,5,5,1,2024-09-03
1684,16837,5,2,5,2,2024-09-04
1685,16292,5,1,4,2,2024-09-04
1686,16914,4,3,2,3,2024-09-04
1687,16970,5,2,4,4,2024-09-05
1688,16646,2,5,1,4,2024-09-06
1689,16389,3,3,4,2,2024-09-06
1690,16989,1,2,4,2,2024-09-06
1691,17060,5,1,3,2,2024-09-07
1692,16531,2,5,5,4,2024-09-07
1693,16369,3,5,1,1,2024-09-08
1694,16499,3,1,2,3,2024-09-08
1695,16747,3,5,5,3,2024-09-08
1696,16317,5,3,4,5,2024-09-09
1697,17499,4,3,4,4,2024-09-09
1698,16190,2,1,5,2,2024-09-09
1699,16101,4,5,2,3,2024-09-10
1700,16885,5,5,3,3,2024-09-10
1701,17027,3,1,2,1,2024-09-10
1702,17184,5,5,1,1,2024-09-11
1703,17439,2,1,4,3,2024-09-11
1704,17086,5,3,2,2,2024-09-11
1705,16940,5,3,5,4,2024-09-11
1706,16799,3,4,2,3,2024-09-11
1707,16505,2,4,5,4,2024-09-11
1708,16589,4,2,1,2,2024-09-12
1709,17078,3,5,5,1,2024-09-12
1710,16565,4,4,1,3,2024-09-13
1711,17459,1,1,1,1,2024-09-15
1712,16596,2,2,5,2,2024-09-15
1713,17290,2,3,5,2,2024-09-16
1714,16846,3,4,4,1,2024-09-16
1715,17380,5,1,1,1,2024-09-16
1716,16705,5,1,1,2,2024-09-17
1717,16694,5,4,2,1,2024-09-17
1718,17121,3,5,2,4,2024-09-17
1719,17700,2,3,4,5,2024-09-17
1720,17390,3,4,3,1,2024-09-18
1721,17343,3,2,3,2,2024-09-18
1722,17093,2,3,2,1,2024-09-18
1723,16754,2,5,2,5,2024-09-18
1724,17192,3,4,1,5,2024-09-18
1725,16452,1,3,1,3,2024-09-19
1726,17193,2,1,3,5,2024-09-20
1727,17013,2,4,2,1,2024-09-20
1728,17339,2,5,3,2,2024-09-21
1729,17573,3,1,2,3,2024-09-22
1730,17334,3,4,3,2,2024-09-23
1731,17223,4,4,3,3,2024-09-23
1732,16963,3,1,1,3,2024-09-23
1733,17388,4,2,4,2,2024-09-24
1734,16868,5,2,2,3,2024-09-24
1735,17219,5,5,2,5,2024-09-25
1736,16780,5,3,3,5,2024-09-25
1737,17044,2,2,2,3,2024-09-25
1738,17300,2,4,1,2,2024-09-26
1739,17578,1,3,5,3,2024-09-28
1740,17600,5,1,4,4,2024-09-28
1741,16723,2,4,4,4,2024-09-28
1742,17063,3,2,3,1,2024-09-28
1743,17706,1,1,3,4,2024-09-29
1744,17785,2,2,5,5,2024-10-01
1745,17084,3,5,5,5,2024-10-01
1746,17071,5,5,1,4,2024-10-02
1747,17615,3,1,1,2,2024-10-02
1748,16905,2,4,5,4,2024-10-02
1749,17259,3,2,1,4,2024-10-03
1750,17079,1,1,1,2,2024-10-03
1751,17531,2,5,1,4,2024-10-03
1752,18073,1,4,4,4,2024-10-03
1753,17122,3,1,3,3,2024-10-04
1754,17508,3,5,2,1,2024-10-04
1755,17729,2,1,2,5,2024-10-04
1756,17233,1,5,2,5,2024-10-04
1757,16686,2,1,1,4,2024-10-05
1758,16981,1,2,2,3,2024-10-06
1759,17230,2,3,3,4,2024-10-06
1760,17599,1,5,5,1,2024-10-06
1761,17513,2,1,5,4,2024-10-07
1762,17645,2,2,5,2,2024-10-07
1763,17876,2,5,1,3,2024-10-07
1764,17986,5,1,1,4,2024-10-07
1765,17632,1,2,2,3,2024-10-08
1766,17032,1,4,3,5,2024-10-08
1767,17833,4,4,4,4,2024-10-08
1768,17864,5,2,1,4,2024-10-09
1769,17598,5,4,4,3,2024-10-09
1770,17836,1,4,4,4,2024-10-10
1771,17942,5,1,2,4,2024-10-10
1772,17328,3,3,1,3,2024-10-10
1773,17889,4,1,4,3,2024-10-11
1774,18022,2,4,4,5,2024-10-12
1775,17569,1,3,3,1,2024-10-12
1776,17952,2,5,2,2,2024-10-13
1777,17687,3,5,5,1,2024-10-13
1778,17571,1,5,1,1,2024-10-14
1779,17516,1,4,1,1,2024-10-14
1780,18006,3,4,2,2,2024-10-14
1781,17616,4,3,4,5,2024-10-14
1782,17677,3,5,2,3,2024-10-15
1783,17649,2,2,2,1,2024-10-15
1784,17371,4,1,4,5,2024-10-15
1785,17591,4,3,2,1,2024-10-16
1786,17576,2,1,4,5,2024-10-16
1787,17740,1,3,4,2,2024-10-17
1788,17621,5,5,2,1,2024-10-17
1789,17707,5,5,4,5,2024-10-17
1790,17755,4,4,3,4,2024-10-17
1791,17660,4,2,5,4,2024-10-18
1792,17206,1,1,2,2,2024-10-18
1793,18331,1,4,5,5,2024-10-18
1794,17490,2,2,5,2,2024-10-19
1795,17999,4,4,2,2,2024-10-19
1796,17582,3,4,3,2,2024-10-19
1797,16625,2,1,5,1,2024-10-19
1798,18382,4,2,3,3,2024-10-20
1799,17805,3,1,5,2,2024-10-21
1800,17664,5,5,3,4,2024-10-21
1801,17795,3,5,3,3,2024-10-21
1802,18048,5,3,2,1,2024-10-21
1803,18358,5,4,5,5,2024-10-22
1804,17652,1,2,1,2,2024-10-22
1805,17943,5,5,1,2,2024-10-22
1806,17267,2,4,2,3,2024-10-22
1807,17623,5,3,1,3,2024-10-23
1808,18206,1,3,1,1,2024-10-23
1809,17800,5,5,2,5,2024-10-24
1810,17793,1,2,1,1,2024-10-24
1811,17997,3,3,3,2,2024-10-25
1812,17717,2,4,4,1,2024-10-25
1813,17524,3,2,4,4,2024-10-25
1814,18212,1,3,4,3,2024-10-26
1815,18374,1,5,4,5,2024-10-28
1816,18142,5,3,5,1,2024-10-28
1817,17495,4,3,3,2,2024-10-29
1818,17830,3,3,5,3,2024-10-30
1819,18330,5,1,3,4,2024-10-31
1820,18106,4,1,5,1,2024-10-31
1821,18418,3,4,4,2,2024-10-31
1822,18152,3,2,3,2,2024-11-01
1823,17611,1,1,4,1,2024-11-01
1824,18570,3,3,2,5,2024-11-01
1825,18230,2,5,1,2,2024-11-02
1826,18639,1,1,5,5,2024-11-04
1827,18229,1,5,2,3,2024-11-04
1828,18063,2,4,3,1,2024-11-05
1829,18422,5,3,5,1,2024-11-05
1830,18238,5,2,2,4,2024-11-05
1831,17794,2,1,5,4,2024-11-06
1832,18059,5,5,5,5,2024-11-06
1833,18357,5,4,4,2,2024-11-06
1834,17995,4,4,1,2,2024-11-06
1835,18569,5,4,1,3,2024-11-07
1836,18267,5,4,4,1,2024-11-07
1837,18672,2,2,4,1,2024-11-08
1838,18254,3,4,2,1,2024-11-08
1839,18162,1,5,3,1,2024-11-09
1840,18522,1,1,2,4,2024-11-09
1841,18679,2,1,5,5,2024-11-10
1842,18363,3,2,3,5,2024-11-10
1843,18781,2,4,4,4,2024-11-11
1844,18179,3,4,2,5,2024-11-11
1845,18671,4,5,3,2,2024-11-11
1846,18655,4,3,5,5,2024-11-12
1847,18747,2,2,1,2,2024-11-12
1848,18334,5,4,5,3,2024-11-12
1849,17901,3,1,5,4,2024-11-13
1850,18364,4,5,3,3,2024-11-13
1851,18727,1,5,2,2,2024-11-13
1852,18333,5,1,4,1,2024-11-13
1853,18513,5,1,4,1,2024-11-14
1854,18428,4,5,4,4,2024-11-14
1855,17910,5,1,3,2,2024-11-14
1856,18448,4,4,5,1,2024-11-15
1857,18529,3,1,5,5,2024-11-15
1858,18366,4,4,2,5,2024-11-15
1859,18870,4,5,1,4,2024-11-15
1860,18693,3,5,5,1,2024-11-16
1861,18919,1,5,4,2,2024-11-16
1862,18167,3,1,5,3,2024-11-16
1863,18222,4,2,4,4,2024-11-17
1864,18705,4,3,5,5,2024-11-17
1865,18499,5,1,1,3,2024-11-18
1866,18297,3,2,5,2,2024-11-18
1867,19160,3,1,1,4,2024-11-18
1868,18902,4,1,3,1,2024-11-18
1869,18611,4,3,2,2,2024-11-19
1870,18536,3,4,4,1,2024-11-19
1871,18914,1,4,4,5,2024-11-20
1872,18778,5,3,2,4,2024-11-20
1873,19001,1,2,5,4,2024-11-20
1874,18451,1,5,1,1,2024-11-20
1875,18746,1,5,3,3,2024-11-21
1876,18753,4,1,2,1,2024-11-21
1877,18780,3,4,3,2,2024-11-21
1878,18818,3,5,4,5,2024-11-21
1879,18734,3,2,2,3,2024-11-21
1880,18387,2,2,4,2,2024-11-22
1881,18739,2,5,2,5,2024-11-22
1882,18819,1,4,4,5,2024-11-22
1883,18253,4,4,1,5,2024-11-24
1884,18935,1,3,5,3,2024-11-24
1885,19037,2,2,1,3,2024-11-25
1886,17988,5,3,5,3,2024-11-25
1887,18680,5,2,3,2,2024-11-25
1888,18723,1,1,5,4,2024-11-26
1889,18466,3,1,1,4,2024-11-26
1890,18846,2,5,3,2,2024-11-26
1891,18708,1,1,3,2,2024-11-26
1892,18948,3,3,1,5,2024-11-27
1893,18479,5,2,2,1,2024-11-27
1894,19289,4,3,1,4,2024-11-28
1895,18768,2,1,1,3,2024-11-28
1896,18815,5,1,4,3,2024-11-30
1897,18525,4,2,5,3,2024-12-01
1898,19051,2,2,4,3,2024-12-01
1899,19324,2,3,1,5,2024-12-01
1900,18498,5,3,1,3,2024-12-01
1901,18966,1,5,1,1,2024-12-02
1902,19041,1,3,1,1,2024-12-02
1903,19405,5,3,1,4,2024-12-04
1904,18658,4,3,3,3,2024-12-04
1905,18829,4,5,1,2,2024-12-06
1906,18927,4,3,1,5,2024-12-06
1907,18516,1,4,3,2,2024-12-07
1908,19251,3,4,1,1,2024-12-07
1909,18796,2,2,4,3,2024-12-08
1910,18533,5,5,1,4,2024-12-08
1911,19018,3,1,3,2,2024-12-08
1912,19350,2,3,1,5,2024-12-09
1913,19375,3,5,3,5,2024-12-09
1914,18963,4,1,3,2,2024-12-09
1915,19055,5,3,1,4,2024-12-11
1916,18981,2,2,1,1,2024-12-11
1917,18793,3,1,5,1,2024-12-12
1918,19332,3,2,2,2,2024-12-12
1919,19347,5,5,4,2,2024-12-12
1920,19092,4,3,1,1,2024-12-14
1921,18826,3,1,4,3,2024-12-15
1922,19468,1,3,4,3,2024-12-15
1923,18985,4,3,5,3,2024-12-15
1924,19325,3,4,1,5,2024-12-15
1925,19452,3,1,5,2,2024-12-16
1926,18581,4,1,2,2,2024-12-16
1927,18980,3,3,2,3,2024-12-16
1928,19470,1,4,5,3,2024-12-16
1929,19025,1,4,2,1,2024-12-16
1930,18813,3,5,3,4,2024-12-17
1931,19487,2,5,4,2,2024-12-17
1932,18937,4,5,5,3,2024-12-17
1933,19620,3,5,5,3,2024-12-17
1934,19136,1,5,3,3,2024-12-17
1935,19550,5,4,1,4,2024-12-18
1936,19249,5,3,5,3,2024-12-18
1937,19273,4,4,1,5,2024-12-19
1938,18713,1,1,3,3,2024-12-19
1939,19439,1,4,2,3,2024-12-20
1940,19551,3,4,5,5,2024-12-20
1941,19187,5,4,4,1,2024-12-21
1942,19762,5,1,5,3,2024-12-21
1943,19088,5,1,5,4,2024-12-22
1944,18880,1,1,2,4,2024-12-22
1945,19541,3,4,4,3,2024-12-22
1946,19170,5,5,5,3,2024-12-22
1947,19376,1,4,3,4,2024-12-23
1948,19372,4,5,1,3,2024-12-23
1949,19431,3,1,1,4,2024-12-23
1950,19569,1,2,4,1,2024-12-24
1951,19356,1,2,1,3,2024-12-25
1952,18944,1,5,3,5,2024-12-26
1953,19827,1,5,1,2,2024-12-26
1954,19331,3,3,2,3,2024-12-26
1955,19196,1,4,4,1,2024-12-27
1956,19232,5,5,1,1,2024-12-27
1957,19453,2,2,4,5,2024-12-29
1958,19271,3,4,4,2,2024-12-29
1959,19731,2,1,5,2,2024-12-29
1960,19600,4,4,2,3,2024-12-29
1961,19443,3,4,3,1,2024-12-29
1962,19125,2,5,2,3,2024-12-30
1963,18685,3,1,3,2,2024-12-30
1964,18816,1,3,3,3,2024-12-30
1965,18354,1,2,3,5,2024-12-30
1966,19464,4,2,1,1,2024-12-30
1967,19786,3,2,1,3,2024-12-31
1968,19102,5,3,1,4,2025-01-01
1969,19585,4,4,4,1,2025-01-01
1970,19952,4,5,1,4,2025-01-01
1971,19953,2,3,3,1,2025-01-02
1972,19472,5,4,2,5,2025-01-02
1973,19270,3,1,3,3,2025-01-02
1974,19945,1,4,5,3,2025-01-02
1975,19787,2,4,5,1,2025-01-03
1976,19445,1,5,5,5,2025-01-03
1977,19426,5,4,4,2,2025-01-03
1978,19761,4,1,1,5,2025-01-04
1979,19643,4,5,2,4,2025-01-05
1980,19172,2,3,2,5,2025-01-05
1981,19885,4,2,4,4,2025-01-05
1982,19811,4,2,2,2,2025-01-06
1983,19543,5,3,1,1,2025-01-06
1984,19950,4,5,4,3,2025-01-06
1985,19813,1,3,3,5,2025-01-07
1986,19427,1,4,1,4,2025-01-07
1987,19719,2,1,4,5,2025-01-09
1988,20196,1,4,1,3,2025-01-09
1989,19717,5,1,3,3,2025-01-09
1990,19858,4,3,2,1,2025-01-10
1991,19676,3,3,3,3,2025-01-10
1992,19573,3,2,5,1,2025-01-11
1993,20175,5,2,5,1,2025-01-11
1994,20026,4,2,1,4,2025-01-12
1995,20252,2,4,3,1,2025-01-12
1996,19900,3,4,3,1,2025-01-12
1997,20215,2,4,1,2,2025-01-12
1998,19517,1,5,4,1,2025-01-12
1999,20110,1,1,2,4,2025-01-13
2000,19809,3,5,1,3,2025-01-13
2001,20094,3,3,4,5,2025-01-14
2002,20184,4,2,1,2,2025-01-14
2003,20143,4,3,3,1,2025-01-14
2004,19637,3,2,1,1,2025-01-15
2005,20224,5,2,3,5,2025-01-15
2006,20454,3,2,5,4,2025-01-16
2007,20377,2,1,1,2,2025-01-16
2008,20229,5,3,3,1,2025-01-17
2009,20404,3,1,2,3,2025-01-17
2010,19842,3,5,5,4,2025-01-17
2011,19504,3,2,1,2,2025-01-18
2012,19524,3,1,1,1,2025-01-18
2013,19785,5,1,3,5,2025-01-19
2014,19725,2,4,1,3,2025-01-19
2015,19983,2,3,4,1,2025-01-20
2016,20479,4,5,3,4,2025-01-21
2017,20204,4,4,3,3,2025-01-23
2018,20460,4,4,3,4,2025-01-23
2019,20588,2,1,1,1,2025-01-23
2020,19607,1,4,3,4,2025-01-24
2021,20669,2,4,4,2,2025-01-24
2022,19121,1,4,4,2,2025-01-24
2023,20092,3,5,4,2,2025-01-24
2024,20100,1,4,3,1,2025-01-26
2025,20021,5,4,1,4,2025-01-26
2026,20212,4,1,5,3,2025-01-26
2027,20680,4,3,4,4,2025-01-26
2028,20218,4,3,4,2,2025-01-26
2029,20429,3,4,2,4,2025-01-26
2030,19782,4,5,3,4,2025-01-27
2031,19507,4,4,5,4,2025-01-27
2032,19814,5,1,4,5,2025-01-27
2033,20247,4,1,3,5,2025-01-27
2034,20185,1,3,4,4,2025-01-28
2035,20147,4,3,1,1,2025-01-28
2036,19938,2,5,3,3,2025-01-28
2037,19727,3,1,4,1,2025-01-29
2038,19965,3,4,2,4,2025-01-29
2039,20534,1,4,4,4,2025-01-29
2040,19738,3,2,5,3,2025-01-30
2041,20426,3,4,1,4,2025-01-30
2042,19940,2,4,5,3,2025-01-31
2043,20127,2,3,5,5,2025-01-31
2044,20576,3,4,2,5,2025-02-01
2045,20769,1,5,5,3,2025-02-01
2046,20122,2,3,5,2,2025-02-02
2047,20258,2,3,4,4,2025-02-03
2048,20124,3,4,3,2,2025-02-04
2049,19831,1,1,3,5,2025-02-04
2050,20765,4,1,2,2,2025-02-05
2051,20492,5,1,3,3,2025-02-06
2052,20155,1,2,5,3,2025-02-06
2053,20598,3,5,4,2,2025-02-06
2054,20706,1,1,1,1,2025-02-06
2055,20655,1,3,4,2,2025-02-07
2056,20535,5,1,2,5,2025-02-07
2057,19932,3,4,3,2,2025-02-07
2058,19848,2,1,5,4,2025-02-07
2059,20662,3,1,2,1,2025-02-08
2060,20020,3,4,4,2,2025-02-08
2061,20681,1,2,5,5,2025-02-09
2062,20512,4,5,4,4,2025-02-09
2063,20256,3,5,4,3,2025-02-09
2064,20315,3,3,3,5,2025-02-09
2065,20350,1,1,1,3,2025-02-09
2066,20799,3,3,3,5,2025-02-10
2067,20025,2,4,4,4,2025-02-10
2068,21059,1,5,1,1,2025-02-10
2069,20019,3,2,1,4,2025-02-10
2070,20578,4,2,1,3,2025-02-10
2071,21103,2,2,1,4,2025-02-10
2072,20893,3,5,4,1,2025-02-10
2073,20973,4,2,2,3,2025-02-11
2074,20378,5,1,3,2,2025-02-11
2075,20009,5,1,5,3,2025-02-11
2076,20342,4,3,5,4,2025-02-11
2077,20409,1,3,3,4,2025-02-13
2078,20232,5,4,3,2,2025-02-13
2079,21167,3,3,4,3,2025-02-13
2080,20090,1,5,3,3,2025-02-13
2081,20563,4,1,1,5,2025-02-14
2082,21079,2,4,5,2,2025-02-14
2083,20581,3,3,2,3,2025-02-15
2084,20329,5,4,3,2,2025-02-15
2085,20657,4,3,3,2,2025-02-15
2086,20654,4,4,5,1,2025-02-17
2087,19882,3,4,4,4,2025-02-17
2088,19926,1,5,2,2,2025-02-17
2089,20586,4,4,2,1,2025-02-18
2090,20954,3,5,2,3,2025-02-18
2091,20851,1,4,1,3,2025-02-20
2092,20971,1,2,2,4,2025-02-20
2093,21089,3,4,5,2,2025-02-21
2094,19974,1,5,2,3,2025-02-23
2095,21119,4,1,1,2,2025-02-23
2096,20725,4,3,2,1,2025-02-25
2097,21045,4,2,3,4,2025-02-25
2098,19922,4,2,5,4,2025-02-26
2099,20987,4,1,1,4,2025-02-27
2100,20902,3,4,3,4,2025-02-27
2101,21400,1,5,2,1,2025-02-27
2102,21436,3,3,1,1,2025-03-01
2103,20712,5,4,2,3,2025-03-02
2104,21163,3,5,5,5,2025-03-02
2105,21174,3,5,4,2,2025-03-02
2106,20396,1,4,5,4,2025-03-02
2107,21278,2,2,1,1,2025-03-02
2108,20899,5,5,1,2,2025-03-02
2109,21024,1,1,5,3,2025-03-03
2110,20850,5,4,5,5,2025-03-03
2111,21242,2,1,1,5,2025-03-03
2112,21398,1,4,1,2,2025-03-04
2113,20553,5,1,5,5,2025-03-05
2114,21187,2,5,3,3,2025-03-05
2115,21026,2,5,1,3,2025-03-06
2116,20891,2,3,3,3,2025-03-06
2117,21391,5,3,3,5,2025-03-08
2118,21229,2,2,1,4,2025-03-09
2119,21411,3,3,3,5,2025-03-09
2120,20711,4,3,2,5,2025-03-09
2121,21212,2,1,4,5,2025-03-10
2122,21296,3,1,4,2,2025-03-10
2123,21566,5,5,3,3,2025-03-11
2124,20975,3,1,2,3,2025-03-12
2125,21176,4,1,3,4,2025-03-12
2126,21023,2,2,5,2,2025-03-12
2127,21547,2,5,1,2,2025-03-12
2128,21451,2,1,1,3,2025-03-13
2129,21710,2,4,3,2,2025-03-13
2130,21349,1,5,4,2,2025-03-13
2131,20846,4,2,1,2,2025-03-13
2132,21441,4,2,1,5,2025-03-14
2133,21351,2,1,5,3,2025-03-14
2134,21286,4,2,4,5,2025-03-14
2135,21539,2,4,4,2,2025-03-15
2136,20985,4,2,3,4,2025-03-15
2137,21519,5,5,3,5,2025-03-15
2138,21151,4,3,4,4,2025-03-15
2139,20884,2,3,5,3,2025-03-16
2140,21294,1,4,3,3,2025-03-17
2141,21551,1,1,5,1,2025-03-17
2142,21125,4,3,4,3,2025-03-18
2143,21168,4,4,4,5,2025-03-18
2144,21641,5,1,1,3,2025-03-19
2145,20937,2,5,2,2,2025-03-20
2146,21955,1,3,5,2,2025-03-21
2147,21509,4,1,1,3,2025-03-21
2148,20925,3,4,2,1,2025-03-22
2149,21193,3,5,2,2,2025-03-24
2150,21714,1,1,3,5,2025-03-24
2151,21848,2,3,3,2,2025-03-24
2152,22034,3,1,2,1,2025-03-25
2153,20988,3,3,2,5,2025-03-26
2154,21473,4,2,2,2,2025-03-26
2155,21345,2,4,2,2,2025-03-27
2156,21593,4,3,4,4,2025-03-27
2157,21145,2,3,3,3,2025-03-27
2158,21257,4,2,5,2,2025-03-28
2159,21364,3,4,5,5,2025-03-28
2160,21097,1,3,4,3,2025-03-28
2161,21709,2,3,2,1,2025-03-29
2162,22262,1,1,1,1,2025-03-29
2163,21421,5,5,2,4,2025-03-29
2164,21687,4,1,5,2,2025-03-29
2165,21790,4,4,1,4,2025-03-30
2166,21434,1,1,1,1,2025-03-30
2167,22008,1,4,4,1,2025-03-30
2168,21363,2,5,4,1,2025-03-31
2169,21177,2,3,3,5,2025-04-01
2170,22220,4,3,1,3,2025-04-01
2171,21715,1,4,2,4,2025-04-02
2172,21169,2,4,4,3,2025-04-02
2173,22033,3,5,1,4,2025-04-02
2174,21853,3,3,4,5,2025-04-02
2175,22095,4,5,3,3,2025-04-04
2176,21957,2,4,4,4,2025-04-05
2177,21719,3,3,3,1,2025-04-05
2178,21976,3,4,3,3,2025-04-05
2179,21826,4,2,2,4,2025-04-05
2180,21953,3,3,1,3,2025-04-05
2181,22263,5,4,5,5,2025-04-05
2182,21698,3,1,1,2,2025-04-06
2183,22207,2,4,1,5,2025-04-06
2184,22223,1,1,5,1,2025-04-06
2185,21155,5,1,4,2,2025-04-06
2186,21361,4,1,5,3,2025-04-07
2187,21902,2,3,4,1,2025-04-07
2188,21628,5,4,3,1,2025-04-07
2189,22287,3,4,2,5,2025-04-07
2190,21329,5,4,1,5,2025-04-08
2191,21850,3,3,2,2,2025-04-08
2192,22375,3,2,2,4,2025-04-10
2193,22077,3,1,1,4,2025-04-10
2194,21237,2,3,2,3,2025-04-10
2195,22004,4,3,2,2,2025-04-10
2196,21929,4,1,5,4,2025-04-11
2197,22023,1,5,2,4,2025-04-11
2198,21563,4,4,3,1,2025-04-12
2199,22150,5,3,2,5,2025-04-12
2200,21855,1,1,4,4,2025-04-13
2201,21946,2,5,1,1,2025-04-13
2202,22401,3,5,5,3,2025-04-13
2203,21900,2,2,5,3,2025-04-13
2204,21864,3,4,4,4,2025-04-13
2205,21759,4,4,1,2,2025-04-14
2206,22468,5,1,2,4,2025-04-14
2207,21712,4,5,1,5,2025-04-14
2208,22024,5,2,5,5,2025-04-15
2209,22082,1,1,2,2,2025-04-17
2210,22249,1,2,2,1,2025-04-17
2211,22455,3,2,2,1,2025-04-17
2212,22116,3,1,3,4,2025-04-17
2213,22256,1,4,5,1,2025-04-17
2214,22172,2,1,2,3,2025-04-18
2215,22081,2,2,3,2,2025-04-19
2216,22366,5,2,1,4,2025-04-20
2217,22666,5,2,5,4,2025-04-20
2218,22801,3,3,3,4,2025-04-23
2219,22631,5,2,2,3,2025-04-23
2220,22513,5,2,5,3,2025-04-25
2221,22062,5,2,2,4,2025-04-26
2222,22386,4,4,3,5,2025-04-26
2223,21986,5,2,3,3,2025-04-27
2224,22192,2,3,1,1,2025-04-28
2225,22088,1,5,3,2,2025-04-28
2226,22429,1,2,5,1,2025-04-29
2227,22761,3,4,1,1,2025-04-29
2228,22558,1,5,4,1,2025-04-29
2229,22191,5,4,4,1,2025-04-29
2230,22697,5,3,5,2,2025-04-30
2231,22410,2,2,4,2,2025-05-01
2232,22229,5,5,1,1,2025-05-01
2233,22195,3,4,4,5,2025-05-01
2234,22283,2,2,4,3,2025-05-01
2235,22651,5,1,3,2,2025-05-03
2236,22335,1,4,1,2,2025-05-03
2237,22992,4,1,2,3,2025-05-03
2238,22717,1,1,5,3,2025-05-04
2239,22443,5,3,1,3,2025-05-04
2240,22255,1,1,2,2,2025-05-04
2241,22188,5,5,4,2,2025-05-05
2242,22017,4,5,2,4,2025-05-06
2243,22137,5,3,5,5,2025-05-06
2244,22311,4,5,1,5,2025-05-07
2245,22575,2,3,3,2,2025-05-07
2246,22618,1,4,4,5,2025-05-08
2247,22597,2,2,1,5,2025-05-09
2248,22041,4,5,3,1,2025-05-09
2249,23079,2,2,4,3,2025-05-09
2250,22177,4,3,4,2,2025-05-10
2251,22572,2,1,3,4,2025-05-11
2252,22983,1,1,1,4,2025-05-12
2253,22990,2,4,5,1,2025-05-13
2254,22213,3,5,3,2,2025-05-13
2255,22240,3,5,4,2,2025-05-13
2256,22878,5,5,3,2,2025-05-13
2257,22378,2,5,2,3,2025-05-14
2258,22644,3,4,3,4,2025-05-14
2259,22935,4,3,5,1,2025-05-14
2260,22091,5,5,5,5,2025-05-14
2261,22226,4,3,1,4,2025-05-15
2262,22612,1,3,4,5,2025-05-15
2263,22760,2,2,4,2,2025-05-15
2264,22803,2,1,4,1,2025-05-15
2265,22693,4,1,4,1,2025-05-15
2266,22996,2,2,4,4,2025-05-15
2267,22984,4,4,2,2,2025-05-16
2268,22965,1,4,2,2,2025-05-16
2269,22777,1,4,4,2,2025-05-17
2270,23354,1,3,1,4,2025-05-17
2271,22784,2,2,5,2,2025-05-17
2272,22380,1,2,3,5,2025-05-17
2273,23146,1,2,3,4,2025-05-17
2274,22706,1,4,3,4,2025-05-17
2275,22242,2,5,3,2,2025-05-18
2276,22382,2,4,3,1,2025-05-18
2277,22739,5,5,2,1,2025-05-19
2278,22477,3,4,1,1,2025-05-19
2279,23057,2,4,3,3,2025-05-19
2280,22722,2,1,4,1,2025-05-19
2281,22441,1,4,2,1,2025-05-20
2282,22811,4,5,5,1,2025-05-20
2283,22897,4,1,1,4,2025-05-20
2284,22916,4,1,4,1,2025-05-20
2285,22971,5,2,1,5,2025-05-21
2286,22896,3,3,4,2,2025-05-22
2287,22072,4,4,5,5,2025-05-22
2288,22871,4,1,4,5,2025-05-22
2289,22687,3,2,4,2,2025-05-23
2290,23118,4,4,5,4,2025-05-23
2291,22853,5,2,5,4,2025-05-24
2292,23019,1,4,4,3,2025-05-24
2293,22991,2,4,3,4,2025-05-25
2294,23276,2,1,2,3,2025-05-25
2295,22736,5,4,1,5,2025-05-25
2296,23227,1,4,2,4,2025-05-25
2297,23235,4,5,2,3,2025-05-25
2298,23408,1,2,1,4,2025-05-26
2299,23483,1,4,3,4,2025-05-26
2300,23297,1,3,3,1,2025-05-26
2301,22490,4,3,2,2,2025-05-26
2302,23177,5,2,4,5,2025-05-27
2303,22019,5,4,1,1,2025-05-27
2304,22290,5,4,5,5,2025-05-28
2305,23035,1,1,5,1,2025-05-29
2306,23449,2,4,4,3,2025-05-29
2307,23031,1,3,1,2,2025-05-29
2308,22557,2,5,1,2,2025-05-29
2309,23013,2,3,3,3,2025-05-30
2310,23145,2,3,2,5,2025-05-31
2311,23051,5,1,4,2,2025-06-01
2312,23388,4,3,5,4,2025-06-02
2313,22933,1,1,2,4,2025-06-02
2314,22692,1,1,2,5,2025-06-02
2315,23068,4,2,3,3,2025-06-02
2316,22447,2,1,1,1,2025-06-03
2317,22830,5,4,1,5,2025-06-03
2318,23591,3,5,5,2,2025-06-04
2319,23302,4,4,3,2,2025-06-05
2320,22757,5,2,4,2,2025-06-05
2321,23471,5,3,1,5,2025-06-06
2322,23641,4,2,4,2,2025-06-07
2323,23266,3,3,5,5,2025-06-07
2324,23084,5,4,5,5,2025-06-07
2325,23704,2,5,2,3,2025-06-07
2326,23387,3,2,2,5,2025-06-08
2327,23303,5,3,2,2,2025-06-08
2328,23711,2,3,4,3,2025-06-08
2329,23376,5,3,1,2,2025-06-10
2330,23417,3,5,5,2,2025-06-10
2331,23054,3,4,1,5,2025-06-10
2332,23328,2,4,5,3,2025-06-11
2333,22288,3,1,1,2,2025-06-11
2334,23304,3,3,2,1,2025-06-11
2335,23198,5,5,1,1,2025-06-12
2336,23043,4,1,4,3,2025-06-12
2337,23830,3,2,4,3,2025-06-13
2338,23434,2,2,1,1,2025-06-13
2339,23416,3,1,5,5,2025-06-13
2340,23753,3,4,4,1,2025-06-14
2341,24024,3,1,5,4,2025-06-14
2342,23076,2,1,5,2,2025-06-14
2343,23455,5,4,4,5,2025-06-16
2344,23935,5,3,1,2,2025-06-16
2345,23087,1,5,1,1,2025-06-16
2346,23537,3,3,4,1,2025-06-17
2347,23468,5,2,3,5,2025-06-17
2348,23265,4,1,4,1,2025-06-18
2349,23724,1,5,4,1,2025-06-18
2350,23828,5,4,4,1,2025-06-20
2351,23652,3,1,1,4,2025-06-20
2352,24149,4,5,1,2,2025-06-21
2353,23405,4,5,3,4,2025-06-21
2354,23781,3,1,2,2,2025-06-21
2355,23601,5,2,3,4,2025-06-21
2356,23230,1,2,1,2,2025-06-22
2357,23503,5,4,5,3,2025-06-22
2358,23658,1,4,5,1,2025-06-22
2359,23452,4,4,4,3,2025-06-22
2360,23911,3,5,3,3,2025-06-22
2361,24039,3,4,1,3,2025-06-22
2362,23973,1,1,2,2,2025-06-23
2363,23929,4,5,1,5,2025-06-24
2364,23616,5,5,1,3,2025-06-24
2365,23435,1,4,3,1,2025-06-25
2366,24005,3,1,2,3,2025-06-25
2367,23777,1,5,3,3,2025-06-26
2368,23504,5,5,3,4,2025-06-26
2369,23498,1,5,3,1,2025-06-27
2370,23692,2,1,4,3,2025-06-27
2371,23660,5,5,5,4,2025-06-28
2372,24139,1,2,1,5,2025-06-28
2373,23560,1,3,3,3,2025-06-28
2374,24451,4,2,1,1,2025-06-29
2375,23664,3,4,4,4,2025-06-30
2376,23923,1,3,4,5,2025-06-30
2377,23570,5,3,4,1,2025-07-01
2378,24452,5,4,3,4,2025-07-01
2379,23441,1,3,2,2,2025-07-02
2380,24362,2,5,3,1,2025-07-03
2381,23858,3,5,2,5,2025-07-04
2382,23675,5,1,2,2,2025-07-04
2383,24579,4,3,5,1,2025-07-05
2384,24048,5,1,2,4,2025-07-05
2385,24030,5,5,4,5,2025-07-05
2386,24381,4,1,2,1,2025-07-06
2387,24117,5,3,5,4,2025-07-06
2388,24164,4,1,2,2,2025-07-07
2389,23624,4,5,2,3,2025-07-07
2390,24162,5,5,5,1,2025-07-07
2391,24057,5,5,2,2,2025-07-07
2392,23702,3,5,1,3,2025-07-08
2393,23827,2,3,3,1,2025-07-08
2394,24420,1,3,3,1,2025-07-08
2395,24010,1,2,5,5,2025-07-08
2396,23838,3,3,3,1,2025-07-08
2397,23955,4,3,1,2,2025-07-09
2398,24115,4,5,5,1,2025-07-09
2399,24380,4,5,4,4,2025-07-09
2400,24130,1,3,5,1,2025-07-10
2401,24195,3,5,3,4,2025-07-10
2402,24337,3,2,2,3,2025-07-11
2403,24287,2,2,3,5,2025-07-11
2404,24474,2,5,1,3,2025-07-11
2405,23526,4,4,1,4,2025-07-11
2406,23742,1,5,1,5,2025-07-14
2407,23495,2,5,1,1,2025-07-14
2408,24112,1,5,3,3,2025-07-15
2409,23443,5,5,4,2,2025-07-15
2410,23760,1,1,5,4,2025-07-16
2411,24301,2,5,4,1,2025-07-16
2412,24054,4,2,1,3,2025-07-16
2413,24124,2,5,3,4,2025-07-16
2414,24221,2,5,4,4,2025-07-16
2415,24640,2,2,5,3,2025-07-17
2416,23766,5,2,1,1,2025-07-17
2417,24077,2,2,3,2,2025-07-18
2418,24702,2,1,4,1,2025-07-18
2419,23998,4,2,2,4,2025-07-19
2420,24228,1,2,4,5,2025-07-19
2421,24495,1,3,5,3,2025-07-19
2422,23821,2,1,2,3,2025-07-20
2423,24153,4,3,2,3,2025-07-20
2424,24565,2,4,2,3,2025-07-20
2425,23814,5,4,5,4,2025-07-20
2426,24172,2,3,5,5,2025-07-20
2427,24639,4,5,2,2,2025-07-20
2428,24220,5,5,3,3,2025-07-21
2429,24758,2,1,4,1,2025-07-21
2430,24051,2,5,5,5,2025-07-21
2431,23783,2,2,5,5,2025-07-21
2432,23963,3,2,4,2,2025-07-22
2433,24569,4,3,4,3,2025-07-23
2434,24670,1,4,3,5,2025-07-23
2435,24728,1,3,5,3,2025-07-23
2436,24441,5,2,5,5,2025-07-24
2437,24731,5,1,1,3,2025-07-25
2438,24126,4,3,2,3,2025-07-26
2439,24684,2,4,1,3,2025-07-26
2440,24482,3,5,4,3,2025-07-27
2441,24102,5,4,5,1,2025-07-28
2442,24436,3,5,1,4,2025-07-29
2443,23739,2,5,1,3,2025-07-29
2444,24183,2,2,4,4,2025-07-29
2445,24604,5,1,1,4,2025-07-29
2446,24309,5,4,3,2,2025-07-30
2447,24324,2,4,5,5,2025-07-30
2448,24835,1,2,5,1,2025-07-31
2449,24589,2,2,1,2,2025-07-31
2450,23995,4,3,1,2,2025-08-02
2451,24266,1,4,3,2,2025-08-02
2452,24188,4,4,2,5,2025-08-02
2453,24105,5,3,3,3,2025-08-03
2454,24643,4,3,2,1,2025-08-03
2455,24647,1,4,5,3,2025-08-03
2456,24455,2,3,1,3,2025-08-04
2457,24685,3,3,5,3,2025-08-04
2458,24843,1,3,5,2,2025-08-05
2459,24262,4,4,3,4,2025-08-05
2460,23808,3,5,4,1,2025-08-06
2461,24678,3,1,3,2,2025-08-06
2462,24261,4,1,1,3,2025-08-07
2463,24584,2,4,3,1,2025-08-08
2464,24991,2,2,2,2,2025-08-08
2465,24840,5,5,1,1,2025-08-08
2466,23979,3,4,3,4,2025-08-09
2467,24708,2,2,5,2,2025-08-09
2468,24241,5,1,5,4,2025-08-10
2469,24517,5,4,1,5,2025-08-11
2470,24967,3,1,4,1,2025-08-12
2471,24992,5,1,1,1,2025-08-12
2472,24477,1,4,1,1,2025-08-12
2473,24787,5,4,2,3,2025-08-12
2474,23936,5,4,1,1,2025-08-12
2475,24979,5,3,5,2,2025-08-12
2476,24485,4,5,4,2,2025-08-13
2477,24661,3,5,2,4,2025-08-13
2478,24432,1,4,3,4,2025-08-13
2479,24601,4,4,4,1,2025-08-13
2480,24813,4,1,3,2,2025-08-14
2481,24307,4,4,3,4,2025-08-14
2482,24995,5,3,3,3,2025-08-16
2483,24970,3,4,2,2,2025-08-16
2484,24874,4,3,5,1,2025-08-19
2485,24404,1,5,1,3,2025-08-21
2486,24692,1,2,2,2,2025-08-21
2487,24950,1,2,1,4,2025-08-21
2488,24844,3,2,3,5,2025-08-21
2489,24888,5,1,5,2,2025-08-21
2490,24770,1,5,4,4,2025-08-21
2491,24884,5,1,3,5,2025-08-22
2492,24907,5,4,1,4,2025-08-23
2493,24682,2,3,3,2,2025-08-25
2494,24298,5,5,2,5,2025-08-28
2495,24830,2,4,3,3,2025-08-29
2496,24533,2,2,4,3,2025-08-31
2497,24623,4,4,2,4,2025-09-02
2498,24994,5,4,3,2,2025-09-02
2499,24898,4,4,1,4,2025-09-09
2500,24518,4,2,1,5,2025-09-14
